InputID,TargetID,Distância km,Tempo Médio Horas - Comercial,Tempo Médio Horas - Cargueiro
Aeroporto Internacional de Guarulhos,Aeroporto Internacional do Recife,2095,02:19 ~ 02:27,02:27 ~ 02:37
Aeroporto Internacional de Guarulhos,Aeroporto Internacional de Salvador,1448,01:36 ~ 01:42,01:42 ~ 01:48
Aeroporto Internacional de Guarulhos,Aeroporto Internacional de Natal,2294,02:32 ~ 02:41,02:41 ~ 02:52
Aeroporto Internacional de Guarulhos,Aeroporto Internacional de São Luís,2318,02:34 ~ 02:43,02:43 ~ 02:53
Aeroporto Internacional de Guarulhos,Aeroporto Internacional Pinto Martins,2337,02:35 ~ 02:44,02:44 ~ 02:55
Aeroporto Internacional de Guarulhos,Aeroporto Internacional de Nursultan Nazarbayev,13941,15:29 ~ 16:24,16:24 ~ 17:25
Aeroporto Internacional de Guarulhos,Aeroporto Internacional de Xangai Pudong,18581,20:38 ~ 21:51,21:51 ~ 23:13
Aeroporto Internacional de Guarulhos,Aeroporto Internacional de Pequim Capital,17578,19:31 ~ 20:40,20:40 ~ 21:58
Aeroporto Internacional de Guarulhos,Aeroporto Internacional de Pyongyang Sunan,18106,20:07 ~ 21:18,21:18 ~ 22:37
Aeroporto Internacional de Guarulhos,Aeroporto Internacional de Incheon,18312,20:20 ~ 21:32,21:32 ~ 22:53
Aeroporto Internacional de Guarulhos,Aeroporto Internacional Ninoy Aquino,18378,20:25 ~ 21:37,21:37 ~ 22:58
Aeroporto Internacional de Guarulhos,Aeroporto Internacional de Hong Kong,18018,20:01 ~ 21:11,21:11 ~ 22:31
Aeroporto Internacional de Guarulhos,Aeroporto Internacional Indira Gandhi,14403,16:00 ~ 16:56,16:56 ~ 18:00
Aeroporto Internacional de Guarulhos,Aeroporto Internacional Soekarno-Hatta (Jacarta),15633,17:22 ~ 18:23,18:23 ~ 19:32
Aeroporto Internacional de Guarulhos,Aeroporto Internacional Ngurah Rai (Bali),15929,17:41 ~ 18:44,18:44 ~ 19:54
Aeroporto Internacional de Guarulhos,Aeroporto Internacional de Narita (Tóquio),18490,20:32 ~ 21:45,21:45 ~ 23:06
Aeroporto Internacional de Guarulhos,Aeroporto Internacional de Haneda (Tóquio),18535,20:35 ~ 21:48,21:48 ~ 23:10
Aeroporto Internacional de Guarulhos,Aeroporto Internacional de Kansai (Osaka),18773,20:51 ~ 22:05,22:05 ~ 23:27
Aeroporto Internacional de Guarulhos,Aeroporto Internacional de Wattay (Vientiane),16756,18:37 ~ 19:42,19:42 ~ 20:56
Aeroporto Internacional de Guarulhos,Aeroporto Internacional de Kuala Lumpur (Sepang),15905,17:40 ~ 18:42,18:42 ~ 19:52
Aeroporto Internacional de Guarulhos,Aeroporto Internacional de Penang (Penang),15937,17:42 ~ 18:44,18:44 ~ 19:55
Aeroporto Internacional de Guarulhos,Aeroporto Internacional de Malé,13258,14:43 ~ 15:35,15:35 ~ 16:34
Aeroporto Internacional de Guarulhos,Aeroporto Internacional de Changi,16009,17:47 ~ 18:50,18:50 ~ 20:00
Aeroporto Internacional de Guarulhos,Aeroporto Internacional de Suvarnabhumi,16417,18:14 ~ 19:18,19:18 ~ 20:31
Aeroporto Internacional de Guarulhos,Aeroporto Internacional Don Mueang,16412,18:14 ~ 19:18,19:18 ~ 20:30
Aeroporto Internacional de Guarulhos,Aeroporto Internacional de Taiwan Taoyuan,18769,20:51 ~ 22:04,22:04 ~ 23:27
Aeroporto Internacional de Guarulhos,Aeroporto Internacional de Tan Son Nhat,16855,18:43 ~ 19:49,19:49 ~ 21:04
Aeroporto Internacional de Guarulhos,Aeroporto Internacional de Noi Bai,17171,19:04 ~ 20:12,20:12 ~ 21:27
Aeroporto Internacional de Guarulhos,Aeroporto de Frankfurt,9776,10:51 ~ 11:30,11:30 ~ 12:13
Aeroporto Internacional de Guarulhos,Aeroporto de Dublin,9355,10:23 ~ 11:00,11:00 ~ 11:41
Aeroporto Internacional de Guarulhos,Aeroporto de Varsóvia Chopin,10615,11:47 ~ 12:29,12:29 ~ 13:16
Aeroporto Internacional de Guarulhos,Aeroporto de Oslo-Gardermoen,10627,11:48 ~ 12:30,12:30 ~ 13:17
Aeroporto Internacional de Guarulhos,Aeroporto de Roma-Fiumicino,9414,10:27 ~ 11:04,11:04 ~ 11:46
Aeroporto Internacional de Guarulhos,Aeroporto de Milão-Malpensa,9464,10:30 ~ 11:08,11:08 ~ 11:49
Aeroporto Internacional de Guarulhos,Aeroporto de Praga,10098,11:13 ~ 11:52,11:52 ~ 12:37
Aeroporto Internacional de Guarulhos,Aeroporto de Heathrow (Londres),9436,10:29 ~ 11:06,11:06 ~ 11:47
Aeroporto Internacional de Guarulhos,Aeroporto de Gatwick (Londres),9421,10:28 ~ 11:05,11:05 ~ 11:46
Aeroporto Internacional de Guarulhos,Aeroporto Internacional de Budapeste Ferenc Liszt,10230,11:22 ~ 12:02,12:02 ~ 12:47
Aeroporto Internacional de Guarulhos,Aeroporto de Schiphol (Amsterdã),9751,10:50 ~ 11:28,11:28 ~ 12:11
Aeroporto Internacional de Guarulhos,Aeroporto Internacional de Boryspil (Kiev),11133,12:22 ~ 13:05,13:05 ~ 13:54
Aeroporto Internacional de Guarulhos,Aeroporto de Istambul,10536,11:42 ~ 12:23,12:23 ~ 13:10
Aeroporto Internacional de Guarulhos,Aeroporto de Zurique,9587,10:39 ~ 11:16,11:16 ~ 11:59
Aeroporto Internacional de Guarulhos,Aeroporto de Estocolmo-Arlanda,10900,12:06 ~ 12:49,12:49 ~ 13:37
Aeroporto Internacional de Guarulhos,Aeroporto Nikola Tesla (Belgrado),10141,11:16 ~ 11:55,11:55 ~ 12:40
Aeroporto Internacional de Guarulhos,Aeroporto Internacional Sheremetyevo (Moscou),11767,13:04 ~ 13:50,13:50 ~ 14:42
Aeroporto Internacional de Guarulhos,Aeroporto de Pulkovo (São Petersburgo),11520,12:48 ~ 13:33,13:33 ~ 14:24
Aeroporto Internacional de Guarulhos,Aeroporto Internacional Henri Coand? (Bucareste),10525,11:41 ~ 12:22,12:22 ~ 13:09
Aeroporto Internacional de Guarulhos,Aeroporto Humberto Delgado (Lisboa),7909,08:47 ~ 09:18,09:18 ~ 09:53
Aeroporto Internacional de Guarulhos,Aeroporto Francisco Sá Carneiro (Porto),8154,09:03 ~ 09:35,09:35 ~ 10:11
Aeroporto Internacional de Guarulhos,Aeroporto Internacional de Malta,9174,10:11 ~ 10:47,10:47 ~ 11:28
Aeroporto Internacional de Guarulhos,Aeroporto de Luxemburgo,9619,10:41 ~ 11:18,11:18 ~ 12:01
Aeroporto Internacional de Guarulhos,Aeroporto Internacional de Vilnius,11001,12:13 ~ 12:56,12:56 ~ 13:45
Aeroporto Internacional de Guarulhos,Aeroporto Internacional de Riga,11049,12:16 ~ 12:59,12:59 ~ 13:48
Aeroporto Internacional de Guarulhos,Aeroporto Internacional Madre Teresa (Tirana),9899,10:59 ~ 11:38,11:38 ~ 12:22
Aeroporto Internacional de Guarulhos,Aeroporto de Barcelona-El Prat (Espanha),8742,09:42 ~ 10:17,10:17 ~ 10:55
Aeroporto Internacional de Guarulhos,Aeroporto de Toulouse-Blagnac (França),8889,09:52 ~ 10:27,10:27 ~ 11:06
Aeroporto Internacional de Guarulhos,Aeroporto Internacional de Viena,10105,11:13 ~ 11:53,11:53 ~ 12:37
Aeroporto Internacional de Guarulhos,Aeroporto de Bruxelas,9628,10:41 ~ 11:19,11:19 ~ 12:02
Aeroporto Internacional de Guarulhos,Aeroporto de Sófia,10232,11:22 ~ 12:02,12:02 ~ 12:47
Aeroporto Internacional de Guarulhos,Aeroporto de Bratislava,10149,11:16 ~ 11:56,11:56 ~ 12:41
Aeroporto Internacional de Guarulhos,Aeroporto de Ljubljana Joe Pu?nik,9853,10:56 ~ 11:35,11:35 ~ 12:18
Aeroporto Internacional de Guarulhos,Aeroporto Adolfo Suárez Madrid-Barajas,8355,09:16 ~ 09:49,09:49 ~ 10:26
Aeroporto Internacional de Guarulhos,Aeroporto de Barcelona-El Prat,8743,09:42 ~ 10:17,10:17 ~ 10:55
Aeroporto Internacional de Guarulhos,Aeroporto de Tallinn,11222,12:28 ~ 13:12,13:12 ~ 14:01
Aeroporto Internacional de Guarulhos,Aeroporto de Vágar,10097,11:13 ~ 11:52,11:52 ~ 12:37
Aeroporto Internacional de Guarulhos,Aeroporto de Helsinque,11277,12:31 ~ 13:16,13:16 ~ 14:05
Aeroporto Internacional de Guarulhos,Aeroporto Internacional de Brasília,851,00:56 ~ 01:00,01:00 ~ 01:03
Aeroporto Internacional de Guarulhos,Aeroporto Internacional de Várzea Grande,1353,01:30 ~ 01:35,01:35 ~ 01:41
Aeroporto Internacional de Guarulhos,Aeroporto Internacional de Belém,2449,02:43 ~ 02:52,02:52 ~ 03:03
Aeroporto Internacional de Guarulhos,Aeroporto Internacional de Tabatinga,3078,03:25 ~ 03:37,03:37 ~ 03:50
Aeroporto Internacional de Guarulhos,Aeroporto Internacional de Manaus,2688,02:59 ~ 03:09,03:09 ~ 03:21
Aeroporto Internacional de Guarulhos,Aeroporto Internacional de Macapá,2644,02:56 ~ 03:06,03:06 ~ 03:18
Aeroporto Internacional de Guarulhos,Aeroporto Internacional de Fortaleza,2337,02:35 ~ 02:44,02:44 ~ 02:55
Aeroporto Internacional de Guarulhos,Aeroporto Internacional de Maceió,1961,02:10 ~ 02:18,02:18 ~ 02:27
Aeroporto Internacional de Guarulhos,Aeroporto Internacional de Aracaju,1705,01:53 ~ 02:00,02:00 ~ 02:07
Aeroporto Internacional de Guarulhos,Aeroporto Internacional de Belo Horizonte,538,00:35 ~ 00:37,00:37 ~ 00:40
Aeroporto Internacional de Guarulhos,Aeroporto Santos Dumont,344,00:22 ~ 00:24,00:24 ~ 00:25
Aeroporto Internacional de Guarulhos,Aeroporto Internacional do Rio de Janeiro,338,00:22 ~ 00:23,00:23 ~ 00:25
Aeroporto Internacional de Guarulhos,Aeroporto Internacional de Vitória,730,00:48 ~ 00:51,00:51 ~ 00:54
Aeroporto Internacional de Guarulhos,Aeroporto Internacional de São José dos Campos,65,00:04 ~ 00:04,00:04 ~ 00:04
Aeroporto Internacional de Guarulhos,Aeroporto Internacional de Viracopos,147,00:09 ~ 00:10,00:10 ~ 00:11
Aeroporto Internacional de Guarulhos,Aeroporto Internacional de Curitiba,340,00:22 ~ 00:24,00:24 ~ 00:25
Aeroporto Internacional de Guarulhos,Aeroporto Internacional de Florianópolis,514,00:34 ~ 00:36,00:36 ~ 00:38
Aeroporto Internacional de Guarulhos,Aeroporto Internacional de Navegantes,444,00:29 ~ 00:31,00:31 ~ 00:33
Aeroporto Internacional de Guarulhos,Aeroporto Internacional de Porto Alegre,864,00:57 ~ 01:00,01:00 ~ 01:04
Aeroporto Internacional de Guarulhos,Aeroporto de Copenhague,9327,10:21 ~ 10:58,10:58 ~ 11:39
Aeroporto Internacional de Guarulhos,Aeroporto Internacional Hartsfield-Jackson Atlanta,7487,08:19 ~ 08:48,08:48 ~ 09:21
Aeroporto Internacional de Guarulhos,Aeroporto de Teresina,2070,02:17 ~ 02:26,02:26 ~ 02:35
Aeroporto Internacional de Guarulhos,Aeroporto Internacional de João Pessoa,2183,02:25 ~ 02:34,02:34 ~ 02:43
Aeroporto Internacional do Recife,Aeroporto Internacional de Guarulhos,2095,02:19 ~ 02:27,02:27 ~ 02:37
Aeroporto Internacional do Recife,Aeroporto Internacional de Salvador,648,00:43 ~ 00:45,00:45 ~ 00:48
Aeroporto Internacional do Recife,Aeroporto Internacional de Natal,263,00:17 ~ 00:18,00:18 ~ 00:19
Aeroporto Internacional do Recife,Aeroporto Internacional de São Luís,1199,01:19 ~ 01:24,01:24 ~ 01:29
Aeroporto Internacional do Recife,Aeroporto Internacional Pinto Martins,625,00:41 ~ 00:44,00:44 ~ 00:46
Aeroporto Internacional do Recife,Aeroporto Internacional de Nursultan Nazarbayev,11852,13:10 ~ 13:56,13:56 ~ 14:48
Aeroporto Internacional do Recife,Aeroporto Internacional de Xangai Pudong,16506,18:20 ~ 19:25,19:25 ~ 20:37
Aeroporto Internacional do Recife,Aeroporto Internacional de Pequim Capital,15483,17:12 ~ 18:12,18:12 ~ 19:21
Aeroporto Internacional do Recife,Aeroporto Internacional de Pyongyang Sunan,16057,17:50 ~ 18:53,18:53 ~ 20:04
Aeroporto Internacional do Recife,Aeroporto Internacional de Incheon,16257,18:03 ~ 19:07,19:07 ~ 20:19
Aeroporto Internacional do Recife,Aeroporto Internacional Ninoy Aquino,17316,19:14 ~ 20:22,20:22 ~ 21:38
Aeroporto Internacional do Recife,Aeroporto Internacional de Hong Kong,16343,18:09 ~ 19:13,19:13 ~ 20:25
Aeroporto Internacional do Recife,Aeroporto Internacional Indira Gandhi,12594,13:59 ~ 14:48,14:48 ~ 15:44
Aeroporto Internacional do Recife,Aeroporto Internacional Soekarno-Hatta (Jacarta),15486,17:12 ~ 18:13,18:13 ~ 19:21
Aeroporto Internacional do Recife,Aeroporto Internacional Ngurah Rai (Bali),16223,18:01 ~ 19:05,19:05 ~ 20:16
Aeroporto Internacional do Recife,Aeroporto Internacional de Narita (Tóquio),16907,18:47 ~ 19:53,19:53 ~ 21:08
Aeroporto Internacional do Recife,Aeroporto Internacional de Haneda (Tóquio),16920,18:48 ~ 19:54,19:54 ~ 21:08
Aeroporto Internacional do Recife,Aeroporto Internacional de Kansai (Osaka),16924,18:48 ~ 19:54,19:54 ~ 21:09
Aeroporto Internacional do Recife,Aeroporto Internacional de Wattay (Vientiane),15307,17:00 ~ 18:00,18:00 ~ 19:08
Aeroporto Internacional do Recife,Aeroporto Internacional de Kuala Lumpur (Sepang),15196,16:53 ~ 17:52,17:52 ~ 18:59
Aeroporto Internacional do Recife,Aeroporto Internacional de Penang (Penang),15076,16:45 ~ 17:44,17:44 ~ 18:50
Aeroporto Internacional do Recife,Aeroporto Internacional de Malé,12114,13:27 ~ 14:15,14:15 ~ 15:08
Aeroporto Internacional do Recife,Aeroporto Internacional de Changi,15420,17:07 ~ 18:08,18:08 ~ 19:16
Aeroporto Internacional do Recife,Aeroporto Internacional de Suvarnabhumi,15157,16:50 ~ 17:49,17:49 ~ 18:56
Aeroporto Internacional do Recife,Aeroporto Internacional Don Mueang,15140,16:49 ~ 17:48,17:48 ~ 18:55
Aeroporto Internacional do Recife,Aeroporto Internacional de Taiwan Taoyuan,16872,18:44 ~ 19:50,19:50 ~ 21:05
Aeroporto Internacional do Recife,Aeroporto Internacional de Tan Son Nhat,15809,17:33 ~ 18:35,18:35 ~ 19:45
Aeroporto Internacional do Recife,Aeroporto Internacional de Noi Bai,15576,17:18 ~ 18:19,18:19 ~ 19:28
Aeroporto Internacional do Recife,Aeroporto de Frankfurt,7693,08:32 ~ 09:03,09:03 ~ 09:36
Aeroporto Internacional do Recife,Aeroporto de Dublin,7337,08:09 ~ 08:37,08:37 ~ 09:10
Aeroporto Internacional do Recife,Aeroporto de Varsóvia Chopin,8523,09:28 ~ 10:01,10:01 ~ 10:39
Aeroporto Internacional do Recife,Aeroporto de Oslo-Gardermoen,8585,09:32 ~ 10:05,10:05 ~ 10:43
Aeroporto Internacional do Recife,Aeroporto de Roma-Fiumicino,7320,08:07 ~ 08:36,08:36 ~ 09:09
Aeroporto Internacional do Recife,Aeroporto de Milão-Malpensa,7371,08:11 ~ 08:40,08:40 ~ 09:12
Aeroporto Internacional do Recife,Aeroporto de Praga,8007,08:53 ~ 09:25,09:25 ~ 10:00
Aeroporto Internacional do Recife,Aeroporto de Heathrow (Londres),7382,08:12 ~ 08:41,08:41 ~ 09:13
Aeroporto Internacional do Recife,Aeroporto de Gatwick (Londres),7365,08:11 ~ 08:39,08:39 ~ 09:12
Aeroporto Internacional do Recife,Aeroporto Internacional de Budapeste Ferenc Liszt,8135,09:02 ~ 09:34,09:34 ~ 10:10
Aeroporto Internacional do Recife,Aeroporto de Schiphol (Amsterdã),7685,08:32 ~ 09:02,09:02 ~ 09:36
Aeroporto Internacional do Recife,Aeroporto Internacional de Boryspil (Kiev),9039,10:02 ~ 10:38,10:38 ~ 11:17
Aeroporto Internacional do Recife,Aeroporto de Istambul,8469,09:24 ~ 09:57,09:57 ~ 10:35
Aeroporto Internacional do Recife,Aeroporto de Zurique,7497,08:19 ~ 08:49,08:49 ~ 09:22
Aeroporto Internacional do Recife,Aeroporto de Estocolmo-Arlanda,8839,09:49 ~ 10:23,10:23 ~ 11:02
Aeroporto Internacional do Recife,Aeroporto Nikola Tesla (Belgrado),8048,08:56 ~ 09:28,09:28 ~ 10:03
Aeroporto Internacional do Recife,Aeroporto Internacional Sheremetyevo (Moscou),9673,10:44 ~ 11:22,11:22 ~ 12:05
Aeroporto Internacional do Recife,Aeroporto de Pulkovo (São Petersburgo),9442,10:29 ~ 11:06,11:06 ~ 11:48
Aeroporto Internacional do Recife,Aeroporto Internacional Henri Coand? (Bucareste),8438,09:22 ~ 09:55,09:55 ~ 10:32
Aeroporto Internacional do Recife,Aeroporto Humberto Delgado (Lisboa),5837,06:29 ~ 06:52,06:52 ~ 07:17
Aeroporto Internacional do Recife,Aeroporto Francisco Sá Carneiro (Porto),6089,06:45 ~ 07:09,07:09 ~ 07:36
Aeroporto Internacional do Recife,Aeroporto Internacional de Malta,7100,07:53 ~ 08:21,08:21 ~ 08:52
Aeroporto Internacional do Recife,Aeroporto de Luxemburgo,7539,08:22 ~ 08:52,08:52 ~ 09:25
Aeroporto Internacional do Recife,Aeroporto Internacional de Vilnius,8911,09:54 ~ 10:29,10:29 ~ 11:08
Aeroporto Internacional do Recife,Aeroporto Internacional de Riga,8966,09:57 ~ 10:32,10:32 ~ 11:12
Aeroporto Internacional do Recife,Aeroporto Internacional Madre Teresa (Tirana),7814,08:40 ~ 09:11,09:11 ~ 09:46
Aeroporto Internacional do Recife,Aeroporto de Barcelona-El Prat (Espanha),6650,07:23 ~ 07:49,07:49 ~ 08:18
Aeroporto Internacional do Recife,Aeroporto de Toulouse-Blagnac (França),6802,07:33 ~ 08:00,08:00 ~ 08:30
Aeroporto Internacional do Recife,Aeroporto Internacional de Viena,8010,08:54 ~ 09:25,09:25 ~ 10:00
Aeroporto Internacional do Recife,Aeroporto de Bruxelas,7557,08:23 ~ 08:53,08:53 ~ 09:26
Aeroporto Internacional do Recife,Aeroporto de Sófia,8148,09:03 ~ 09:35,09:35 ~ 10:11
Aeroporto Internacional do Recife,Aeroporto de Bratislava,8054,08:56 ~ 09:28,09:28 ~ 10:04
Aeroporto Internacional do Recife,Aeroporto de Ljubljana Joe Pu?nik,7757,08:37 ~ 09:07,09:07 ~ 09:41
Aeroporto Internacional do Recife,Aeroporto Adolfo Suárez Madrid-Barajas,6271,06:58 ~ 07:22,07:22 ~ 07:50
Aeroporto Internacional do Recife,Aeroporto de Barcelona-El Prat,6650,07:23 ~ 07:49,07:49 ~ 08:18
Aeroporto Internacional do Recife,Aeroporto de Tallinn,9149,10:09 ~ 10:45,10:45 ~ 11:26
Aeroporto Internacional do Recife,Aeroporto de Vágar,8140,09:02 ~ 09:34,09:34 ~ 10:10
Aeroporto Internacional do Recife,Aeroporto de Helsinque,9208,10:13 ~ 10:49,10:49 ~ 11:30
Aeroporto Internacional do Recife,Aeroporto Internacional de Brasília,1655,01:50 ~ 01:56,01:56 ~ 02:04
Aeroporto Internacional do Recife,Aeroporto Internacional de Várzea Grande,2484,02:45 ~ 02:55,02:55 ~ 03:06
Aeroporto Internacional do Recife,Aeroporto Internacional de Belém,1678,01:51 ~ 01:58,01:58 ~ 02:05
Aeroporto Internacional do Recife,Aeroporto Internacional de Tabatinga,3510,03:53 ~ 04:07,04:07 ~ 04:23
Aeroporto Internacional do Recife,Aeroporto Internacional de Manaus,2839,03:09 ~ 03:20,03:20 ~ 03:32
Aeroporto Internacional do Recife,Aeroporto Internacional de Macapá,2006,02:13 ~ 02:21,02:21 ~ 02:30
Aeroporto Internacional do Recife,Aeroporto Internacional de Fortaleza,626,00:41 ~ 00:44,00:44 ~ 00:46
Aeroporto Internacional do Recife,Aeroporto Internacional de Maceió,136,00:09 ~ 00:09,00:09 ~ 00:10
Aeroporto Internacional do Recife,Aeroporto Internacional de Aracaju,391,00:26 ~ 00:27,00:27 ~ 00:29
Aeroporto Internacional do Recife,Aeroporto Internacional de Belo Horizonte,1557,01:43 ~ 01:49,01:49 ~ 01:56
Aeroporto Internacional do Recife,Aeroporto Santos Dumont,1858,02:03 ~ 02:11,02:11 ~ 02:19
Aeroporto Internacional do Recife,Aeroporto Internacional do Rio de Janeiro,1853,02:03 ~ 02:10,02:10 ~ 02:18
Aeroporto Internacional do Recife,Aeroporto Internacional de Vitória,1462,01:37 ~ 01:43,01:43 ~ 01:49
Aeroporto Internacional do Recife,Aeroporto Internacional de São José dos Campos,2038,02:15 ~ 02:23,02:23 ~ 02:32
Aeroporto Internacional do Recife,Aeroporto Internacional de Viracopos,2167,02:24 ~ 02:32,02:32 ~ 02:42
Aeroporto Internacional do Recife,Aeroporto Internacional de Curitiba,2425,02:41 ~ 02:51,02:51 ~ 03:01
Aeroporto Internacional do Recife,Aeroporto Internacional de Florianópolis,2596,02:53 ~ 03:03,03:03 ~ 03:14
Aeroporto Internacional do Recife,Aeroporto Internacional de Navegantes,2535,02:49 ~ 02:58,02:58 ~ 03:10
Aeroporto Internacional do Recife,Aeroporto Internacional de Porto Alegre,2956,03:17 ~ 03:28,03:28 ~ 03:41
Aeroporto Internacional do Recife,Aeroporto de Copenhague,7359,08:10 ~ 08:39,08:39 ~ 09:11
Aeroporto Internacional do Recife,Aeroporto Internacional Hartsfield-Jackson Atlanta,6975,07:45 ~ 08:12,08:12 ~ 08:43
Aeroporto Internacional do Recife,Aeroporto de Teresina,937,01:02 ~ 01:06,01:06 ~ 01:10
Aeroporto Internacional do Recife,Aeroporto Internacional de João Pessoa,108,00:07 ~ 00:07,00:07 ~ 00:08
Aeroporto Internacional de Salvador,Aeroporto Internacional de Guarulhos,1448,01:36 ~ 01:42,01:42 ~ 01:48
Aeroporto Internacional de Salvador,Aeroporto Internacional do Recife,648,00:43 ~ 00:45,00:45 ~ 00:48
Aeroporto Internacional de Salvador,Aeroporto Internacional de Natal,858,00:57 ~ 01:00,01:00 ~ 01:04
Aeroporto Internacional de Salvador,Aeroporto Internacional de São Luís,1313,01:27 ~ 01:32,01:32 ~ 01:38
Aeroporto Internacional de Salvador,Aeroporto Internacional Pinto Martins,1011,01:07 ~ 01:11,01:11 ~ 01:15
Aeroporto Internacional de Salvador,Aeroporto Internacional de Nursultan Nazarbayev,12498,13:53 ~ 14:42,14:42 ~ 15:37
Aeroporto Internacional de Salvador,Aeroporto Internacional de Xangai Pudong,17150,19:03 ~ 20:10,20:10 ~ 21:26
Aeroporto Internacional de Salvador,Aeroporto Internacional de Pequim Capital,16130,17:55 ~ 18:58,18:58 ~ 20:09
Aeroporto Internacional de Salvador,Aeroporto Internacional de Pyongyang Sunan,16696,18:33 ~ 19:38,19:38 ~ 20:52
Aeroporto Internacional de Salvador,Aeroporto Internacional de Incheon,16898,18:46 ~ 19:52,19:52 ~ 21:07
Aeroporto Internacional de Salvador,Aeroporto Internacional Ninoy Aquino,17795,19:46 ~ 20:56,20:56 ~ 22:14
Aeroporto Internacional de Salvador,Aeroporto Internacional de Hong Kong,16913,18:47 ~ 19:53,19:53 ~ 21:08
Aeroporto Internacional de Salvador,Aeroporto Internacional Indira Gandhi,13165,14:37 ~ 15:29,15:29 ~ 16:27
Aeroporto Internacional de Salvador,Aeroporto Internacional Soekarno-Hatta (Jacarta),15621,17:21 ~ 18:22,18:22 ~ 19:31
Aeroporto Internacional de Salvador,Aeroporto Internacional Ngurah Rai (Bali),16239,18:02 ~ 19:06,19:06 ~ 20:17
Aeroporto Internacional de Salvador,Aeroporto Internacional de Narita (Tóquio),17469,19:24 ~ 20:33,20:33 ~ 21:50
Aeroporto Internacional de Salvador,Aeroporto Internacional de Haneda (Tóquio),17489,19:25 ~ 20:34,20:34 ~ 21:51
Aeroporto Internacional de Salvador,Aeroporto Internacional de Kansai (Osaka),17535,19:29 ~ 20:37,20:37 ~ 21:55
Aeroporto Internacional de Salvador,Aeroporto Internacional de Wattay (Vientiane),15807,17:33 ~ 18:35,18:35 ~ 19:45
Aeroporto Internacional de Salvador,Aeroporto Internacional de Kuala Lumpur (Sepang),15493,17:12 ~ 18:13,18:13 ~ 19:21
Aeroporto Internacional de Salvador,Aeroporto Internacional de Penang (Penang),15414,17:07 ~ 18:08,18:08 ~ 19:16
Aeroporto Internacional de Salvador,Aeroporto Internacional de Malé,12491,13:52 ~ 14:41,14:41 ~ 15:36
Aeroporto Internacional de Salvador,Aeroporto Internacional de Changi,15688,17:25 ~ 18:27,18:27 ~ 19:36
Aeroporto Internacional de Salvador,Aeroporto Internacional de Suvarnabhumi,15606,17:20 ~ 18:21,18:21 ~ 19:30
Aeroporto Internacional de Salvador,Aeroporto Internacional Don Mueang,15592,17:19 ~ 18:20,18:20 ~ 19:29
Aeroporto Internacional de Salvador,Aeroporto Internacional de Taiwan Taoyuan,17491,19:26 ~ 20:34,20:34 ~ 21:51
Aeroporto Internacional de Salvador,Aeroporto Internacional de Tan Son Nhat,16216,18:01 ~ 19:04,19:04 ~ 20:16
Aeroporto Internacional de Salvador,Aeroporto Internacional de Noi Bai,16116,17:54 ~ 18:57,18:57 ~ 20:08
Aeroporto Internacional de Salvador,Aeroporto de Frankfurt,8336,09:15 ~ 09:48,09:48 ~ 10:25
Aeroporto Internacional de Salvador,Aeroporto de Dublin,7959,08:50 ~ 09:21,09:21 ~ 09:56
Aeroporto Internacional de Salvador,Aeroporto de Varsóvia Chopin,9170,10:11 ~ 10:47,10:47 ~ 11:27
Aeroporto Internacional de Salvador,Aeroporto de Oslo-Gardermoen,9216,10:14 ~ 10:50,10:50 ~ 11:31
Aeroporto Internacional de Salvador,Aeroporto de Roma-Fiumicino,7967,08:51 ~ 09:22,09:22 ~ 09:57
Aeroporto Internacional de Salvador,Aeroporto de Milão-Malpensa,8018,08:54 ~ 09:25,09:25 ~ 10:01
Aeroporto Internacional de Salvador,Aeroporto de Praga,8653,09:36 ~ 10:10,10:10 ~ 10:48
Aeroporto Internacional de Salvador,Aeroporto de Heathrow (Londres),8016,08:54 ~ 09:25,09:25 ~ 10:01
Aeroporto Internacional de Salvador,Aeroporto de Gatwick (Londres),7999,08:53 ~ 09:24,09:24 ~ 09:59
Aeroporto Internacional de Salvador,Aeroporto Internacional de Budapeste Ferenc Liszt,8783,09:45 ~ 10:19,10:19 ~ 10:58
Aeroporto Internacional de Salvador,Aeroporto de Schiphol (Amsterdã),8323,09:14 ~ 09:47,09:47 ~ 10:24
Aeroporto Internacional de Salvador,Aeroporto Internacional de Boryspil (Kiev),9686,10:45 ~ 11:23,11:23 ~ 12:06
Aeroporto Internacional de Salvador,Aeroporto de Istambul,9108,10:07 ~ 10:42,10:42 ~ 11:23
Aeroporto Internacional de Salvador,Aeroporto de Zurique,8143,09:02 ~ 09:34,09:34 ~ 10:10
Aeroporto Internacional de Salvador,Aeroporto de Estocolmo-Arlanda,9475,10:31 ~ 11:08,11:08 ~ 11:50
Aeroporto Internacional de Salvador,Aeroporto Nikola Tesla (Belgrado),8695,09:39 ~ 10:13,10:13 ~ 10:52
Aeroporto Internacional de Salvador,Aeroporto Internacional Sheremetyevo (Moscou),10320,11:28 ~ 12:08,12:08 ~ 12:54
Aeroporto Internacional de Salvador,Aeroporto de Pulkovo (São Petersburgo),10084,11:12 ~ 11:51,11:51 ~ 12:36
Aeroporto Internacional de Salvador,Aeroporto Internacional Henri Coand? (Bucareste),9083,10:05 ~ 10:41,10:41 ~ 11:21
Aeroporto Internacional de Salvador,Aeroporto Humberto Delgado (Lisboa),6477,07:11 ~ 07:37,07:37 ~ 08:05
Aeroporto Internacional de Salvador,Aeroporto Francisco Sá Carneiro (Porto),6726,07:28 ~ 07:54,07:54 ~ 08:24
Aeroporto Internacional de Salvador,Aeroporto Internacional de Malta,7741,08:36 ~ 09:06,09:06 ~ 09:40
Aeroporto Internacional de Salvador,Aeroporto de Luxemburgo,8182,09:05 ~ 09:37,09:37 ~ 10:13
Aeroporto Internacional de Salvador,Aeroporto Internacional de Vilnius,9557,10:37 ~ 11:14,11:14 ~ 11:56
Aeroporto Internacional de Salvador,Aeroporto Internacional de Riga,9610,10:40 ~ 11:18,11:18 ~ 12:00
Aeroporto Internacional de Salvador,Aeroporto Internacional Madre Teresa (Tirana),8459,09:23 ~ 09:57,09:57 ~ 10:34
Aeroporto Internacional de Salvador,Aeroporto de Barcelona-El Prat (Espanha),7296,08:06 ~ 08:35,08:35 ~ 09:07
Aeroporto Internacional de Salvador,Aeroporto de Toulouse-Blagnac (França),7447,08:16 ~ 08:45,08:45 ~ 09:18
Aeroporto Internacional de Salvador,Aeroporto Internacional de Viena,8658,09:37 ~ 10:11,10:11 ~ 10:49
Aeroporto Internacional de Salvador,Aeroporto de Bruxelas,8196,09:06 ~ 09:38,09:38 ~ 10:14
Aeroporto Internacional de Salvador,Aeroporto de Sófia,8793,09:46 ~ 10:20,10:20 ~ 10:59
Aeroporto Internacional de Salvador,Aeroporto de Bratislava,8701,09:40 ~ 10:14,10:14 ~ 10:52
Aeroporto Internacional de Salvador,Aeroporto de Ljubljana Joe Pu?nik,8405,09:20 ~ 09:53,09:53 ~ 10:30
Aeroporto Internacional de Salvador,Aeroporto Adolfo Suárez Madrid-Barajas,6915,07:41 ~ 08:08,08:08 ~ 08:38
Aeroporto Internacional de Salvador,Aeroporto de Barcelona-El Prat,7297,08:06 ~ 08:35,08:35 ~ 09:07
Aeroporto Internacional de Salvador,Aeroporto de Tallinn,9790,10:52 ~ 11:31,11:31 ~ 12:14
Aeroporto Internacional de Salvador,Aeroporto de Vágar,8743,09:42 ~ 10:17,10:17 ~ 10:55
Aeroporto Internacional de Salvador,Aeroporto de Helsinque,9847,10:56 ~ 11:35,11:35 ~ 12:18
Aeroporto Internacional de Salvador,Aeroporto Internacional de Brasília,1086,01:12 ~ 01:16,01:16 ~ 01:21
Aeroporto Internacional de Salvador,Aeroporto Internacional de Várzea Grande,1976,02:11 ~ 02:19,02:19 ~ 02:28
Aeroporto Internacional de Salvador,Aeroporto Internacional de Belém,1697,01:53 ~ 01:59,01:59 ~ 02:07
Aeroporto Internacional de Salvador,Aeroporto Internacional de Tabatinga,3251,03:36 ~ 03:49,03:49 ~ 04:03
Aeroporto Internacional de Salvador,Aeroporto Internacional de Manaus,2629,02:55 ~ 03:05,03:05 ~ 03:17
Aeroporto Internacional de Salvador,Aeroporto Internacional de Macapá,2007,02:13 ~ 02:21,02:21 ~ 02:30
Aeroporto Internacional de Salvador,Aeroporto Internacional de Fortaleza,1011,01:07 ~ 01:11,01:11 ~ 01:15
Aeroporto Internacional de Salvador,Aeroporto Internacional de Maceió,513,00:34 ~ 00:36,00:36 ~ 00:38
Aeroporto Internacional de Salvador,Aeroporto Internacional de Aracaju,257,00:17 ~ 00:18,00:18 ~ 00:19
Aeroporto Internacional de Salvador,Aeroporto Internacional de Belo Horizonte,909,01:00 ~ 01:04,01:04 ~ 01:08
Aeroporto Internacional de Salvador,Aeroporto Santos Dumont,1219,01:21 ~ 01:26,01:26 ~ 01:31
Aeroporto Internacional de Salvador,Aeroporto Internacional do Rio de Janeiro,1213,01:20 ~ 01:25,01:25 ~ 01:30
Aeroporto Internacional de Salvador,Aeroporto Internacional de Vitória,839,00:55 ~ 00:59,00:59 ~ 01:02
Aeroporto Internacional de Salvador,Aeroporto Internacional de São José dos Campos,1391,01:32 ~ 01:38,01:38 ~ 01:44
Aeroporto Internacional de Salvador,Aeroporto Internacional de Viracopos,1521,01:41 ~ 01:47,01:47 ~ 01:54
Aeroporto Internacional de Salvador,Aeroporto Internacional de Curitiba,1778,01:58 ~ 02:05,02:05 ~ 02:13
Aeroporto Internacional de Salvador,Aeroporto Internacional de Florianópolis,1949,02:09 ~ 02:17,02:17 ~ 02:26
Aeroporto Internacional de Salvador,Aeroporto Internacional de Navegantes,1888,02:05 ~ 02:13,02:13 ~ 02:21
Aeroporto Internacional de Salvador,Aeroporto Internacional de Porto Alegre,2309,02:33 ~ 02:42,02:42 ~ 02:53
Aeroporto Internacional de Salvador,Aeroporto de Copenhague,7965,08:50 ~ 09:22,09:22 ~ 09:57
Aeroporto Internacional de Salvador,Aeroporto Internacional Hartsfield-Jackson Atlanta,7099,07:53 ~ 08:21,08:21 ~ 08:52
Aeroporto Internacional de Salvador,Aeroporto de Teresina,999,01:06 ~ 01:10,01:10 ~ 01:14
Aeroporto Internacional de Salvador,Aeroporto Internacional de João Pessoa,737,00:49 ~ 00:52,00:52 ~ 00:55
Aeroporto Internacional de Natal,Aeroporto Internacional de Guarulhos,2294,02:32 ~ 02:41,02:41 ~ 02:52
Aeroporto Internacional de Natal,Aeroporto Internacional do Recife,263,00:17 ~ 00:18,00:18 ~ 00:19
Aeroporto Internacional de Natal,Aeroporto Internacional de Salvador,858,00:57 ~ 01:00,01:00 ~ 01:04
Aeroporto Internacional de Natal,Aeroporto Internacional de São Luís,1056,01:10 ~ 01:14,01:14 ~ 01:19
Aeroporto Internacional de Natal,Aeroporto Internacional Pinto Martins,425,00:28 ~ 00:30,00:30 ~ 00:31
Aeroporto Internacional de Natal,Aeroporto Internacional de Nursultan Nazarbayev,11673,12:58 ~ 13:43,13:43 ~ 14:35
Aeroporto Internacional de Natal,Aeroporto Internacional de Xangai Pudong,16326,18:08 ~ 19:12,19:12 ~ 20:24
Aeroporto Internacional de Natal,Aeroporto Internacional de Pequim Capital,15285,16:59 ~ 17:58,17:58 ~ 19:06
Aeroporto Internacional de Natal,Aeroporto Internacional de Pyongyang Sunan,15838,17:35 ~ 18:37,18:37 ~ 19:47
Aeroporto Internacional de Natal,Aeroporto Internacional de Incheon,16040,17:49 ~ 18:52,18:52 ~ 20:03
Aeroporto Internacional de Natal,Aeroporto Internacional Ninoy Aquino,17262,19:10 ~ 20:18,20:18 ~ 21:34
Aeroporto Internacional de Natal,Aeroporto Internacional de Hong Kong,16242,18:02 ~ 19:06,19:06 ~ 20:18
Aeroporto Internacional de Natal,Aeroporto Internacional Indira Gandhi,12504,13:53 ~ 14:42,14:42 ~ 15:37
Aeroporto Internacional de Natal,Aeroporto Internacional Soekarno-Hatta (Jacarta),15602,17:20 ~ 18:21,18:21 ~ 19:30
Aeroporto Internacional de Natal,Aeroporto Internacional Ngurah Rai (Bali),16376,18:11 ~ 19:15,19:15 ~ 20:28
Aeroporto Internacional de Natal,Aeroporto Internacional de Narita (Tóquio),16654,18:30 ~ 19:35,19:35 ~ 20:49
Aeroporto Internacional de Natal,Aeroporto Internacional de Haneda (Tóquio),16668,18:31 ~ 19:36,19:36 ~ 20:50
Aeroporto Internacional de Natal,Aeroporto Internacional de Kansai (Osaka),16685,18:32 ~ 19:37,19:37 ~ 20:51
Aeroporto Internacional de Natal,Aeroporto Internacional de Wattay (Vientiane),15257,16:57 ~ 17:56,17:56 ~ 19:04
Aeroporto Internacional de Natal,Aeroporto Internacional de Kuala Lumpur (Sepang),15248,16:56 ~ 17:56,17:56 ~ 19:03
Aeroporto Internacional de Natal,Aeroporto Internacional de Penang (Penang),15111,16:47 ~ 17:46,17:46 ~ 18:53
Aeroporto Internacional de Natal,Aeroporto Internacional de Malé,12142,13:29 ~ 14:17,14:17 ~ 15:10
Aeroporto Internacional de Natal,Aeroporto Internacional de Changi,15484,17:12 ~ 18:12,18:12 ~ 19:21
Aeroporto Internacional de Natal,Aeroporto Internacional de Suvarnabhumi,15136,16:49 ~ 17:48,17:48 ~ 18:55
Aeroporto Internacional de Natal,Aeroporto Internacional Don Mueang,15118,16:47 ~ 17:47,17:47 ~ 18:53
Aeroporto Internacional de Natal,Aeroporto Internacional de Taiwan Taoyuan,16727,18:35 ~ 19:40,19:40 ~ 20:54
Aeroporto Internacional de Natal,Aeroporto Internacional de Tan Son Nhat,15806,17:33 ~ 18:35,18:35 ~ 19:45
Aeroporto Internacional de Natal,Aeroporto Internacional de Noi Bai,15501,17:13 ~ 18:14,18:14 ~ 19:22
Aeroporto Internacional de Natal,Aeroporto de Frankfurt,7482,08:18 ~ 08:48,08:48 ~ 09:21
Aeroporto Internacional de Natal,Aeroporto de Dublin,7103,07:53 ~ 08:21,08:21 ~ 08:52
Aeroporto Internacional de Natal,Aeroporto de Varsóvia Chopin,8322,09:14 ~ 09:47,09:47 ~ 10:24
Aeroporto Internacional de Natal,Aeroporto de Oslo-Gardermoen,8357,09:17 ~ 09:49,09:49 ~ 10:26
Aeroporto Internacional de Natal,Aeroporto de Roma-Fiumicino,7136,07:55 ~ 08:23,08:23 ~ 08:55
Aeroporto Internacional de Natal,Aeroporto de Milão-Malpensa,7171,07:58 ~ 08:26,08:26 ~ 08:57
Aeroporto Internacional de Natal,Aeroporto de Praga,7804,08:40 ~ 09:10,09:10 ~ 09:45
Aeroporto Internacional de Natal,Aeroporto de Heathrow (Londres),7157,07:57 ~ 08:25,08:25 ~ 08:56
Aeroporto Internacional de Natal,Aeroporto de Gatwick (Londres),7141,07:56 ~ 08:24,08:24 ~ 08:55
Aeroporto Internacional de Natal,Aeroporto Internacional de Budapeste Ferenc Liszt,7944,08:49 ~ 09:20,09:20 ~ 09:55
Aeroporto Internacional de Natal,Aeroporto de Schiphol (Amsterdã),7465,08:17 ~ 08:46,08:46 ~ 09:19
Aeroporto Internacional de Natal,Aeroporto Internacional de Boryspil (Kiev),8851,09:50 ~ 10:24,10:24 ~ 11:03
Aeroporto Internacional de Natal,Aeroporto de Istambul,8309,09:13 ~ 09:46,09:46 ~ 10:23
Aeroporto Internacional de Natal,Aeroporto de Zurique,7293,08:06 ~ 08:34,08:34 ~ 09:06
Aeroporto Internacional de Natal,Aeroporto de Estocolmo-Arlanda,8617,09:34 ~ 10:08,10:08 ~ 10:46
Aeroporto Internacional de Natal,Aeroporto Nikola Tesla (Belgrado),7866,08:44 ~ 09:15,09:15 ~ 09:49
Aeroporto Internacional de Natal,Aeroporto Internacional Sheremetyevo (Moscou),9474,10:31 ~ 11:08,11:08 ~ 11:50
Aeroporto Internacional de Natal,Aeroporto de Pulkovo (São Petersburgo),9228,10:15 ~ 10:51,10:51 ~ 11:32
Aeroporto Internacional de Natal,Aeroporto Internacional Henri Coand? (Bucareste),8264,09:10 ~ 09:43,09:43 ~ 10:19
Aeroporto Internacional de Natal,Aeroporto Humberto Delgado (Lisboa),5620,06:14 ~ 06:36,06:36 ~ 07:01
Aeroporto Internacional de Natal,Aeroporto Francisco Sá Carneiro (Porto),5868,06:31 ~ 06:54,06:54 ~ 07:20
Aeroporto Internacional de Natal,Aeroporto Internacional de Malta,6938,07:42 ~ 08:09,08:09 ~ 08:40
Aeroporto Internacional de Natal,Aeroporto de Luxemburgo,7327,08:08 ~ 08:37,08:37 ~ 09:09
Aeroporto Internacional de Natal,Aeroporto Internacional de Vilnius,8707,09:40 ~ 10:14,10:14 ~ 10:53
Aeroporto Internacional de Natal,Aeroporto Internacional de Riga,8756,09:43 ~ 10:18,10:18 ~ 10:56
Aeroporto Internacional de Natal,Aeroporto Internacional Madre Teresa (Tirana),7642,08:29 ~ 08:59,08:59 ~ 09:33
Aeroporto Internacional de Natal,Aeroporto de Barcelona-El Prat (Espanha),6449,07:09 ~ 07:35,07:35 ~ 08:03
Aeroporto Internacional de Natal,Aeroporto de Toulouse-Blagnac (França),6595,07:19 ~ 07:45,07:45 ~ 08:14
Aeroporto Internacional de Natal,Aeroporto Internacional de Viena,7815,08:41 ~ 09:11,09:11 ~ 09:46
Aeroporto Internacional de Natal,Aeroporto de Bruxelas,7339,08:09 ~ 08:38,08:38 ~ 09:10
Aeroporto Internacional de Natal,Aeroporto de Sófia,7977,08:51 ~ 09:23,09:23 ~ 09:58
Aeroporto Internacional de Natal,Aeroporto de Bratislava,7859,08:43 ~ 09:14,09:14 ~ 09:49
Aeroporto Internacional de Natal,Aeroporto de Ljubljana Joe Pu?nik,7564,08:24 ~ 08:53,08:53 ~ 09:27
Aeroporto Internacional de Natal,Aeroporto Adolfo Suárez Madrid-Barajas,6061,06:44 ~ 07:07,07:07 ~ 07:34
Aeroporto Internacional de Natal,Aeroporto de Barcelona-El Prat,6450,07:10 ~ 07:35,07:35 ~ 08:03
Aeroporto Internacional de Natal,Aeroporto de Tallinn,8933,09:55 ~ 10:30,10:30 ~ 11:09
Aeroporto Internacional de Natal,Aeroporto de Vágar,7896,08:46 ~ 09:17,09:17 ~ 09:52
Aeroporto Internacional de Natal,Aeroporto de Helsinque,8990,09:59 ~ 10:34,10:34 ~ 11:14
Aeroporto Internacional de Natal,Aeroporto Internacional de Brasília,1778,01:58 ~ 02:05,02:05 ~ 02:13
Aeroporto Internacional de Natal,Aeroporto Internacional de Várzea Grande,2557,02:50 ~ 03:00,03:00 ~ 03:11
Aeroporto Internacional de Natal,Aeroporto Internacional de Belém,1547,01:43 ~ 01:49,01:49 ~ 01:56
Aeroporto Internacional de Natal,Aeroporto Internacional de Tabatinga,3451,03:50 ~ 04:03,04:03 ~ 04:18
Aeroporto Internacional de Natal,Aeroporto Internacional de Manaus,2768,03:04 ~ 03:15,03:15 ~ 03:27
Aeroporto Internacional de Natal,Aeroporto Internacional de Macapá,1871,02:04 ~ 02:12,02:12 ~ 02:20
Aeroporto Internacional de Natal,Aeroporto Internacional de Fortaleza,426,00:28 ~ 00:30,00:30 ~ 00:31
Aeroporto Internacional de Natal,Aeroporto Internacional de Maceió,365,00:24 ~ 00:25,00:25 ~ 00:27
Aeroporto Internacional de Natal,Aeroporto Internacional de Aracaju,606,00:40 ~ 00:42,00:42 ~ 00:45
Aeroporto Internacional de Natal,Aeroporto Internacional de Belo Horizonte,1759,01:57 ~ 02:04,02:04 ~ 02:11
Aeroporto Internacional de Natal,Aeroporto Santos Dumont,2078,02:18 ~ 02:26,02:26 ~ 02:35
Aeroporto Internacional de Natal,Aeroporto Internacional do Rio de Janeiro,2071,02:18 ~ 02:26,02:26 ~ 02:35
Aeroporto Internacional de Natal,Aeroporto Internacional de Vitória,1692,01:52 ~ 01:59,01:59 ~ 02:06
Aeroporto Internacional de Natal,Aeroporto Internacional de São José dos Campos,2240,02:29 ~ 02:38,02:38 ~ 02:47
Aeroporto Internacional de Natal,Aeroporto Internacional de Viracopos,2356,02:37 ~ 02:46,02:46 ~ 02:56
Aeroporto Internacional de Natal,Aeroporto Internacional de Curitiba,2617,02:54 ~ 03:04,03:04 ~ 03:16
Aeroporto Internacional de Natal,Aeroporto Internacional de Florianópolis,2802,03:06 ~ 03:17,03:17 ~ 03:30
Aeroporto Internacional de Natal,Aeroporto Internacional de Navegantes,2738,03:02 ~ 03:13,03:13 ~ 03:25
Aeroporto Internacional de Natal,Aeroporto Internacional de Porto Alegre,3158,03:30 ~ 03:42,03:42 ~ 03:56
Aeroporto Internacional de Natal,Aeroporto de Copenhague,7116,07:54 ~ 08:22,08:22 ~ 08:53
Aeroporto Internacional de Natal,Aeroporto Internacional Hartsfield-Jackson Atlanta,6768,07:31 ~ 07:57,07:57 ~ 08:27
Aeroporto Internacional de Natal,Aeroporto de Teresina,843,00:56 ~ 00:59,00:59 ~ 01:03
Aeroporto Internacional de Natal,Aeroporto Internacional de João Pessoa,155,00:10 ~ 00:10,00:10 ~ 00:11
Aeroporto Internacional de São Luís,Aeroporto Internacional de Guarulhos,2318,02:34 ~ 02:43,02:43 ~ 02:53
Aeroporto Internacional de São Luís,Aeroporto Internacional do Recife,1199,01:19 ~ 01:24,01:24 ~ 01:29
Aeroporto Internacional de São Luís,Aeroporto Internacional de Salvador,1313,01:27 ~ 01:32,01:32 ~ 01:38
Aeroporto Internacional de São Luís,Aeroporto Internacional de Natal,1056,01:10 ~ 01:14,01:14 ~ 01:19
Aeroporto Internacional de São Luís,Aeroporto Internacional Pinto Martins,647,00:43 ~ 00:45,00:45 ~ 00:48
Aeroporto Internacional de São Luís,Aeroporto Internacional de Nursultan Nazarbayev,12004,13:20 ~ 14:07,14:07 ~ 15:00
Aeroporto Internacional de São Luís,Aeroporto Internacional de Xangai Pudong,16524,18:21 ~ 19:26,19:26 ~ 20:39
Aeroporto Internacional de São Luís,Aeroporto Internacional de Pequim Capital,15429,17:08 ~ 18:09,18:09 ~ 19:17
Aeroporto Internacional de São Luís,Aeroporto Internacional de Pyongyang Sunan,15821,17:34 ~ 18:36,18:36 ~ 19:46
Aeroporto Internacional de São Luís,Aeroporto Internacional de Incheon,16028,17:48 ~ 18:51,18:51 ~ 20:02
Aeroporto Internacional de São Luís,Aeroporto Internacional Ninoy Aquino,17934,19:55 ~ 21:05,21:05 ~ 22:25
Aeroporto Internacional de São Luís,Aeroporto Internacional de Hong Kong,16805,18:40 ~ 19:46,19:46 ~ 21:00
Aeroporto Internacional de São Luís,Aeroporto Internacional Indira Gandhi,13193,14:39 ~ 15:31,15:31 ~ 16:29
Aeroporto Internacional de São Luís,Aeroporto Internacional Soekarno-Hatta (Jacarta),16657,18:30 ~ 19:35,19:35 ~ 20:49
Aeroporto Internacional de São Luís,Aeroporto Internacional Ngurah Rai (Bali),17421,19:21 ~ 20:29,20:29 ~ 21:46
Aeroporto Internacional de São Luís,Aeroporto Internacional de Narita (Tóquio),16301,18:06 ~ 19:10,19:10 ~ 20:22
Aeroporto Internacional de São Luís,Aeroporto Internacional de Haneda (Tóquio),16332,18:08 ~ 19:12,19:12 ~ 20:24
Aeroporto Internacional de São Luís,Aeroporto Internacional de Kansai (Osaka),16478,18:18 ~ 19:23,19:23 ~ 20:35
Aeroporto Internacional de São Luís,Aeroporto Internacional de Wattay (Vientiane),16026,17:48 ~ 18:51,18:51 ~ 20:01
Aeroporto Internacional de São Luís,Aeroporto Internacional de Kuala Lumpur (Sepang),16249,18:03 ~ 19:06,19:06 ~ 20:18
Aeroporto Internacional de São Luís,Aeroporto Internacional de Penang (Penang),16085,17:52 ~ 18:55,18:55 ~ 20:06
Aeroporto Internacional de São Luís,Aeroporto Internacional de Malé,13119,14:34 ~ 15:26,15:26 ~ 16:23
Aeroporto Internacional de São Luís,Aeroporto Internacional de Changi,16498,18:19 ~ 19:24,19:24 ~ 20:37
Aeroporto Internacional de São Luís,Aeroporto Internacional de Suvarnabhumi,15990,17:45 ~ 18:48,18:48 ~ 19:59
Aeroporto Internacional de São Luís,Aeroporto Internacional Don Mueang,15968,17:44 ~ 18:47,18:47 ~ 19:57
Aeroporto Internacional de São Luís,Aeroporto Internacional de Taiwan Taoyuan,17075,18:58 ~ 20:05,20:05 ~ 21:20
Aeroporto Internacional de São Luís,Aeroporto Internacional de Tan Son Nhat,16692,18:32 ~ 19:38,19:38 ~ 20:51
Aeroporto Internacional de São Luís,Aeroporto Internacional de Noi Bai,16181,17:58 ~ 19:02,19:02 ~ 20:13
Aeroporto Internacional de São Luís,Aeroporto de Frankfurt,7697,08:33 ~ 09:03,09:03 ~ 09:37
Aeroporto Internacional de São Luís,Aeroporto de Dublin,7141,07:56 ~ 08:24,08:24 ~ 08:55
Aeroporto Internacional de São Luís,Aeroporto de Varsóvia Chopin,8578,09:31 ~ 10:05,10:05 ~ 10:43
Aeroporto Internacional de São Luís,Aeroporto de Oslo-Gardermoen,8432,09:22 ~ 09:55,09:55 ~ 10:32
Aeroporto Internacional de São Luís,Aeroporto de Roma-Fiumicino,7509,08:20 ~ 08:50,08:50 ~ 09:23
Aeroporto Internacional de São Luís,Aeroporto de Milão-Malpensa,7456,08:17 ~ 08:46,08:46 ~ 09:19
Aeroporto Internacional de São Luís,Aeroporto de Praga,8056,08:57 ~ 09:28,09:28 ~ 10:04
Aeroporto Internacional de São Luís,Aeroporto de Heathrow (Londres),7276,08:05 ~ 08:33,08:33 ~ 09:05
Aeroporto Internacional de São Luís,Aeroporto de Gatwick (Londres),7266,08:04 ~ 08:32,08:32 ~ 09:04
Aeroporto Internacional de São Luís,Aeroporto Internacional de Budapeste Ferenc Liszt,8270,09:11 ~ 09:43,09:43 ~ 10:20
Aeroporto Internacional de São Luís,Aeroporto de Schiphol (Amsterdã),7615,08:27 ~ 08:57,08:57 ~ 09:31
Aeroporto Internacional de São Luís,Aeroporto Internacional de Boryspil (Kiev),9180,10:11 ~ 10:48,10:48 ~ 11:28
Aeroporto Internacional de São Luís,Aeroporto de Istambul,8786,09:45 ~ 10:20,10:20 ~ 10:58
Aeroporto Internacional de São Luís,Aeroporto de Zurique,7547,08:23 ~ 08:52,08:52 ~ 09:26
Aeroporto Internacional de São Luís,Aeroporto de Estocolmo-Arlanda,8736,09:42 ~ 10:16,10:16 ~ 10:55
Aeroporto Internacional de São Luís,Aeroporto Nikola Tesla (Belgrado),8241,09:09 ~ 09:41,09:41 ~ 10:18
Aeroporto Internacional de São Luís,Aeroporto Internacional Sheremetyevo (Moscou),9725,10:48 ~ 11:26,11:26 ~ 12:09
Aeroporto Internacional de São Luís,Aeroporto de Pulkovo (São Petersburgo),9393,10:26 ~ 11:03,11:03 ~ 11:44
Aeroporto Internacional de São Luís,Aeroporto Internacional Henri Coand? (Bucareste),8671,09:38 ~ 10:12,10:12 ~ 10:50
Aeroporto Internacional de São Luís,Aeroporto Humberto Delgado (Lisboa),5823,06:28 ~ 06:51,06:51 ~ 07:16
Aeroporto Internacional de São Luís,Aeroporto Francisco Sá Carneiro (Porto),6042,06:42 ~ 07:06,07:06 ~ 07:33
Aeroporto Internacional de São Luís,Aeroporto Internacional de Malta,7423,08:14 ~ 08:43,08:43 ~ 09:16
Aeroporto Internacional de São Luís,Aeroporto de Luxemburgo,7529,08:21 ~ 08:51,08:51 ~ 09:24
Aeroporto Internacional de São Luís,Aeroporto Internacional de Vilnius,8942,09:56 ~ 10:31,10:31 ~ 11:10
Aeroporto Internacional de São Luís,Aeroporto Internacional de Riga,8947,09:56 ~ 10:31,10:31 ~ 11:11
Aeroporto Internacional de São Luís,Aeroporto Internacional Madre Teresa (Tirana),8069,08:57 ~ 09:29,09:29 ~ 10:05
Aeroporto Internacional de São Luís,Aeroporto de Barcelona-El Prat (Espanha),6745,07:29 ~ 07:56,07:56 ~ 08:25
Aeroporto Internacional de São Luís,Aeroporto de Toulouse-Blagnac (França),6846,07:36 ~ 08:03,08:03 ~ 08:33
Aeroporto Internacional de São Luís,Aeroporto Internacional de Viena,8114,09:00 ~ 09:32,09:32 ~ 10:08
Aeroporto Internacional de São Luís,Aeroporto de Bruxelas,7508,08:20 ~ 08:49,08:49 ~ 09:23
Aeroporto Internacional de São Luís,Aeroporto de Sófia,8402,09:20 ~ 09:53,09:53 ~ 10:30
Aeroporto Internacional de São Luís,Aeroporto de Bratislava,8161,09:04 ~ 09:36,09:36 ~ 10:12
Aeroporto Internacional de São Luís,Aeroporto de Ljubljana Joe Pu?nik,7881,08:45 ~ 09:16,09:16 ~ 09:51
Aeroporto Internacional de São Luís,Aeroporto Adolfo Suárez Madrid-Barajas,6310,07:00 ~ 07:25,07:25 ~ 07:53
Aeroporto Internacional de São Luís,Aeroporto de Barcelona-El Prat,6745,07:29 ~ 07:56,07:56 ~ 08:25
Aeroporto Internacional de São Luís,Aeroporto de Tallinn,9086,10:05 ~ 10:41,10:41 ~ 11:21
Aeroporto Internacional de São Luís,Aeroporto de Vágar,7823,08:41 ~ 09:12,09:12 ~ 09:46
Aeroporto Internacional de São Luís,Aeroporto de Helsinque,9128,10:08 ~ 10:44,10:44 ~ 11:24
Aeroporto Internacional de São Luís,Aeroporto Internacional de Brasília,1524,01:41 ~ 01:47,01:47 ~ 01:54
Aeroporto Internacional de São Luís,Aeroporto Internacional de Várzea Grande,1969,02:11 ~ 02:18,02:18 ~ 02:27
Aeroporto Internacional de São Luís,Aeroporto Internacional de Belém,492,00:32 ~ 00:34,00:34 ~ 00:36
Aeroporto Internacional de São Luís,Aeroporto Internacional de Tabatinga,2451,02:43 ~ 02:53,02:53 ~ 03:03
Aeroporto Internacional de São Luís,Aeroporto Internacional de Manaus,1760,01:57 ~ 02:04,02:04 ~ 02:12
Aeroporto Internacional de São Luís,Aeroporto Internacional de Macapá,815,00:54 ~ 00:57,00:57 ~ 01:01
Aeroporto Internacional de São Luís,Aeroporto Internacional de Fortaleza,646,00:43 ~ 00:45,00:45 ~ 00:48
Aeroporto Internacional de São Luís,Aeroporto Internacional de Maceió,1180,01:18 ~ 01:23,01:23 ~ 01:28
Aeroporto Internacional de São Luís,Aeroporto Internacional de Aracaju,1216,01:21 ~ 01:25,01:25 ~ 01:31
Aeroporto Internacional de São Luís,Aeroporto Internacional de Belo Horizonte,1887,02:05 ~ 02:13,02:13 ~ 02:21
Aeroporto Internacional de São Luís,Aeroporto Santos Dumont,2251,02:30 ~ 02:38,02:38 ~ 02:48
Aeroporto Internacional de São Luís,Aeroporto Internacional do Rio de Janeiro,2239,02:29 ~ 02:38,02:38 ~ 02:47
Aeroporto Internacional de São Luís,Aeroporto Internacional de Vitória,2000,02:13 ~ 02:21,02:21 ~ 02:30
Aeroporto Internacional de São Luís,Aeroporto Internacional de São José dos Campos,2286,02:32 ~ 02:41,02:41 ~ 02:51
Aeroporto Internacional de São Luís,Aeroporto Internacional de Viracopos,2313,02:34 ~ 02:43,02:43 ~ 02:53
Aeroporto Internacional de São Luís,Aeroporto Internacional de Curitiba,2563,02:50 ~ 03:00,03:00 ~ 03:12
Aeroporto Internacional de São Luís,Aeroporto Internacional de Florianópolis,2813,03:07 ~ 03:18,03:18 ~ 03:30
Aeroporto Internacional de São Luís,Aeroporto Internacional de Navegantes,2733,03:02 ~ 03:12,03:12 ~ 03:24
Aeroporto Internacional de São Luís,Aeroporto Internacional de Porto Alegre,3120,03:28 ~ 03:40,03:40 ~ 03:53
Aeroporto Internacional de São Luís,Aeroporto de Copenhague,7065,07:50 ~ 08:18,08:18 ~ 08:49
Aeroporto Internacional de São Luís,Aeroporto Internacional Hartsfield-Jackson Atlanta,5818,06:27 ~ 06:50,06:50 ~ 07:16
Aeroporto Internacional de São Luís,Aeroporto de Teresina,314,00:20 ~ 00:22,00:22 ~ 00:23
Aeroporto Internacional de São Luís,Aeroporto Internacional de João Pessoa,1145,01:16 ~ 01:20,01:20 ~ 01:25
Aeroporto Internacional Pinto Martins,Aeroporto Internacional de Guarulhos,2337,02:35 ~ 02:44,02:44 ~ 02:55
Aeroporto Internacional Pinto Martins,Aeroporto Internacional do Recife,625,00:41 ~ 00:44,00:44 ~ 00:46
Aeroporto Internacional Pinto Martins,Aeroporto Internacional de Salvador,1011,01:07 ~ 01:11,01:11 ~ 01:15
Aeroporto Internacional Pinto Martins,Aeroporto Internacional de Natal,425,00:28 ~ 00:30,00:30 ~ 00:31
Aeroporto Internacional Pinto Martins,Aeroporto Internacional de São Luís,647,00:43 ~ 00:45,00:45 ~ 00:48
Aeroporto Internacional Pinto Martins,Aeroporto Internacional de Nursultan Nazarbayev,11724,13:01 ~ 13:47,13:47 ~ 14:39
Aeroporto Internacional Pinto Martins,Aeroporto Internacional de Xangai Pudong,16349,18:09 ~ 19:14,19:14 ~ 20:26
Aeroporto Internacional Pinto Martins,Aeroporto Internacional de Pequim Capital,15276,16:58 ~ 17:58,17:58 ~ 19:05
Aeroporto Internacional Pinto Martins,Aeroporto Internacional de Pyongyang Sunan,15769,17:31 ~ 18:33,18:33 ~ 19:42
Aeroporto Internacional Pinto Martins,Aeroporto Internacional de Incheon,15975,17:45 ~ 18:47,18:47 ~ 19:58
Aeroporto Internacional Pinto Martins,Aeroporto Internacional Ninoy Aquino,17490,19:26 ~ 20:34,20:34 ~ 21:51
Aeroporto Internacional Pinto Martins,Aeroporto Internacional de Hong Kong,16414,18:14 ~ 19:18,19:18 ~ 20:31
Aeroporto Internacional Pinto Martins,Aeroporto Internacional Indira Gandhi,12714,14:07 ~ 14:57,14:57 ~ 15:53
Aeroporto Internacional Pinto Martins,Aeroporto Internacional Soekarno-Hatta (Jacarta),16013,17:47 ~ 18:50,18:50 ~ 20:00
Aeroporto Internacional Pinto Martins,Aeroporto Internacional Ngurah Rai (Bali),16799,18:39 ~ 19:45,19:45 ~ 20:59
Aeroporto Internacional Pinto Martins,Aeroporto Internacional de Narita (Tóquio),16460,18:17 ~ 19:21,19:21 ~ 20:34
Aeroporto Internacional Pinto Martins,Aeroporto Internacional de Haneda (Tóquio),16481,18:18 ~ 19:23,19:23 ~ 20:36
Aeroporto Internacional Pinto Martins,Aeroporto Internacional de Kansai (Osaka),16550,18:23 ~ 19:28,19:28 ~ 20:41
Aeroporto Internacional Pinto Martins,Aeroporto Internacional de Wattay (Vientiane),15511,17:14 ~ 18:14,18:14 ~ 19:23
Aeroporto Internacional Pinto Martins,Aeroporto Internacional de Kuala Lumpur (Sepang),15616,17:21 ~ 18:22,18:22 ~ 19:31
Aeroporto Internacional Pinto Martins,Aeroporto Internacional de Penang (Penang),15464,17:10 ~ 18:11,18:11 ~ 19:19
Aeroporto Internacional Pinto Martins,Aeroporto Internacional de Malé,12494,13:52 ~ 14:41,14:41 ~ 15:37
Aeroporto Internacional Pinto Martins,Aeroporto Internacional de Changi,15861,17:37 ~ 18:39,18:39 ~ 19:49
Aeroporto Internacional Pinto Martins,Aeroporto Internacional de Suvarnabhumi,15429,17:08 ~ 18:09,18:09 ~ 19:17
Aeroporto Internacional Pinto Martins,Aeroporto Internacional Don Mueang,15409,17:07 ~ 18:07,18:07 ~ 19:15
Aeroporto Internacional Pinto Martins,Aeroporto Internacional de Taiwan Taoyuan,16816,18:41 ~ 19:47,19:47 ~ 21:01
Aeroporto Internacional Pinto Martins,Aeroporto Internacional de Tan Son Nhat,16116,17:54 ~ 18:57,18:57 ~ 20:08
Aeroporto Internacional Pinto Martins,Aeroporto Internacional de Noi Bai,15717,17:27 ~ 18:29,18:29 ~ 19:38
Aeroporto Internacional Pinto Martins,Aeroporto de Frankfurt,7471,08:18 ~ 08:47,08:47 ~ 09:20
Aeroporto Internacional Pinto Martins,Aeroporto de Dublin,7018,07:47 ~ 08:15,08:15 ~ 08:46
Aeroporto Internacional Pinto Martins,Aeroporto de Varsóvia Chopin,8331,09:15 ~ 09:48,09:48 ~ 10:24
Aeroporto Internacional Pinto Martins,Aeroporto de Oslo-Gardermoen,8292,09:12 ~ 09:45,09:45 ~ 10:21
Aeroporto Internacional Pinto Martins,Aeroporto de Roma-Fiumicino,7191,07:59 ~ 08:27,08:27 ~ 08:59
Aeroporto Internacional Pinto Martins,Aeroporto de Milão-Malpensa,7189,07:59 ~ 08:27,08:27 ~ 08:59
Aeroporto Internacional Pinto Martins,Aeroporto de Praga,7810,08:40 ~ 09:11,09:11 ~ 09:45
Aeroporto Internacional Pinto Martins,Aeroporto de Heathrow (Londres),7106,07:53 ~ 08:21,08:21 ~ 08:52
Aeroporto Internacional Pinto Martins,Aeroporto de Gatwick (Londres),7092,07:52 ~ 08:20,08:20 ~ 08:51
Aeroporto Internacional Pinto Martins,Aeroporto Internacional de Budapeste Ferenc Liszt,7982,08:52 ~ 09:23,09:23 ~ 09:58
Aeroporto Internacional Pinto Martins,Aeroporto de Schiphol (Amsterdã),7428,08:15 ~ 08:44,08:44 ~ 09:17
Aeroporto Internacional Pinto Martins,Aeroporto Internacional de Boryspil (Kiev),8893,09:52 ~ 10:27,10:27 ~ 11:06
Aeroporto Internacional Pinto Martins,Aeroporto de Istambul,8413,09:20 ~ 09:53,09:53 ~ 10:30
Aeroporto Internacional Pinto Martins,Aeroporto de Zurique,7298,08:06 ~ 08:35,08:35 ~ 09:07
Aeroporto Internacional Pinto Martins,Aeroporto de Estocolmo-Arlanda,8571,09:31 ~ 10:05,10:05 ~ 10:42
Aeroporto Internacional Pinto Martins,Aeroporto Nikola Tesla (Belgrado),7924,08:48 ~ 09:19,09:19 ~ 09:54
Aeroporto Internacional Pinto Martins,Aeroporto Internacional Sheremetyevo (Moscou),9485,10:32 ~ 11:09,11:09 ~ 11:51
Aeroporto Internacional Pinto Martins,Aeroporto de Pulkovo (São Petersburgo),9203,10:13 ~ 10:49,10:49 ~ 11:30
Aeroporto Internacional Pinto Martins,Aeroporto Internacional Henri Coand? (Bucareste),8337,09:15 ~ 09:48,09:48 ~ 10:25
Aeroporto Internacional Pinto Martins,Aeroporto Humberto Delgado (Lisboa),5596,06:13 ~ 06:35,06:35 ~ 06:59
Aeroporto Internacional Pinto Martins,Aeroporto Francisco Sá Carneiro (Porto),5834,06:28 ~ 06:51,06:51 ~ 07:17
Aeroporto Internacional Pinto Martins,Aeroporto Internacional de Malta,7042,07:49 ~ 08:17,08:17 ~ 08:48
Aeroporto Internacional Pinto Martins,Aeroporto de Luxemburgo,7310,08:07 ~ 08:35,08:35 ~ 09:08
Aeroporto Internacional Pinto Martins,Aeroporto Internacional de Vilnius,8709,09:40 ~ 10:14,10:14 ~ 10:53
Aeroporto Internacional Pinto Martins,Aeroporto Internacional de Riga,8740,09:42 ~ 10:16,10:16 ~ 10:55
Aeroporto Internacional Pinto Martins,Aeroporto Internacional Madre Teresa (Tirana),7722,08:34 ~ 09:05,09:05 ~ 09:39
Aeroporto Internacional Pinto Martins,Aeroporto de Barcelona-El Prat (Espanha),6468,07:11 ~ 07:36,07:36 ~ 08:05
Aeroporto Internacional Pinto Martins,Aeroporto de Toulouse-Blagnac (França),6596,07:19 ~ 07:45,07:45 ~ 08:14
Aeroporto Internacional Pinto Martins,Aeroporto Internacional de Viena,7841,08:42 ~ 09:13,09:13 ~ 09:48
Aeroporto Internacional Pinto Martins,Aeroporto de Bruxelas,7309,08:07 ~ 08:35,08:35 ~ 09:08
Aeroporto Internacional Pinto Martins,Aeroporto de Sófia,8058,08:57 ~ 09:28,09:28 ~ 10:04
Aeroporto Internacional Pinto Martins,Aeroporto de Bratislava,7886,08:45 ~ 09:16,09:16 ~ 09:51
Aeroporto Internacional Pinto Martins,Aeroporto de Ljubljana Joe Pu?nik,7596,08:26 ~ 08:56,08:56 ~ 09:29
Aeroporto Internacional Pinto Martins,Aeroporto Adolfo Suárez Madrid-Barajas,6059,06:43 ~ 07:07,07:07 ~ 07:34
Aeroporto Internacional Pinto Martins,Aeroporto de Barcelona-El Prat,6469,07:11 ~ 07:36,07:36 ~ 08:05
Aeroporto Internacional Pinto Martins,Aeroporto de Tallinn,8902,09:53 ~ 10:28,10:28 ~ 11:07
Aeroporto Internacional Pinto Martins,Aeroporto de Vágar,7771,08:38 ~ 09:08,09:08 ~ 09:42
Aeroporto Internacional Pinto Martins,Aeroporto de Helsinque,8953,09:56 ~ 10:31,10:31 ~ 11:11
Aeroporto Internacional Pinto Martins,Aeroporto Internacional de Brasília,1688,01:52 ~ 01:59,01:59 ~ 02:06
Aeroporto Internacional Pinto Martins,Aeroporto Internacional de Várzea Grande,2359,02:37 ~ 02:46,02:46 ~ 02:56
Aeroporto Internacional Pinto Martins,Aeroporto Internacional de Belém,1138,01:15 ~ 01:20,01:20 ~ 01:25
Aeroporto Internacional Pinto Martins,Aeroporto Internacional de Tabatinga,3082,03:25 ~ 03:37,03:37 ~ 03:51
Aeroporto Internacional Pinto Martins,Aeroporto Internacional de Manaus,2393,02:39 ~ 02:48,02:48 ~ 02:59
Aeroporto Internacional Pinto Martins,Aeroporto Internacional de Macapá,1458,01:37 ~ 01:42,01:42 ~ 01:49
Aeroporto Internacional Pinto Martins,Aeroporto Internacional de Fortaleza,1,00:00 ~ 00:00,00:00 ~ 00:00
Aeroporto Internacional Pinto Martins,Aeroporto Internacional de Maceió,659,00:43 ~ 00:46,00:46 ~ 00:49
Aeroporto Internacional Pinto Martins,Aeroporto Internacional de Aracaju,809,00:53 ~ 00:57,00:57 ~ 01:00
Aeroporto Internacional Pinto Martins,Aeroporto Internacional de Belo Horizonte,1826,02:01 ~ 02:08,02:08 ~ 02:16
Aeroporto Internacional Pinto Martins,Aeroporto Santos Dumont,2175,02:24 ~ 02:33,02:33 ~ 02:43
Aeroporto Internacional Pinto Martins,Aeroporto Internacional do Rio de Janeiro,2166,02:24 ~ 02:32,02:32 ~ 02:42
Aeroporto Internacional Pinto Martins,Aeroporto Internacional de Vitória,1833,02:02 ~ 02:09,02:09 ~ 02:17
Aeroporto Internacional Pinto Martins,Aeroporto Internacional de São José dos Campos,2290,02:32 ~ 02:41,02:41 ~ 02:51
Aeroporto Internacional Pinto Martins,Aeroporto Internacional de Viracopos,2372,02:38 ~ 02:47,02:47 ~ 02:57
Aeroporto Internacional Pinto Martins,Aeroporto Internacional de Curitiba,2636,02:55 ~ 03:06,03:06 ~ 03:17
Aeroporto Internacional Pinto Martins,Aeroporto Internacional de Florianópolis,2851,03:10 ~ 03:21,03:21 ~ 03:33
Aeroporto Internacional Pinto Martins,Aeroporto Internacional de Navegantes,2778,03:05 ~ 03:16,03:16 ~ 03:28
Aeroporto Internacional Pinto Martins,Aeroporto Internacional de Porto Alegre,3193,03:32 ~ 03:45,03:45 ~ 03:59
Aeroporto Internacional Pinto Martins,Aeroporto de Copenhague,6997,07:46 ~ 08:13,08:13 ~ 08:44
Aeroporto Internacional Pinto Martins,Aeroporto Internacional Hartsfield-Jackson Atlanta,6353,07:03 ~ 07:28,07:28 ~ 07:56
Aeroporto Internacional Pinto Martins,Aeroporto de Teresina,498,00:33 ~ 00:35,00:35 ~ 00:37
Aeroporto Internacional Pinto Martins,Aeroporto Internacional de João Pessoa,544,00:36 ~ 00:38,00:38 ~ 00:40
Aeroporto Internacional de Nursultan Nazarbayev,Aeroporto Internacional de Guarulhos,13941,15:29 ~ 16:24,16:24 ~ 17:25
Aeroporto Internacional de Nursultan Nazarbayev,Aeroporto Internacional do Recife,11852,13:10 ~ 13:56,13:56 ~ 14:48
Aeroporto Internacional de Nursultan Nazarbayev,Aeroporto Internacional de Salvador,12498,13:53 ~ 14:42,14:42 ~ 15:37
Aeroporto Internacional de Nursultan Nazarbayev,Aeroporto Internacional de Natal,11673,12:58 ~ 13:43,13:43 ~ 14:35
Aeroporto Internacional de Nursultan Nazarbayev,Aeroporto Internacional de São Luís,12004,13:20 ~ 14:07,14:07 ~ 15:00
Aeroporto Internacional de Nursultan Nazarbayev,Aeroporto Internacional Pinto Martins,11724,13:01 ~ 13:47,13:47 ~ 14:39
Aeroporto Internacional de Nursultan Nazarbayev,Aeroporto Internacional de Xangai Pudong,4654,05:10 ~ 05:28,05:28 ~ 05:49
Aeroporto Internacional de Nursultan Nazarbayev,Aeroporto Internacional de Pequim Capital,3662,04:04 ~ 04:18,04:18 ~ 04:34
Aeroporto Internacional de Nursultan Nazarbayev,Aeroporto Internacional de Pyongyang Sunan,4353,04:50 ~ 05:07,05:07 ~ 05:26
Aeroporto Internacional de Nursultan Nazarbayev,Aeroporto Internacional de Incheon,4525,05:01 ~ 05:19,05:19 ~ 05:39
Aeroporto Internacional de Nursultan Nazarbayev,Aeroporto Internacional Ninoy Aquino,5988,06:39 ~ 07:02,07:02 ~ 07:29
Aeroporto Internacional de Nursultan Nazarbayev,Aeroporto Internacional de Hong Kong,4847,05:23 ~ 05:42,05:42 ~ 06:03
Aeroporto Internacional de Nursultan Nazarbayev,Aeroporto Internacional Indira Gandhi,2540,02:49 ~ 02:59,02:59 ~ 03:10
Aeroporto Internacional de Nursultan Nazarbayev,Aeroporto Internacional Soekarno-Hatta (Jacarta),7171,07:58 ~ 08:26,08:26 ~ 08:57
Aeroporto Internacional de Nursultan Nazarbayev,Aeroporto Internacional Ngurah Rai (Bali),7840,08:42 ~ 09:13,09:13 ~ 09:48
Aeroporto Internacional de Nursultan Nazarbayev,Aeroporto Internacional de Narita (Tóquio),5613,06:14 ~ 06:36,06:36 ~ 07:00
Aeroporto Internacional de Nursultan Nazarbayev,Aeroporto Internacional de Haneda (Tóquio),5586,06:12 ~ 06:34,06:34 ~ 06:58
Aeroporto Internacional de Nursultan Nazarbayev,Aeroporto Internacional de Kansai (Osaka),5351,05:56 ~ 06:17,06:17 ~ 06:41
Aeroporto Internacional de Nursultan Nazarbayev,Aeroporto Internacional de Wattay (Vientiane),4580,05:05 ~ 05:23,05:23 ~ 05:43
Aeroporto Internacional de Nursultan Nazarbayev,Aeroporto Internacional de Kuala Lumpur (Sepang),6053,06:43 ~ 07:07,07:07 ~ 07:33
Aeroporto Internacional de Nursultan Nazarbayev,Aeroporto Internacional de Penang (Penang),5731,06:22 ~ 06:44,06:44 ~ 07:09
Aeroporto Internacional de Nursultan Nazarbayev,Aeroporto Internacional de Malé,5195,05:46 ~ 06:06,06:06 ~ 06:29
Aeroporto Internacional de Nursultan Nazarbayev,Aeroporto Internacional de Changi,6295,06:59 ~ 07:24,07:24 ~ 07:52
Aeroporto Internacional de Nursultan Nazarbayev,Aeroporto Internacional de Suvarnabhumi,4908,05:27 ~ 05:46,05:46 ~ 06:08
Aeroporto Internacional de Nursultan Nazarbayev,Aeroporto Internacional Don Mueang,4878,05:25 ~ 05:44,05:44 ~ 06:05
Aeroporto Internacional de Nursultan Nazarbayev,Aeroporto Internacional de Taiwan Taoyuan,5095,05:39 ~ 05:59,05:59 ~ 06:22
Aeroporto Internacional de Nursultan Nazarbayev,Aeroporto Internacional de Tan Son Nhat,5486,06:05 ~ 06:27,06:27 ~ 06:51
Aeroporto Internacional de Nursultan Nazarbayev,Aeroporto Internacional de Noi Bai,4453,04:56 ~ 05:14,05:14 ~ 05:33
Aeroporto Internacional de Nursultan Nazarbayev,Aeroporto de Frankfurt,4322,04:48 ~ 05:05,05:05 ~ 05:24
Aeroporto Internacional de Nursultan Nazarbayev,Aeroporto de Dublin,5047,05:36 ~ 05:56,05:56 ~ 06:18
Aeroporto Internacional de Nursultan Nazarbayev,Aeroporto de Varsóvia Chopin,3430,03:48 ~ 04:02,04:02 ~ 04:17
Aeroporto Internacional de Nursultan Nazarbayev,Aeroporto de Oslo-Gardermoen,3791,04:12 ~ 04:27,04:27 ~ 04:44
Aeroporto Internacional de Nursultan Nazarbayev,Aeroporto de Roma-Fiumicino,4539,05:02 ~ 05:20,05:20 ~ 05:40
Aeroporto Internacional de Nursultan Nazarbayev,Aeroporto de Milão-Malpensa,4548,05:03 ~ 05:21,05:21 ~ 05:41
Aeroporto Internacional de Nursultan Nazarbayev,Aeroporto de Praga,3951,04:23 ~ 04:38,04:38 ~ 04:56
Aeroporto Internacional de Nursultan Nazarbayev,Aeroporto de Heathrow (Londres),4812,05:20 ~ 05:39,05:39 ~ 06:00
Aeroporto Internacional de Nursultan Nazarbayev,Aeroporto de Gatwick (Londres),4813,05:20 ~ 05:39,05:39 ~ 06:00
Aeroporto Internacional de Nursultan Nazarbayev,Aeroporto Internacional de Budapeste Ferenc Liszt,3743,04:09 ~ 04:24,04:24 ~ 04:40
Aeroporto Internacional de Nursultan Nazarbayev,Aeroporto de Schiphol (Amsterdã),4450,04:56 ~ 05:14,05:14 ~ 05:33
Aeroporto Internacional de Nursultan Nazarbayev,Aeroporto Internacional de Boryspil (Kiev),2832,03:08 ~ 03:19,03:19 ~ 03:32
Aeroporto Internacional de Nursultan Nazarbayev,Aeroporto de Istambul,3432,03:48 ~ 04:02,04:02 ~ 04:17
Aeroporto Internacional de Nursultan Nazarbayev,Aeroporto de Zurique,4458,04:57 ~ 05:14,05:14 ~ 05:34
Aeroporto Internacional de Nursultan Nazarbayev,Aeroporto de Estocolmo-Arlanda,3426,03:48 ~ 04:01,04:01 ~ 04:16
Aeroporto Internacional de Nursultan Nazarbayev,Aeroporto Nikola Tesla (Belgrado),3807,04:13 ~ 04:28,04:28 ~ 04:45
Aeroporto Internacional de Nursultan Nazarbayev,Aeroporto Internacional Sheremetyevo (Moscou),2300,02:33 ~ 02:42,02:42 ~ 02:52
Aeroporto Internacional de Nursultan Nazarbayev,Aeroporto de Pulkovo (São Petersburgo),2733,03:02 ~ 03:12,03:12 ~ 03:24
Aeroporto Internacional de Nursultan Nazarbayev,Aeroporto Internacional Henri Coand? (Bucareste),3416,03:47 ~ 04:01,04:01 ~ 04:16
Aeroporto Internacional de Nursultan Nazarbayev,Aeroporto Humberto Delgado (Lisboa),6184,06:52 ~ 07:16,07:16 ~ 07:43
Aeroporto Internacional de Nursultan Nazarbayev,Aeroporto Francisco Sá Carneiro (Porto),5976,06:38 ~ 07:01,07:01 ~ 07:28
Aeroporto Internacional de Nursultan Nazarbayev,Aeroporto Internacional de Malta,4775,05:18 ~ 05:37,05:37 ~ 05:58
Aeroporto Internacional de Nursultan Nazarbayev,Aeroporto de Luxemburgo,4494,04:59 ~ 05:17,05:17 ~ 05:37
Aeroporto Internacional de Nursultan Nazarbayev,Aeroporto Internacional de Vilnius,3081,03:25 ~ 03:37,03:37 ~ 03:51
Aeroporto Internacional de Nursultan Nazarbayev,Aeroporto Internacional de Riga,3118,03:27 ~ 03:40,03:40 ~ 03:53
Aeroporto Internacional de Nursultan Nazarbayev,Aeroporto Internacional Madre Teresa (Tirana),4042,04:29 ~ 04:45,04:45 ~ 05:03
Aeroporto Internacional de Nursultan Nazarbayev,Aeroporto de Barcelona-El Prat (Espanha),5263,05:50 ~ 06:11,06:11 ~ 06:34
Aeroporto Internacional de Nursultan Nazarbayev,Aeroporto de Toulouse-Blagnac (França),5157,05:43 ~ 06:04,06:04 ~ 06:26
Aeroporto Internacional de Nursultan Nazarbayev,Aeroporto Internacional de Viena,3892,04:19 ~ 04:34,04:34 ~ 04:51
Aeroporto Internacional de Nursultan Nazarbayev,Aeroporto de Bruxelas,4537,05:02 ~ 05:20,05:20 ~ 05:40
Aeroporto Internacional de Nursultan Nazarbayev,Aeroporto de Sófia,3709,04:07 ~ 04:21,04:21 ~ 04:38
Aeroporto Internacional de Nursultan Nazarbayev,Aeroporto de Bratislava,3845,04:16 ~ 04:31,04:31 ~ 04:48
Aeroporto Internacional de Nursultan Nazarbayev,Aeroporto de Ljubljana Joe Pu?nik,4130,04:35 ~ 04:51,04:51 ~ 05:09
Aeroporto Internacional de Nursultan Nazarbayev,Aeroporto Adolfo Suárez Madrid-Barajas,5694,06:19 ~ 06:41,06:41 ~ 07:07
Aeroporto Internacional de Nursultan Nazarbayev,Aeroporto de Barcelona-El Prat,5263,05:50 ~ 06:11,06:11 ~ 06:34
Aeroporto Internacional de Nursultan Nazarbayev,Aeroporto de Tallinn,3041,03:22 ~ 03:34,03:34 ~ 03:48
Aeroporto Internacional de Nursultan Nazarbayev,Aeroporto de Vágar,4674,05:11 ~ 05:29,05:29 ~ 05:50
Aeroporto Internacional de Nursultan Nazarbayev,Aeroporto de Helsinque,3029,03:21 ~ 03:33,03:33 ~ 03:47
Aeroporto Internacional de Nursultan Nazarbayev,Aeroporto Internacional de Brasília,13412,14:54 ~ 15:46,15:46 ~ 16:45
Aeroporto Internacional de Nursultan Nazarbayev,Aeroporto Internacional de Várzea Grande,13962,15:30 ~ 16:25,16:25 ~ 17:27
Aeroporto Internacional de Nursultan Nazarbayev,Aeroporto Internacional de Belém,12173,13:31 ~ 14:19,14:19 ~ 15:12
Aeroporto Internacional de Nursultan Nazarbayev,Aeroporto Internacional de Tabatinga,13424,14:54 ~ 15:47,15:47 ~ 16:46
Aeroporto Internacional de Nursultan Nazarbayev,Aeroporto Internacional de Manaus,13041,14:29 ~ 15:20,15:20 ~ 16:18
Aeroporto Internacional de Nursultan Nazarbayev,Aeroporto Internacional de Macapá,12209,13:33 ~ 14:21,14:21 ~ 15:15
Aeroporto Internacional de Nursultan Nazarbayev,Aeroporto Internacional de Fortaleza,11725,13:01 ~ 13:47,13:47 ~ 14:39
Aeroporto Internacional de Nursultan Nazarbayev,Aeroporto Internacional de Maceió,11988,13:19 ~ 14:06,14:06 ~ 14:59
Aeroporto Internacional de Nursultan Nazarbayev,Aeroporto Internacional de Aracaju,12243,13:36 ~ 14:24,14:24 ~ 15:18
Aeroporto Internacional de Nursultan Nazarbayev,Aeroporto Internacional de Belo Horizonte,13404,14:53 ~ 15:46,15:46 ~ 16:45
Aeroporto Internacional de Nursultan Nazarbayev,Aeroporto Santos Dumont,13667,15:11 ~ 16:04,16:04 ~ 17:05
Aeroporto Internacional de Nursultan Nazarbayev,Aeroporto Internacional do Rio de Janeiro,13664,15:10 ~ 16:04,16:04 ~ 17:04
Aeroporto Internacional de Nursultan Nazarbayev,Aeroporto Internacional de Vitória,13249,14:43 ~ 15:35,15:35 ~ 16:33
Aeroporto Internacional de Nursultan Nazarbayev,Aeroporto Internacional de São José dos Campos,13881,15:25 ~ 16:19,16:19 ~ 17:21
Aeroporto Internacional de Nursultan Nazarbayev,Aeroporto Internacional de Viracopos,14019,15:34 ~ 16:29,16:29 ~ 17:31
Aeroporto Internacional de Nursultan Nazarbayev,Aeroporto Internacional de Curitiba,14275,15:51 ~ 16:47,16:47 ~ 17:50
Aeroporto Internacional de Nursultan Nazarbayev,Aeroporto Internacional de Florianópolis,14423,16:01 ~ 16:58,16:58 ~ 18:01
Aeroporto Internacional de Nursultan Nazarbayev,Aeroporto Internacional de Navegantes,14371,15:58 ~ 16:54,16:54 ~ 17:57
Aeroporto Internacional de Nursultan Nazarbayev,Aeroporto Internacional de Porto Alegre,14786,16:25 ~ 17:23,17:23 ~ 18:28
Aeroporto Internacional de Nursultan Nazarbayev,Aeroporto de Copenhague,5278,05:51 ~ 06:12,06:12 ~ 06:35
Aeroporto Internacional de Nursultan Nazarbayev,Aeroporto Internacional Hartsfield-Jackson Atlanta,10333,11:28 ~ 12:09,12:09 ~ 12:54
Aeroporto Internacional de Nursultan Nazarbayev,Aeroporto de Teresina,12128,13:28 ~ 14:16,14:16 ~ 15:09
Aeroporto Internacional de Nursultan Nazarbayev,Aeroporto Internacional de João Pessoa,11770,13:04 ~ 13:50,13:50 ~ 14:42
Aeroporto Internacional de Xangai Pudong,Aeroporto Internacional de Guarulhos,18581,20:38 ~ 21:51,21:51 ~ 23:13
Aeroporto Internacional de Xangai Pudong,Aeroporto Internacional do Recife,16506,18:20 ~ 19:25,19:25 ~ 20:37
Aeroporto Internacional de Xangai Pudong,Aeroporto Internacional de Salvador,17150,19:03 ~ 20:10,20:10 ~ 21:26
Aeroporto Internacional de Xangai Pudong,Aeroporto Internacional de Natal,16326,18:08 ~ 19:12,19:12 ~ 20:24
Aeroporto Internacional de Xangai Pudong,Aeroporto Internacional de São Luís,16524,18:21 ~ 19:26,19:26 ~ 20:39
Aeroporto Internacional de Xangai Pudong,Aeroporto Internacional Pinto Martins,16349,18:09 ~ 19:14,19:14 ~ 20:26
Aeroporto Internacional de Xangai Pudong,Aeroporto Internacional de Nursultan Nazarbayev,4654,05:10 ~ 05:28,05:28 ~ 05:49
Aeroporto Internacional de Xangai Pudong,Aeroporto Internacional de Pequim Capital,1097,01:13 ~ 01:17,01:17 ~ 01:22
Aeroporto Internacional de Xangai Pudong,Aeroporto Internacional de Pyongyang Sunan,963,01:04 ~ 01:07,01:07 ~ 01:12
Aeroporto Internacional de Xangai Pudong,Aeroporto Internacional de Incheon,821,00:54 ~ 00:57,00:57 ~ 01:01
Aeroporto Internacional de Xangai Pudong,Aeroporto Internacional Ninoy Aquino,1844,02:02 ~ 02:10,02:10 ~ 02:18
Aeroporto Internacional de Xangai Pudong,Aeroporto Internacional de Hong Kong,1254,01:23 ~ 01:28,01:28 ~ 01:34
Aeroporto Internacional de Xangai Pudong,Aeroporto Internacional Indira Gandhi,4299,04:46 ~ 05:03,05:03 ~ 05:22
Aeroporto Internacional de Xangai Pudong,Aeroporto Internacional Soekarno-Hatta (Jacarta),4428,04:55 ~ 05:12,05:12 ~ 05:32
Aeroporto Internacional de Xangai Pudong,Aeroporto Internacional Ngurah Rai (Bali),4471,04:58 ~ 05:15,05:15 ~ 05:35
Aeroporto Internacional de Xangai Pudong,Aeroporto Internacional de Narita (Tóquio),1799,01:59 ~ 02:06,02:06 ~ 02:14
Aeroporto Internacional de Xangai Pudong,Aeroporto Internacional de Haneda (Tóquio),1740,01:56 ~ 02:02,02:02 ~ 02:10
Aeroporto Internacional de Xangai Pudong,Aeroporto Internacional de Kansai (Osaka),1309,01:27 ~ 01:32,01:32 ~ 01:38
Aeroporto Internacional de Xangai Pudong,Aeroporto Internacional de Wattay (Vientiane),2429,02:41 ~ 02:51,02:51 ~ 03:02
Aeroporto Internacional de Xangai Pudong,Aeroporto Internacional de Kuala Lumpur (Sepang),3787,04:12 ~ 04:27,04:27 ~ 04:44
Aeroporto Internacional de Xangai Pudong,Aeroporto Internacional de Penang (Penang),3640,04:02 ~ 04:16,04:16 ~ 04:32
Aeroporto Internacional de Xangai Pudong,Aeroporto Internacional de Malé,5860,06:30 ~ 06:53,06:53 ~ 07:19
Aeroporto Internacional de Xangai Pudong,Aeroporto Internacional de Changi,3793,04:12 ~ 04:27,04:27 ~ 04:44
Aeroporto Internacional de Xangai Pudong,Aeroporto Internacional de Suvarnabhumi,2894,03:12 ~ 03:24,03:24 ~ 03:37
Aeroporto Internacional de Xangai Pudong,Aeroporto Internacional Don Mueang,2887,03:12 ~ 03:23,03:23 ~ 03:36
Aeroporto Internacional de Xangai Pudong,Aeroporto Internacional de Taiwan Taoyuan,675,00:45 ~ 00:47,00:47 ~ 00:50
Aeroporto Internacional de Xangai Pudong,Aeroporto Internacional de Tan Son Nhat,2740,03:02 ~ 03:13,03:13 ~ 03:25
Aeroporto Internacional de Xangai Pudong,Aeroporto Internacional de Noi Bai,1937,02:09 ~ 02:16,02:16 ~ 02:25
Aeroporto Internacional de Xangai Pudong,Aeroporto de Frankfurt,8878,09:51 ~ 10:26,10:26 ~ 11:05
Aeroporto Internacional de Xangai Pudong,Aeroporto de Dublin,9384,10:25 ~ 11:02,11:02 ~ 11:43
Aeroporto Internacional de Xangai Pudong,Aeroporto de Varsóvia Chopin,8019,08:54 ~ 09:26,09:26 ~ 10:01
Aeroporto Internacional de Xangai Pudong,Aeroporto de Oslo-Gardermoen,8095,08:59 ~ 09:31,09:31 ~ 10:07
Aeroporto Internacional de Xangai Pudong,Aeroporto de Roma-Fiumicino,9190,10:12 ~ 10:48,10:48 ~ 11:29
Aeroporto Internacional de Xangai Pudong,Aeroporto de Milão-Malpensa,9165,10:11 ~ 10:46,10:46 ~ 11:27
Aeroporto Internacional de Xangai Pudong,Aeroporto de Praga,8540,09:29 ~ 10:02,10:02 ~ 10:40
Aeroporto Internacional de Xangai Pudong,Aeroporto de Heathrow (Londres),9262,10:17 ~ 10:53,10:53 ~ 11:34
Aeroporto Internacional de Xangai Pudong,Aeroporto de Gatwick (Londres),9273,10:18 ~ 10:54,10:54 ~ 11:35
Aeroporto Internacional de Xangai Pudong,Aeroporto Internacional de Budapeste Ferenc Liszt,8383,09:18 ~ 09:51,09:51 ~ 10:28
Aeroporto Internacional de Xangai Pudong,Aeroporto de Schiphol (Amsterdã),8930,09:55 ~ 10:30,10:30 ~ 11:09
Aeroporto Internacional de Xangai Pudong,Aeroporto Internacional de Boryspil (Kiev),7475,08:18 ~ 08:47,08:47 ~ 09:20
Aeroporto Internacional de Xangai Pudong,Aeroporto de Istambul,8047,08:56 ~ 09:28,09:28 ~ 10:03
Aeroporto Internacional de Xangai Pudong,Aeroporto de Zurique,9052,10:03 ~ 10:38,10:38 ~ 11:18
Aeroporto Internacional de Xangai Pudong,Aeroporto de Estocolmo-Arlanda,7797,08:39 ~ 09:10,09:10 ~ 09:44
Aeroporto Internacional de Xangai Pudong,Aeroporto Nikola Tesla (Belgrado),8460,09:24 ~ 09:57,09:57 ~ 10:34
Aeroporto Internacional de Xangai Pudong,Aeroporto Internacional Sheremetyevo (Moscou),6865,07:37 ~ 08:04,08:04 ~ 08:34
Aeroporto Internacional de Xangai Pudong,Aeroporto de Pulkovo (São Petersburgo),7152,07:56 ~ 08:24,08:24 ~ 08:56
Aeroporto Internacional de Xangai Pudong,Aeroporto Internacional Henri Coand? (Bucareste),8068,08:57 ~ 09:29,09:29 ~ 10:05
Aeroporto Internacional de Xangai Pudong,Aeroporto Humberto Delgado (Lisboa),10754,11:56 ~ 12:39,12:39 ~ 13:26
Aeroporto Internacional de Xangai Pudong,Aeroporto Francisco Sá Carneiro (Porto),10520,11:41 ~ 12:22,12:22 ~ 13:09
Aeroporto Internacional de Xangai Pudong,Aeroporto Internacional de Malta,9412,10:27 ~ 11:04,11:04 ~ 11:45
Aeroporto Internacional de Xangai Pudong,Aeroporto de Luxemburgo,9040,10:02 ~ 10:38,10:38 ~ 11:18
Aeroporto Internacional de Xangai Pudong,Aeroporto Internacional de Vilnius,7640,08:29 ~ 08:59,08:59 ~ 09:33
Aeroporto Internacional de Xangai Pudong,Aeroporto Internacional de Riga,7611,08:27 ~ 08:57,08:57 ~ 09:30
Aeroporto Internacional de Xangai Pudong,Aeroporto Internacional Madre Teresa (Tirana),8692,09:39 ~ 10:13,10:13 ~ 10:51
Aeroporto Internacional de Xangai Pudong,Aeroporto de Barcelona-El Prat (Espanha),9886,10:59 ~ 11:37,11:37 ~ 12:21
Aeroporto Internacional de Xangai Pudong,Aeroporto de Toulouse-Blagnac (França),9753,10:50 ~ 11:28,11:28 ~ 12:11
Aeroporto Internacional de Xangai Pudong,Aeroporto Internacional de Viena,8516,09:27 ~ 10:01,10:01 ~ 10:38
Aeroporto Internacional de Xangai Pudong,Aeroporto de Bruxelas,9045,10:03 ~ 10:38,10:38 ~ 11:18
Aeroporto Internacional de Xangai Pudong,Aeroporto de Sófia,8358,09:17 ~ 09:49,09:49 ~ 10:26
Aeroporto Internacional de Xangai Pudong,Aeroporto de Bratislava,8471,09:24 ~ 09:57,09:57 ~ 10:35
Aeroporto Internacional de Xangai Pudong,Aeroporto de Ljubljana Joe Pu?nik,8765,09:44 ~ 10:18,10:18 ~ 10:57
Aeroporto Internacional de Xangai Pudong,Aeroporto Adolfo Suárez Madrid-Barajas,10290,11:26 ~ 12:06,12:06 ~ 12:51
Aeroporto Internacional de Xangai Pudong,Aeroporto de Barcelona-El Prat,9886,10:59 ~ 11:37,11:37 ~ 12:21
Aeroporto Internacional de Xangai Pudong,Aeroporto de Tallinn,7456,08:17 ~ 08:46,08:46 ~ 09:19
Aeroporto Internacional de Xangai Pudong,Aeroporto de Vágar,8717,09:41 ~ 10:15,10:15 ~ 10:53
Aeroporto Internacional de Xangai Pudong,Aeroporto de Helsinque,7409,08:13 ~ 08:42,08:42 ~ 09:15
Aeroporto Internacional de Xangai Pudong,Aeroporto Internacional de Brasília,18024,20:01 ~ 21:12,21:12 ~ 22:31
Aeroporto Internacional de Xangai Pudong,Aeroporto Internacional de Várzea Grande,18278,20:18 ~ 21:30,21:30 ~ 22:50
Aeroporto Internacional de Xangai Pudong,Aeroporto Internacional de Belém,16557,18:23 ~ 19:28,19:28 ~ 20:41
Aeroporto Internacional de Xangai Pudong,Aeroporto Internacional de Tabatinga,16815,18:41 ~ 19:46,19:46 ~ 21:01
Aeroporto Internacional de Xangai Pudong,Aeroporto Internacional de Manaus,16887,18:45 ~ 19:52,19:52 ~ 21:06
Aeroporto Internacional de Xangai Pudong,Aeroporto Internacional de Macapá,16473,18:18 ~ 19:22,19:22 ~ 20:35
Aeroporto Internacional de Xangai Pudong,Aeroporto Internacional de Fortaleza,16349,18:09 ~ 19:14,19:14 ~ 20:26
Aeroporto Internacional de Xangai Pudong,Aeroporto Internacional de Maceió,16641,18:29 ~ 19:34,19:34 ~ 20:48
Aeroporto Internacional de Xangai Pudong,Aeroporto Internacional de Aracaju,16896,18:46 ~ 19:52,19:52 ~ 21:07
Aeroporto Internacional de Xangai Pudong,Aeroporto Internacional de Belo Horizonte,18050,20:03 ~ 21:14,21:14 ~ 22:33
Aeroporto Internacional de Xangai Pudong,Aeroporto Santos Dumont,18277,20:18 ~ 21:30,21:30 ~ 22:50
Aeroporto Internacional de Xangai Pudong,Aeroporto Internacional do Rio de Janeiro,18277,20:18 ~ 21:30,21:30 ~ 22:50
Aeroporto Internacional de Xangai Pudong,Aeroporto Internacional de Vitória,17863,19:50 ~ 21:00,21:00 ~ 22:19
Aeroporto Internacional de Xangai Pudong,Aeroporto Internacional de São José dos Campos,18519,20:34 ~ 21:47,21:47 ~ 23:08
Aeroporto Internacional de Xangai Pudong,Aeroporto Internacional de Viracopos,18671,20:44 ~ 21:57,21:57 ~ 23:20
Aeroporto Internacional de Xangai Pudong,Aeroporto Internacional de Curitiba,18921,21:01 ~ 22:15,22:15 ~ 23:39
Aeroporto Internacional de Xangai Pudong,Aeroporto Internacional de Florianópolis,19014,21:07 ~ 22:22,22:22 ~ 23:46
Aeroporto Internacional de Xangai Pudong,Aeroporto Internacional de Navegantes,18984,21:05 ~ 22:20,22:20 ~ 23:43
Aeroporto Internacional de Xangai Pudong,Aeroporto Internacional de Porto Alegre,19342,21:29 ~ 22:45,22:45 ~ 24:10
Aeroporto Internacional de Xangai Pudong,Aeroporto de Copenhague,9466,10:31 ~ 11:08,11:08 ~ 11:49
Aeroporto Internacional de Xangai Pudong,Aeroporto Internacional Hartsfield-Jackson Atlanta,12326,13:41 ~ 14:30,14:30 ~ 15:24
Aeroporto Internacional de Xangai Pudong,Aeroporto de Teresina,16706,18:33 ~ 19:39,19:39 ~ 20:52
Aeroporto Internacional de Xangai Pudong,Aeroporto Internacional de João Pessoa,16424,18:14 ~ 19:19,19:19 ~ 20:31
Aeroporto Internacional de Pequim Capital,Aeroporto Internacional de Guarulhos,17578,19:31 ~ 20:40,20:40 ~ 21:58
Aeroporto Internacional de Pequim Capital,Aeroporto Internacional do Recife,15483,17:12 ~ 18:12,18:12 ~ 19:21
Aeroporto Internacional de Pequim Capital,Aeroporto Internacional de Salvador,16130,17:55 ~ 18:58,18:58 ~ 20:09
Aeroporto Internacional de Pequim Capital,Aeroporto Internacional de Natal,15285,16:59 ~ 17:58,17:58 ~ 19:06
Aeroporto Internacional de Pequim Capital,Aeroporto Internacional de São Luís,15429,17:08 ~ 18:09,18:09 ~ 19:17
Aeroporto Internacional de Pequim Capital,Aeroporto Internacional Pinto Martins,15276,16:58 ~ 17:58,17:58 ~ 19:05
Aeroporto Internacional de Pequim Capital,Aeroporto Internacional de Nursultan Nazarbayev,3662,04:04 ~ 04:18,04:18 ~ 04:34
Aeroporto Internacional de Pequim Capital,Aeroporto Internacional de Xangai Pudong,1097,01:13 ~ 01:17,01:17 ~ 01:22
Aeroporto Internacional de Pequim Capital,Aeroporto Internacional de Pyongyang Sunan,785,00:52 ~ 00:55,00:55 ~ 00:58
Aeroporto Internacional de Pequim Capital,Aeroporto Internacional de Incheon,904,01:00 ~ 01:03,01:03 ~ 01:07
Aeroporto Internacional de Pequim Capital,Aeroporto Internacional Ninoy Aquino,2866,03:11 ~ 03:22,03:22 ~ 03:34
Aeroporto Internacional de Pequim Capital,Aeroporto Internacional de Hong Kong,1986,02:12 ~ 02:20,02:20 ~ 02:28
Aeroporto Internacional de Pequim Capital,Aeroporto Internacional Indira Gandhi,3816,04:14 ~ 04:29,04:29 ~ 04:46
Aeroporto Internacional de Pequim Capital,Aeroporto Internacional Soekarno-Hatta (Jacarta),5216,05:47 ~ 06:08,06:08 ~ 06:31
Aeroporto Internacional de Pequim Capital,Aeroporto Internacional Ngurah Rai (Bali),5407,06:00 ~ 06:21,06:21 ~ 06:45
Aeroporto Internacional de Pequim Capital,Aeroporto Internacional de Narita (Tóquio),2139,02:22 ~ 02:30,02:30 ~ 02:40
Aeroporto Internacional de Pequim Capital,Aeroporto Internacional de Haneda (Tóquio),2096,02:19 ~ 02:27,02:27 ~ 02:37
Aeroporto Internacional de Pequim Capital,Aeroporto Internacional de Kansai (Osaka),1764,01:57 ~ 02:04,02:04 ~ 02:12
Aeroporto Internacional de Pequim Capital,Aeroporto Internacional de Wattay (Vientiane),2797,03:06 ~ 03:17,03:17 ~ 03:29
Aeroporto Internacional de Pequim Capital,Aeroporto Internacional de Kuala Lumpur (Sepang),4399,04:53 ~ 05:10,05:10 ~ 05:29
Aeroporto Internacional de Pequim Capital,Aeroporto Internacional de Penang (Penang),4184,04:38 ~ 04:55,04:55 ~ 05:13
Aeroporto Internacional de Pequim Capital,Aeroporto Internacional de Malé,5865,06:30 ~ 06:54,06:54 ~ 07:19
Aeroporto Internacional de Pequim Capital,Aeroporto Internacional de Changi,4473,04:58 ~ 05:15,05:15 ~ 05:35
Aeroporto Internacional de Pequim Capital,Aeroporto Internacional de Suvarnabhumi,3308,03:40 ~ 03:53,03:53 ~ 04:08
Aeroporto Internacional de Pequim Capital,Aeroporto Internacional Don Mueang,3292,03:39 ~ 03:52,03:52 ~ 04:06
Aeroporto Internacional de Pequim Capital,Aeroporto Internacional de Taiwan Taoyuan,1718,01:54 ~ 02:01,02:01 ~ 02:08
Aeroporto Internacional de Pequim Capital,Aeroporto Internacional de Tan Son Nhat,3386,03:45 ~ 03:59,03:59 ~ 04:13
Aeroporto Internacional de Pequim Capital,Aeroporto Internacional de Noi Bai,2327,02:35 ~ 02:44,02:44 ~ 02:54
Aeroporto Internacional de Pequim Capital,Aeroporto de Frankfurt,7809,08:40 ~ 09:11,09:11 ~ 09:45
Aeroporto Internacional de Pequim Capital,Aeroporto de Dublin,8290,09:12 ~ 09:45,09:45 ~ 10:21
Aeroporto Internacional de Pequim Capital,Aeroporto de Varsóvia Chopin,6963,07:44 ~ 08:11,08:11 ~ 08:42
Aeroporto Internacional de Pequim Capital,Aeroporto de Oslo-Gardermoen,7002,07:46 ~ 08:14,08:14 ~ 08:45
Aeroporto Internacional de Pequim Capital,Aeroporto de Roma-Fiumicino,8169,09:04 ~ 09:36,09:36 ~ 10:12
Aeroporto Internacional de Pequim Capital,Aeroporto de Milão-Malpensa,8114,09:00 ~ 09:32,09:32 ~ 10:08
Aeroporto Internacional de Pequim Capital,Aeroporto de Praga,7482,08:18 ~ 08:48,08:48 ~ 09:21
Aeroporto Internacional de Pequim Capital,Aeroporto de Heathrow (Londres),8176,09:05 ~ 09:37,09:37 ~ 10:13
Aeroporto Internacional de Pequim Capital,Aeroporto de Gatwick (Londres),8188,09:05 ~ 09:37,09:37 ~ 10:14
Aeroporto Internacional de Pequim Capital,Aeroporto Internacional de Budapeste Ferenc Liszt,7349,08:09 ~ 08:38,08:38 ~ 09:11
Aeroporto Internacional de Pequim Capital,Aeroporto de Schiphol (Amsterdã),7849,08:43 ~ 09:14,09:14 ~ 09:48
Aeroporto Internacional de Pequim Capital,Aeroporto Internacional de Boryspil (Kiev),6448,07:09 ~ 07:35,07:35 ~ 08:03
Aeroporto Internacional de Pequim Capital,Aeroporto de Istambul,7090,07:52 ~ 08:20,08:20 ~ 08:51
Aeroporto Internacional de Pequim Capital,Aeroporto de Zurique,7993,08:52 ~ 09:24,09:24 ~ 09:59
Aeroporto Internacional de Pequim Capital,Aeroporto de Estocolmo-Arlanda,6710,07:27 ~ 07:53,07:53 ~ 08:23
Aeroporto Internacional de Pequim Capital,Aeroporto Nikola Tesla (Belgrado),7445,08:16 ~ 08:45,08:45 ~ 09:18
Aeroporto Internacional de Pequim Capital,Aeroporto Internacional Sheremetyevo (Moscou),5811,06:27 ~ 06:50,06:50 ~ 07:15
Aeroporto Internacional de Pequim Capital,Aeroporto de Pulkovo (São Petersburgo),6073,06:44 ~ 07:08,07:08 ~ 07:35
Aeroporto Internacional de Pequim Capital,Aeroporto Internacional Henri Coand? (Bucareste),7072,07:51 ~ 08:19,08:19 ~ 08:50
Aeroporto Internacional de Pequim Capital,Aeroporto Humberto Delgado (Lisboa),9682,10:45 ~ 11:23,11:23 ~ 12:06
Aeroporto Internacional de Pequim Capital,Aeroporto Francisco Sá Carneiro (Porto),9443,10:29 ~ 11:06,11:06 ~ 11:48
Aeroporto Internacional de Pequim Capital,Aeroporto Internacional de Malta,8437,09:22 ~ 09:55,09:55 ~ 10:32
Aeroporto Internacional de Pequim Capital,Aeroporto de Luxemburgo,7968,08:51 ~ 09:22,09:22 ~ 09:57
Aeroporto Internacional de Pequim Capital,Aeroporto Internacional de Vilnius,6579,07:18 ~ 07:44,07:44 ~ 08:13
Aeroporto Internacional de Pequim Capital,Aeroporto Internacional de Riga,6538,07:15 ~ 07:41,07:41 ~ 08:10
Aeroporto Internacional de Pequim Capital,Aeroporto Internacional Madre Teresa (Tirana),7699,08:33 ~ 09:03,09:03 ~ 09:37
Aeroporto Internacional de Pequim Capital,Aeroporto de Barcelona-El Prat (Espanha),8836,09:49 ~ 10:23,10:23 ~ 11:02
Aeroporto Internacional de Pequim Capital,Aeroporto de Toulouse-Blagnac (França),8692,09:39 ~ 10:13,10:13 ~ 10:51
Aeroporto Internacional de Pequim Capital,Aeroporto Internacional de Viena,7473,08:18 ~ 08:47,08:47 ~ 09:20
Aeroporto Internacional de Pequim Capital,Aeroporto de Bruxelas,7967,08:51 ~ 09:22,09:22 ~ 09:57
Aeroporto Internacional de Pequim Capital,Aeroporto de Sófia,7368,08:11 ~ 08:40,08:40 ~ 09:12
Aeroporto Internacional de Pequim Capital,Aeroporto de Bratislava,7429,08:15 ~ 08:44,08:44 ~ 09:17
Aeroporto Internacional de Pequim Capital,Aeroporto de Ljubljana Joe Pu?nik,7726,08:35 ~ 09:05,09:05 ~ 09:39
Aeroporto Internacional de Pequim Capital,Aeroporto Adolfo Suárez Madrid-Barajas,9227,10:15 ~ 10:51,10:51 ~ 11:32
Aeroporto Internacional de Pequim Capital,Aeroporto de Barcelona-El Prat,8835,09:48 ~ 10:23,10:23 ~ 11:02
Aeroporto Internacional de Pequim Capital,Aeroporto de Tallinn,6375,07:04 ~ 07:30,07:30 ~ 07:58
Aeroporto Internacional de Pequim Capital,Aeroporto de Vágar,7621,08:28 ~ 08:57,08:57 ~ 09:31
Aeroporto Internacional de Pequim Capital,Aeroporto de Helsinque,6325,07:01 ~ 07:26,07:26 ~ 07:54
Aeroporto Internacional de Pequim Capital,Aeroporto Internacional de Brasília,16936,18:49 ~ 19:55,19:55 ~ 21:10
Aeroporto Internacional de Pequim Capital,Aeroporto Internacional de Várzea Grande,17215,19:07 ~ 20:15,20:15 ~ 21:31
Aeroporto Internacional de Pequim Capital,Aeroporto Internacional de Belém,15463,17:10 ~ 18:11,18:11 ~ 19:19
Aeroporto Internacional de Pequim Capital,Aeroporto Internacional de Tabatinga,15927,17:41 ~ 18:44,18:44 ~ 19:54
Aeroporto Internacional de Pequim Capital,Aeroporto Internacional de Manaus,15888,17:39 ~ 18:41,18:41 ~ 19:51
Aeroporto Internacional de Pequim Capital,Aeroporto Internacional de Macapá,15391,17:06 ~ 18:06,18:06 ~ 19:14
Aeroporto Internacional de Pequim Capital,Aeroporto Internacional de Fortaleza,15277,16:58 ~ 17:58,17:58 ~ 19:05
Aeroporto Internacional de Pequim Capital,Aeroporto Internacional de Maceió,15617,17:21 ~ 18:22,18:22 ~ 19:31
Aeroporto Internacional de Pequim Capital,Aeroporto Internacional de Aracaju,15873,17:38 ~ 18:40,18:40 ~ 19:50
Aeroporto Internacional de Pequim Capital,Aeroporto Internacional de Belo Horizonte,17040,18:56 ~ 20:02,20:02 ~ 21:18
Aeroporto Internacional de Pequim Capital,Aeroporto Santos Dumont,17323,19:14 ~ 20:22,20:22 ~ 21:39
Aeroporto Internacional de Pequim Capital,Aeroporto Internacional do Rio de Janeiro,17319,19:14 ~ 20:22,20:22 ~ 21:38
Aeroporto Internacional de Pequim Capital,Aeroporto Internacional de Vitória,16907,18:47 ~ 19:53,19:53 ~ 21:08
Aeroporto Internacional de Pequim Capital,Aeroporto Internacional de São José dos Campos,17521,19:28 ~ 20:36,20:36 ~ 21:54
Aeroporto Internacional de Pequim Capital,Aeroporto Internacional de Viracopos,17639,19:35 ~ 20:45,20:45 ~ 22:02
Aeroporto Internacional de Pequim Capital,Aeroporto Internacional de Curitiba,17901,19:53 ~ 21:03,21:03 ~ 22:22
Aeroporto Internacional de Pequim Capital,Aeroporto Internacional de Florianópolis,18075,20:04 ~ 21:15,21:15 ~ 22:35
Aeroporto Internacional de Pequim Capital,Aeroporto Internacional de Navegantes,18018,20:01 ~ 21:11,21:11 ~ 22:31
Aeroporto Internacional de Pequim Capital,Aeroporto Internacional de Porto Alegre,18438,20:29 ~ 21:41,21:41 ~ 23:02
Aeroporto Internacional de Pequim Capital,Aeroporto de Copenhague,8369,09:17 ~ 09:50,09:50 ~ 10:27
Aeroporto Internacional de Pequim Capital,Aeroporto Internacional Hartsfield-Jackson Atlanta,11563,12:50 ~ 13:36,13:36 ~ 14:27
Aeroporto Internacional de Pequim Capital,Aeroporto de Teresina,15617,17:21 ~ 18:22,18:22 ~ 19:31
Aeroporto Internacional de Pequim Capital,Aeroporto Internacional de João Pessoa,15395,17:06 ~ 18:06,18:06 ~ 19:14
Aeroporto Internacional de Pyongyang Sunan,Aeroporto Internacional de Guarulhos,18106,20:07 ~ 21:18,21:18 ~ 22:37
Aeroporto Internacional de Pyongyang Sunan,Aeroporto Internacional do Recife,16057,17:50 ~ 18:53,18:53 ~ 20:04
Aeroporto Internacional de Pyongyang Sunan,Aeroporto Internacional de Salvador,16696,18:33 ~ 19:38,19:38 ~ 20:52
Aeroporto Internacional de Pyongyang Sunan,Aeroporto Internacional de Natal,15838,17:35 ~ 18:37,18:37 ~ 19:47
Aeroporto Internacional de Pyongyang Sunan,Aeroporto Internacional de São Luís,15821,17:34 ~ 18:36,18:36 ~ 19:46
Aeroporto Internacional de Pyongyang Sunan,Aeroporto Internacional Pinto Martins,15769,17:31 ~ 18:33,18:33 ~ 19:42
Aeroporto Internacional de Pyongyang Sunan,Aeroporto Internacional de Nursultan Nazarbayev,4353,04:50 ~ 05:07,05:07 ~ 05:26
Aeroporto Internacional de Pyongyang Sunan,Aeroporto Internacional de Xangai Pudong,963,01:04 ~ 01:07,01:07 ~ 01:12
Aeroporto Internacional de Pyongyang Sunan,Aeroporto Internacional de Pequim Capital,785,00:52 ~ 00:55,00:55 ~ 00:58
Aeroporto Internacional de Pyongyang Sunan,Aeroporto Internacional de Incheon,207,00:13 ~ 00:14,00:14 ~ 00:15
Aeroporto Internacional de Pyongyang Sunan,Aeroporto Internacional Ninoy Aquino,2777,03:05 ~ 03:16,03:16 ~ 03:28
Aeroporto Internacional de Pyongyang Sunan,Aeroporto Internacional de Hong Kong,2183,02:25 ~ 02:34,02:34 ~ 02:43
Aeroporto Internacional de Pyongyang Sunan,Aeroporto Internacional Indira Gandhi,4588,05:05 ~ 05:23,05:23 ~ 05:44
Aeroporto Internacional de Pyongyang Sunan,Aeroporto Internacional Soekarno-Hatta (Jacarta),5390,05:59 ~ 06:20,06:20 ~ 06:44
Aeroporto Internacional de Pyongyang Sunan,Aeroporto Internacional Ngurah Rai (Bali),5421,06:01 ~ 06:22,06:22 ~ 06:46
Aeroporto Internacional de Pyongyang Sunan,Aeroporto Internacional de Narita (Tóquio),1355,01:30 ~ 01:35,01:35 ~ 01:41
Aeroporto Internacional de Pyongyang Sunan,Aeroporto Internacional de Haneda (Tóquio),1312,01:27 ~ 01:32,01:32 ~ 01:38
Aeroporto Internacional de Pyongyang Sunan,Aeroporto Internacional de Kansai (Osaka),1004,01:06 ~ 01:10,01:10 ~ 01:15
Aeroporto Internacional de Pyongyang Sunan,Aeroporto Internacional de Wattay (Vientiane),3246,03:36 ~ 03:49,03:49 ~ 04:03
Aeroporto Internacional de Pyongyang Sunan,Aeroporto Internacional de Kuala Lumpur (Sepang),4714,05:14 ~ 05:32,05:32 ~ 05:53
Aeroporto Internacional de Pyongyang Sunan,Aeroporto Internacional de Penang (Penang),4544,05:02 ~ 05:20,05:20 ~ 05:40
Aeroporto Internacional de Pyongyang Sunan,Aeroporto Internacional de Malé,6519,07:14 ~ 07:40,07:40 ~ 08:08
Aeroporto Internacional de Pyongyang Sunan,Aeroporto Internacional de Changi,4737,05:15 ~ 05:34,05:34 ~ 05:55
Aeroporto Internacional de Pyongyang Sunan,Aeroporto Internacional de Suvarnabhumi,3740,04:09 ~ 04:24,04:24 ~ 04:40
Aeroporto Internacional de Pyongyang Sunan,Aeroporto Internacional Don Mueang,3729,04:08 ~ 04:23,04:23 ~ 04:39
Aeroporto Internacional de Pyongyang Sunan,Aeroporto Internacional de Taiwan Taoyuan,1624,01:48 ~ 01:54,01:54 ~ 02:01
Aeroporto Internacional de Pyongyang Sunan,Aeroporto Internacional de Tan Son Nhat,3669,04:04 ~ 04:18,04:18 ~ 04:35
Aeroporto Internacional de Pyongyang Sunan,Aeroporto Internacional de Noi Bai,2752,03:03 ~ 03:14,03:14 ~ 03:26
Aeroporto Internacional de Pyongyang Sunan,Aeroporto de Frankfurt,8367,09:17 ~ 09:50,09:50 ~ 10:27
Aeroporto Internacional de Pyongyang Sunan,Aeroporto de Dublin,8752,09:43 ~ 10:17,10:17 ~ 10:56
Aeroporto Internacional de Pyongyang Sunan,Aeroporto de Varsóvia Chopin,7552,08:23 ~ 08:53,08:53 ~ 09:26
Aeroporto Internacional de Pyongyang Sunan,Aeroporto de Oslo-Gardermoen,7484,08:18 ~ 08:48,08:48 ~ 09:21
Aeroporto Internacional de Pyongyang Sunan,Aeroporto de Roma-Fiumicino,8799,09:46 ~ 10:21,10:21 ~ 10:59
Aeroporto Internacional de Pyongyang Sunan,Aeroporto de Milão-Malpensa,8704,09:40 ~ 10:14,10:14 ~ 10:52
Aeroporto Internacional de Pyongyang Sunan,Aeroporto de Praga,8063,08:57 ~ 09:29,09:29 ~ 10:04
Aeroporto Internacional de Pyongyang Sunan,Aeroporto de Heathrow (Londres),8681,09:38 ~ 10:12,10:12 ~ 10:51
Aeroporto Internacional de Pyongyang Sunan,Aeroporto de Gatwick (Londres),8697,09:39 ~ 10:13,10:13 ~ 10:52
Aeroporto Internacional de Pyongyang Sunan,Aeroporto Internacional de Budapeste Ferenc Liszt,7969,08:51 ~ 09:22,09:22 ~ 09:57
Aeroporto Internacional de Pyongyang Sunan,Aeroporto de Schiphol (Amsterdã),8373,09:18 ~ 09:51,09:51 ~ 10:27
Aeroporto Internacional de Pyongyang Sunan,Aeroporto Internacional de Boryspil (Kiev),7083,07:52 ~ 08:19,08:19 ~ 08:51
Aeroporto Internacional de Pyongyang Sunan,Aeroporto de Istambul,7784,08:38 ~ 09:09,09:09 ~ 09:43
Aeroporto Internacional de Pyongyang Sunan,Aeroporto de Zurique,8570,09:31 ~ 10:04,10:04 ~ 10:42
Aeroporto Internacional de Pyongyang Sunan,Aeroporto de Estocolmo-Arlanda,7221,08:01 ~ 08:29,08:29 ~ 09:01
Aeroporto Internacional de Pyongyang Sunan,Aeroporto Nikola Tesla (Belgrado),8087,08:59 ~ 09:30,09:30 ~ 10:06
Aeroporto Internacional de Pyongyang Sunan,Aeroporto Internacional Sheremetyevo (Moscou),6411,07:07 ~ 07:32,07:32 ~ 08:00
Aeroporto Internacional de Pyongyang Sunan,Aeroporto de Pulkovo (São Petersburgo),6617,07:21 ~ 07:47,07:47 ~ 08:16
Aeroporto Internacional de Pyongyang Sunan,Aeroporto Internacional Henri Coand? (Bucareste),7735,08:35 ~ 09:05,09:05 ~ 09:40
Aeroporto Internacional de Pyongyang Sunan,Aeroporto Humberto Delgado (Lisboa),10220,11:21 ~ 12:01,12:01 ~ 12:46
Aeroporto Internacional de Pyongyang Sunan,Aeroporto Francisco Sá Carneiro (Porto),9970,11:04 ~ 11:43,11:43 ~ 12:27
Aeroporto Internacional de Pyongyang Sunan,Aeroporto Internacional de Malta,9111,10:07 ~ 10:43,10:43 ~ 11:23
Aeroporto Internacional de Pyongyang Sunan,Aeroporto de Luxemburgo,8519,09:27 ~ 10:01,10:01 ~ 10:38
Aeroporto Internacional de Pyongyang Sunan,Aeroporto Internacional de Vilnius,7160,07:57 ~ 08:25,08:25 ~ 08:56
Aeroporto Internacional de Pyongyang Sunan,Aeroporto Internacional de Riga,7094,07:52 ~ 08:20,08:20 ~ 08:52
Aeroporto Internacional de Pyongyang Sunan,Aeroporto Internacional Madre Teresa (Tirana),8360,09:17 ~ 09:50,09:50 ~ 10:26
Aeroporto Internacional de Pyongyang Sunan,Aeroporto de Barcelona-El Prat (Espanha),9423,10:28 ~ 11:05,11:05 ~ 11:46
Aeroporto Internacional de Pyongyang Sunan,Aeroporto de Toulouse-Blagnac (França),9261,10:17 ~ 10:53,10:53 ~ 11:34
Aeroporto Internacional de Pyongyang Sunan,Aeroporto Internacional de Viena,8078,08:58 ~ 09:30,09:30 ~ 10:05
Aeroporto Internacional de Pyongyang Sunan,Aeroporto de Bruxelas,8500,09:26 ~ 10:00,10:00 ~ 10:37
Aeroporto Internacional de Pyongyang Sunan,Aeroporto de Sófia,8034,08:55 ~ 09:27,09:27 ~ 10:02
Aeroporto Internacional de Pyongyang Sunan,Aeroporto de Bratislava,8036,08:55 ~ 09:27,09:27 ~ 10:02
Aeroporto Internacional de Pyongyang Sunan,Aeroporto de Ljubljana Joe Pu?nik,8336,09:15 ~ 09:48,09:48 ~ 10:25
Aeroporto Internacional de Pyongyang Sunan,Aeroporto Adolfo Suárez Madrid-Barajas,9789,10:52 ~ 11:30,11:30 ~ 12:14
Aeroporto Internacional de Pyongyang Sunan,Aeroporto de Barcelona-El Prat,9422,10:28 ~ 11:05,11:05 ~ 11:46
Aeroporto Internacional de Pyongyang Sunan,Aeroporto de Tallinn,6908,07:40 ~ 08:07,08:07 ~ 08:38
Aeroporto Internacional de Pyongyang Sunan,Aeroporto de Vágar,8012,08:54 ~ 09:25,09:25 ~ 10:00
Aeroporto Internacional de Pyongyang Sunan,Aeroporto de Helsinque,6849,07:36 ~ 08:03,08:03 ~ 08:33
Aeroporto Internacional de Pyongyang Sunan,Aeroporto Internacional de Brasília,17343,19:16 ~ 20:24,20:24 ~ 21:40
Aeroporto Internacional de Pyongyang Sunan,Aeroporto Internacional de Várzea Grande,17383,19:18 ~ 20:27,20:27 ~ 21:43
Aeroporto Internacional de Pyongyang Sunan,Aeroporto Internacional de Belém,15771,17:31 ~ 18:33,18:33 ~ 19:42
Aeroporto Internacional de Pyongyang Sunan,Aeroporto Internacional de Tabatinga,15853,17:36 ~ 18:39,18:39 ~ 19:48
Aeroporto Internacional de Pyongyang Sunan,Aeroporto Internacional de Manaus,15955,17:43 ~ 18:46,18:46 ~ 19:56
Aeroporto Internacional de Pyongyang Sunan,Aeroporto Internacional de Macapá,15644,17:22 ~ 18:24,18:24 ~ 19:33
Aeroporto Internacional de Pyongyang Sunan,Aeroporto Internacional de Fortaleza,15769,17:31 ~ 18:33,18:33 ~ 19:42
Aeroporto Internacional de Pyongyang Sunan,Aeroporto Internacional de Maceió,16188,17:59 ~ 19:02,19:02 ~ 20:14
Aeroporto Internacional de Pyongyang Sunan,Aeroporto Internacional de Aracaju,16441,18:16 ~ 19:20,19:20 ~ 20:33
Aeroporto Internacional de Pyongyang Sunan,Aeroporto Internacional de Belo Horizonte,17589,19:32 ~ 20:41,20:41 ~ 21:59
Aeroporto Internacional de Pyongyang Sunan,Aeroporto Santos Dumont,17915,19:54 ~ 21:04,21:04 ~ 22:23
Aeroporto Internacional de Pyongyang Sunan,Aeroporto Internacional do Rio de Janeiro,17908,19:53 ~ 21:04,21:04 ~ 22:23
Aeroporto Internacional de Pyongyang Sunan,Aeroporto Internacional de Vitória,17515,19:27 ~ 20:36,20:36 ~ 21:53
Aeroporto Internacional de Pyongyang Sunan,Aeroporto Internacional de São José dos Campos,18059,20:03 ~ 21:14,21:14 ~ 22:34
Aeroporto Internacional de Pyongyang Sunan,Aeroporto Internacional de Viracopos,18127,20:08 ~ 21:19,21:19 ~ 22:39
Aeroporto Internacional de Pyongyang Sunan,Aeroporto Internacional de Curitiba,18383,20:25 ~ 21:37,21:37 ~ 22:58
Aeroporto Internacional de Pyongyang Sunan,Aeroporto Internacional de Florianópolis,18618,20:41 ~ 21:54,21:54 ~ 23:16
Aeroporto Internacional de Pyongyang Sunan,Aeroporto Internacional de Navegantes,18543,20:36 ~ 21:48,21:48 ~ 23:10
Aeroporto Internacional de Pyongyang Sunan,Aeroporto Internacional de Porto Alegre,18941,21:02 ~ 22:17,22:17 ~ 23:40
Aeroporto Internacional de Pyongyang Sunan,Aeroporto de Copenhague,8780,09:45 ~ 10:19,10:19 ~ 10:58
Aeroporto Internacional de Pyongyang Sunan,Aeroporto Internacional Hartsfield-Jackson Atlanta,11364,12:37 ~ 13:22,13:22 ~ 14:12
Aeroporto Internacional de Pyongyang Sunan,Aeroporto de Teresina,16048,17:49 ~ 18:52,18:52 ~ 20:03
Aeroporto Internacional de Pyongyang Sunan,Aeroporto Internacional de João Pessoa,15961,17:44 ~ 18:46,18:46 ~ 19:57
Aeroporto Internacional de Incheon,Aeroporto Internacional de Guarulhos,18312,20:20 ~ 21:32,21:32 ~ 22:53
Aeroporto Internacional de Incheon,Aeroporto Internacional do Recife,16257,18:03 ~ 19:07,19:07 ~ 20:19
Aeroporto Internacional de Incheon,Aeroporto Internacional de Salvador,16898,18:46 ~ 19:52,19:52 ~ 21:07
Aeroporto Internacional de Incheon,Aeroporto Internacional de Natal,16040,17:49 ~ 18:52,18:52 ~ 20:03
Aeroporto Internacional de Incheon,Aeroporto Internacional de São Luís,16028,17:48 ~ 18:51,18:51 ~ 20:02
Aeroporto Internacional de Incheon,Aeroporto Internacional Pinto Martins,15975,17:45 ~ 18:47,18:47 ~ 19:58
Aeroporto Internacional de Incheon,Aeroporto Internacional de Nursultan Nazarbayev,4525,05:01 ~ 05:19,05:19 ~ 05:39
Aeroporto Internacional de Incheon,Aeroporto Internacional de Xangai Pudong,821,00:54 ~ 00:57,00:57 ~ 01:01
Aeroporto Internacional de Incheon,Aeroporto Internacional de Pequim Capital,904,01:00 ~ 01:03,01:03 ~ 01:07
Aeroporto Internacional de Incheon,Aeroporto Internacional de Pyongyang Sunan,207,00:13 ~ 00:14,00:14 ~ 00:15
Aeroporto Internacional de Incheon,Aeroporto Internacional Ninoy Aquino,2600,02:53 ~ 03:03,03:03 ~ 03:15
Aeroporto Internacional de Incheon,Aeroporto Internacional de Hong Kong,2067,02:17 ~ 02:25,02:25 ~ 02:35
Aeroporto Internacional de Incheon,Aeroporto Internacional Indira Gandhi,4661,05:10 ~ 05:29,05:29 ~ 05:49
Aeroporto Internacional de Incheon,Aeroporto Internacional Soekarno-Hatta (Jacarta),5245,05:49 ~ 06:10,06:10 ~ 06:33
Aeroporto Internacional de Incheon,Aeroporto Internacional Ngurah Rai (Bali),5249,05:49 ~ 06:10,06:10 ~ 06:33
Aeroporto Internacional de Incheon,Aeroporto Internacional de Narita (Tóquio),1259,01:23 ~ 01:28,01:28 ~ 01:34
Aeroporto Internacional de Incheon,Aeroporto Internacional de Haneda (Tóquio),1212,01:20 ~ 01:25,01:25 ~ 01:30
Aeroporto Internacional de Incheon,Aeroporto Internacional de Kansai (Osaka),860,00:57 ~ 01:00,01:00 ~ 01:04
Aeroporto Internacional de Incheon,Aeroporto Internacional de Wattay (Vientiane),3179,03:31 ~ 03:44,03:44 ~ 03:58
Aeroporto Internacional de Incheon,Aeroporto Internacional de Kuala Lumpur (Sepang),4602,05:06 ~ 05:24,05:24 ~ 05:45
Aeroporto Internacional de Incheon,Aeroporto Internacional de Penang (Penang),4444,04:56 ~ 05:13,05:13 ~ 05:33
Aeroporto Internacional de Incheon,Aeroporto Internacional de Malé,6509,07:13 ~ 07:39,07:39 ~ 08:08
Aeroporto Internacional de Incheon,Aeroporto Internacional de Changi,4613,05:07 ~ 05:25,05:25 ~ 05:45
Aeroporto Internacional de Incheon,Aeroporto Internacional de Suvarnabhumi,3664,04:04 ~ 04:18,04:18 ~ 04:34
Aeroporto Internacional de Incheon,Aeroporto Internacional Don Mueang,3655,04:03 ~ 04:17,04:17 ~ 04:34
Aeroporto Internacional de Incheon,Aeroporto Internacional de Taiwan Taoyuan,1460,01:37 ~ 01:43,01:43 ~ 01:49
Aeroporto Internacional de Incheon,Aeroporto Internacional de Tan Son Nhat,3555,03:57 ~ 04:10,04:10 ~ 04:26
Aeroporto Internacional de Incheon,Aeroporto Internacional de Noi Bai,2683,02:58 ~ 03:09,03:09 ~ 03:21
Aeroporto Internacional de Incheon,Aeroporto de Frankfurt,8566,09:31 ~ 10:04,10:04 ~ 10:42
Aeroporto Internacional de Incheon,Aeroporto de Dublin,8957,09:57 ~ 10:32,10:32 ~ 11:11
Aeroporto Internacional de Incheon,Aeroporto de Varsóvia Chopin,7747,08:36 ~ 09:06,09:06 ~ 09:41
Aeroporto Internacional de Incheon,Aeroporto de Oslo-Gardermoen,7688,08:32 ~ 09:02,09:02 ~ 09:36
Aeroporto Internacional de Incheon,Aeroporto de Roma-Fiumicino,8988,09:59 ~ 10:34,10:34 ~ 11:14
Aeroporto Internacional de Incheon,Aeroporto de Milão-Malpensa,8899,09:53 ~ 10:28,10:28 ~ 11:07
Aeroporto Internacional de Incheon,Aeroporto de Praga,8258,09:10 ~ 09:42,09:42 ~ 10:19
Aeroporto Internacional de Incheon,Aeroporto de Heathrow (Londres),8884,09:52 ~ 10:27,10:27 ~ 11:06
Aeroporto Internacional de Incheon,Aeroporto de Gatwick (Londres),8900,09:53 ~ 10:28,10:28 ~ 11:07
Aeroporto Internacional de Incheon,Aeroporto Internacional de Budapeste Ferenc Liszt,8159,09:03 ~ 09:35,09:35 ~ 10:11
Aeroporto Internacional de Incheon,Aeroporto de Schiphol (Amsterdã),8575,09:31 ~ 10:05,10:05 ~ 10:43
Aeroporto Internacional de Incheon,Aeroporto Internacional de Boryspil (Kiev),7270,08:04 ~ 08:33,08:33 ~ 09:05
Aeroporto Internacional de Incheon,Aeroporto de Istambul,7957,08:50 ~ 09:21,09:21 ~ 09:56
Aeroporto Internacional de Incheon,Aeroporto de Zurique,8766,09:44 ~ 10:18,10:18 ~ 10:57
Aeroporto Internacional de Incheon,Aeroporto de Estocolmo-Arlanda,7423,08:14 ~ 08:43,08:43 ~ 09:16
Aeroporto Internacional de Incheon,Aeroporto Nikola Tesla (Belgrado),8273,09:11 ~ 09:43,09:43 ~ 10:20
Aeroporto Internacional de Incheon,Aeroporto Internacional Sheremetyevo (Moscou),6603,07:20 ~ 07:46,07:46 ~ 08:15
Aeroporto Internacional de Incheon,Aeroporto de Pulkovo (São Petersburgo),6816,07:34 ~ 08:01,08:01 ~ 08:31
Aeroporto Internacional de Incheon,Aeroporto Internacional Henri Coand? (Bucareste),7916,08:47 ~ 09:18,09:18 ~ 09:53
Aeroporto Internacional de Incheon,Aeroporto Humberto Delgado (Lisboa),10421,11:34 ~ 12:15,12:15 ~ 13:01
Aeroporto Internacional de Incheon,Aeroporto Francisco Sá Carneiro (Porto),10172,11:18 ~ 11:58,11:58 ~ 12:42
Aeroporto Internacional de Incheon,Aeroporto Internacional de Malta,9290,10:19 ~ 10:55,10:55 ~ 11:36
Aeroporto Internacional de Incheon,Aeroporto de Luxemburgo,8718,09:41 ~ 10:15,10:15 ~ 10:53
Aeroporto Internacional de Incheon,Aeroporto Internacional de Vilnius,7355,08:10 ~ 08:39,08:39 ~ 09:11
Aeroporto Internacional de Incheon,Aeroporto Internacional de Riga,7292,08:06 ~ 08:34,08:34 ~ 09:06
Aeroporto Internacional de Incheon,Aeroporto Internacional Madre Teresa (Tirana),8542,09:29 ~ 10:02,10:02 ~ 10:40
Aeroporto Internacional de Incheon,Aeroporto de Barcelona-El Prat (Espanha),9618,10:41 ~ 11:18,11:18 ~ 12:01
Aeroporto Internacional de Incheon,Aeroporto de Toulouse-Blagnac (França),9458,10:30 ~ 11:07,11:07 ~ 11:49
Aeroporto Internacional de Incheon,Aeroporto Internacional de Viena,8270,09:11 ~ 09:43,09:43 ~ 10:20
Aeroporto Internacional de Incheon,Aeroporto de Bruxelas,8701,09:40 ~ 10:14,10:14 ~ 10:52
Aeroporto Internacional de Incheon,Aeroporto de Sófia,8215,09:07 ~ 09:39,09:39 ~ 10:16
Aeroporto Internacional de Incheon,Aeroporto de Bratislava,8228,09:08 ~ 09:40,09:40 ~ 10:17
Aeroporto Internacional de Incheon,Aeroporto de Ljubljana Joe Pu?nik,8527,09:28 ~ 10:01,10:01 ~ 10:39
Aeroporto Internacional de Incheon,Aeroporto Adolfo Suárez Madrid-Barajas,9988,11:05 ~ 11:45,11:45 ~ 12:29
Aeroporto Internacional de Incheon,Aeroporto de Barcelona-El Prat,9618,10:41 ~ 11:18,11:18 ~ 12:01
Aeroporto Internacional de Incheon,Aeroporto de Tallinn,7108,07:53 ~ 08:21,08:21 ~ 08:53
Aeroporto Internacional de Incheon,Aeroporto de Vágar,8219,09:07 ~ 09:40,09:40 ~ 10:16
Aeroporto Internacional de Incheon,Aeroporto de Helsinque,7050,07:49 ~ 08:17,08:17 ~ 08:48
Aeroporto Internacional de Incheon,Aeroporto Internacional de Brasília,17549,19:29 ~ 20:38,20:38 ~ 21:56
Aeroporto Internacional de Incheon,Aeroporto Internacional de Várzea Grande,17570,19:31 ~ 20:40,20:40 ~ 21:57
Aeroporto Internacional de Incheon,Aeroporto Internacional de Belém,15975,17:45 ~ 18:47,18:47 ~ 19:58
Aeroporto Internacional de Incheon,Aeroporto Internacional de Tabatinga,16012,17:47 ~ 18:50,18:50 ~ 20:00
Aeroporto Internacional de Incheon,Aeroporto Internacional de Manaus,16135,17:55 ~ 18:58,18:58 ~ 20:10
Aeroporto Internacional de Incheon,Aeroporto Internacional de Macapá,15844,17:36 ~ 18:38,18:38 ~ 19:48
Aeroporto Internacional de Incheon,Aeroporto Internacional de Fortaleza,15975,17:45 ~ 18:47,18:47 ~ 19:58
Aeroporto Internacional de Incheon,Aeroporto Internacional de Maceió,16388,18:12 ~ 19:16,19:16 ~ 20:29
Aeroporto Internacional de Incheon,Aeroporto Internacional de Aracaju,16642,18:29 ~ 19:34,19:34 ~ 20:48
Aeroporto Internacional de Incheon,Aeroporto Internacional de Belo Horizonte,17793,19:46 ~ 20:55,20:55 ~ 22:14
Aeroporto Internacional de Incheon,Aeroporto Santos Dumont,18116,20:07 ~ 21:18,21:18 ~ 22:38
Aeroporto Internacional de Incheon,Aeroporto Internacional do Rio de Janeiro,18110,20:07 ~ 21:18,21:18 ~ 22:38
Aeroporto Internacional de Incheon,Aeroporto Internacional de Vitória,17713,19:40 ~ 20:50,20:50 ~ 22:08
Aeroporto Internacional de Incheon,Aeroporto Internacional de São José dos Campos,18265,20:17 ~ 21:29,21:29 ~ 22:49
Aeroporto Internacional de Incheon,Aeroporto Internacional de Viracopos,18334,20:22 ~ 21:34,21:34 ~ 22:55
Aeroporto Internacional de Incheon,Aeroporto Internacional de Curitiba,18590,20:39 ~ 21:52,21:52 ~ 23:14
Aeroporto Internacional de Incheon,Aeroporto Internacional de Florianópolis,18825,20:55 ~ 22:08,22:08 ~ 23:31
Aeroporto Internacional de Incheon,Aeroporto Internacional de Navegantes,18750,20:49 ~ 22:03,22:03 ~ 23:26
Aeroporto Internacional de Incheon,Aeroporto Internacional de Porto Alegre,19148,21:16 ~ 22:31,22:31 ~ 23:56
Aeroporto Internacional de Incheon,Aeroporto de Copenhague,8987,09:59 ~ 10:34,10:34 ~ 11:14
Aeroporto Internacional de Incheon,Aeroporto Internacional Hartsfield-Jackson Atlanta,11511,12:47 ~ 13:32,13:32 ~ 14:23
Aeroporto Internacional de Incheon,Aeroporto de Teresina,16256,18:03 ~ 19:07,19:07 ~ 20:19
Aeroporto Internacional de Incheon,Aeroporto Internacional de João Pessoa,16162,17:57 ~ 19:00,19:00 ~ 20:12
Aeroporto Internacional Ninoy Aquino,Aeroporto Internacional de Guarulhos,18378,20:25 ~ 21:37,21:37 ~ 22:58
Aeroporto Internacional Ninoy Aquino,Aeroporto Internacional do Recife,17316,19:14 ~ 20:22,20:22 ~ 21:38
Aeroporto Internacional Ninoy Aquino,Aeroporto Internacional de Salvador,17795,19:46 ~ 20:56,20:56 ~ 22:14
Aeroporto Internacional Ninoy Aquino,Aeroporto Internacional de Natal,17262,19:10 ~ 20:18,20:18 ~ 21:34
Aeroporto Internacional Ninoy Aquino,Aeroporto Internacional de São Luís,17934,19:55 ~ 21:05,21:05 ~ 22:25
Aeroporto Internacional Ninoy Aquino,Aeroporto Internacional Pinto Martins,17490,19:26 ~ 20:34,20:34 ~ 21:51
Aeroporto Internacional Ninoy Aquino,Aeroporto Internacional de Nursultan Nazarbayev,5988,06:39 ~ 07:02,07:02 ~ 07:29
Aeroporto Internacional Ninoy Aquino,Aeroporto Internacional de Xangai Pudong,1844,02:02 ~ 02:10,02:10 ~ 02:18
Aeroporto Internacional Ninoy Aquino,Aeroporto Internacional de Pequim Capital,2866,03:11 ~ 03:22,03:22 ~ 03:34
Aeroporto Internacional Ninoy Aquino,Aeroporto Internacional de Pyongyang Sunan,2777,03:05 ~ 03:16,03:16 ~ 03:28
Aeroporto Internacional Ninoy Aquino,Aeroporto Internacional de Incheon,2600,02:53 ~ 03:03,03:03 ~ 03:15
Aeroporto Internacional Ninoy Aquino,Aeroporto Internacional de Hong Kong,1144,01:16 ~ 01:20,01:20 ~ 01:25
Aeroporto Internacional Ninoy Aquino,Aeroporto Internacional Indira Gandhi,4776,05:18 ~ 05:37,05:37 ~ 05:58
Aeroporto Internacional Ninoy Aquino,Aeroporto Internacional Soekarno-Hatta (Jacarta),2779,03:05 ~ 03:16,03:16 ~ 03:28
Aeroporto Internacional Ninoy Aquino,Aeroporto Internacional Ngurah Rai (Bali),2652,02:56 ~ 03:07,03:07 ~ 03:18
Aeroporto Internacional Ninoy Aquino,Aeroporto Internacional de Narita (Tóquio),3046,03:23 ~ 03:35,03:35 ~ 03:48
Aeroporto Internacional Ninoy Aquino,Aeroporto Internacional de Haneda (Tóquio),2991,03:19 ~ 03:31,03:31 ~ 03:44
Aeroporto Internacional Ninoy Aquino,Aeroporto Internacional de Kansai (Osaka),2629,02:55 ~ 03:05,03:05 ~ 03:17
Aeroporto Internacional Ninoy Aquino,Aeroporto Internacional de Wattay (Vientiane),2010,02:14 ~ 02:21,02:21 ~ 02:30
Aeroporto Internacional Ninoy Aquino,Aeroporto Internacional de Kuala Lumpur (Sepang),2489,02:45 ~ 02:55,02:55 ~ 03:06
Aeroporto Internacional Ninoy Aquino,Aeroporto Internacional de Penang (Penang),2489,02:45 ~ 02:55,02:55 ~ 03:06
Aeroporto Internacional Ninoy Aquino,Aeroporto Internacional de Malé,5328,05:55 ~ 06:16,06:16 ~ 06:39
Aeroporto Internacional Ninoy Aquino,Aeroporto Internacional de Changi,2371,02:38 ~ 02:47,02:47 ~ 02:57
Aeroporto Internacional Ninoy Aquino,Aeroporto Internacional de Suvarnabhumi,2190,02:25 ~ 02:34,02:34 ~ 02:44
Aeroporto Internacional Ninoy Aquino,Aeroporto Internacional Don Mueang,2204,02:26 ~ 02:35,02:35 ~ 02:45
Aeroporto Internacional Ninoy Aquino,Aeroporto Internacional de Taiwan Taoyuan,1170,01:18 ~ 01:22,01:22 ~ 01:27
Aeroporto Internacional Ninoy Aquino,Aeroporto Internacional de Tan Son Nhat,1613,01:47 ~ 01:53,01:53 ~ 02:00
Aeroporto Internacional Ninoy Aquino,Aeroporto Internacional de Noi Bai,1773,01:58 ~ 02:05,02:05 ~ 02:12
Aeroporto Internacional Ninoy Aquino,Aeroporto de Frankfurt,10310,11:27 ~ 12:07,12:07 ~ 12:53
Aeroporto Internacional Ninoy Aquino,Aeroporto de Dublin,10969,12:11 ~ 12:54,12:54 ~ 13:42
Aeroporto Internacional Ninoy Aquino,Aeroporto de Varsóvia Chopin,9417,10:27 ~ 11:04,11:04 ~ 11:46
Aeroporto Internacional Ninoy Aquino,Aeroporto de Oslo-Gardermoen,9677,10:45 ~ 11:23,11:23 ~ 12:05
Aeroporto Internacional Ninoy Aquino,Aeroporto de Roma-Fiumicino,10438,11:35 ~ 12:16,12:16 ~ 13:02
Aeroporto Internacional Ninoy Aquino,Aeroporto de Milão-Malpensa,10518,11:41 ~ 12:22,12:22 ~ 13:08
Aeroporto Internacional Ninoy Aquino,Aeroporto de Praga,9936,11:02 ~ 11:41,11:41 ~ 12:25
Aeroporto Internacional Ninoy Aquino,Aeroporto de Heathrow (Londres),10781,11:58 ~ 12:41,12:41 ~ 13:28
Aeroporto Internacional Ninoy Aquino,Aeroporto de Gatwick (Londres),10785,11:58 ~ 12:41,12:41 ~ 13:28
Aeroporto Internacional Ninoy Aquino,Aeroporto Internacional de Budapeste Ferenc Liszt,9695,10:46 ~ 11:24,11:24 ~ 12:07
Aeroporto Internacional Ninoy Aquino,Aeroporto de Schiphol (Amsterdã),10426,11:35 ~ 12:15,12:15 ~ 13:01
Aeroporto Internacional Ninoy Aquino,Aeroporto Internacional de Boryspil (Kiev),8789,09:45 ~ 10:20,10:20 ~ 10:59
Aeroporto Internacional Ninoy Aquino,Aeroporto de Istambul,9149,10:09 ~ 10:45,10:45 ~ 11:26
Aeroporto Internacional Ninoy Aquino,Aeroporto de Zurique,10439,11:35 ~ 12:16,12:16 ~ 13:02
Aeroporto Internacional Ninoy Aquino,Aeroporto de Estocolmo-Arlanda,9345,10:22 ~ 10:59,10:59 ~ 11:40
Aeroporto Internacional Ninoy Aquino,Aeroporto Nikola Tesla (Belgrado),9709,10:47 ~ 11:25,11:25 ~ 12:08
Aeroporto Internacional Ninoy Aquino,Aeroporto Internacional Sheremetyevo (Moscou),8286,09:12 ~ 09:44,09:44 ~ 10:21
Aeroporto Internacional Ninoy Aquino,Aeroporto de Pulkovo (São Petersburgo),8666,09:37 ~ 10:11,10:11 ~ 10:49
Aeroporto Internacional Ninoy Aquino,Aeroporto Internacional Henri Coand? (Bucareste),9273,10:18 ~ 10:54,10:54 ~ 11:35
Aeroporto Internacional Ninoy Aquino,Aeroporto Humberto Delgado (Lisboa),12166,13:31 ~ 14:18,14:18 ~ 15:12
Aeroporto Internacional Ninoy Aquino,Aeroporto Francisco Sá Carneiro (Porto),11964,13:17 ~ 14:04,14:04 ~ 14:57
Aeroporto Internacional Ninoy Aquino,Aeroporto Internacional de Malta,10511,11:40 ~ 12:21,12:21 ~ 13:08
Aeroporto Internacional Ninoy Aquino,Aeroporto de Luxemburgo,10482,11:38 ~ 12:19,12:19 ~ 13:06
Aeroporto Internacional Ninoy Aquino,Aeroporto Internacional de Vilnius,9068,10:04 ~ 10:40,10:40 ~ 11:20
Aeroporto Internacional Ninoy Aquino,Aeroporto Internacional de Riga,9089,10:05 ~ 10:41,10:41 ~ 11:21
Aeroporto Internacional Ninoy Aquino,Aeroporto Internacional Madre Teresa (Tirana),9870,10:58 ~ 11:36,11:36 ~ 12:20
Aeroporto Internacional Ninoy Aquino,Aeroporto de Barcelona-El Prat (Espanha),11220,12:28 ~ 13:11,13:11 ~ 14:01
Aeroporto Internacional Ninoy Aquino,Aeroporto de Toulouse-Blagnac (França),11135,12:22 ~ 13:05,13:05 ~ 13:55
Aeroporto Internacional Ninoy Aquino,Aeroporto Internacional de Viena,9859,10:57 ~ 11:35,11:35 ~ 12:19
Aeroporto Internacional Ninoy Aquino,Aeroporto de Bruxelas,10521,11:41 ~ 12:22,12:22 ~ 13:09
Aeroporto Internacional Ninoy Aquino,Aeroporto de Sófia,9538,10:35 ~ 11:13,11:13 ~ 11:55
Aeroporto Internacional Ninoy Aquino,Aeroporto de Bratislava,9812,10:54 ~ 11:32,11:32 ~ 12:15
Aeroporto Internacional Ninoy Aquino,Aeroporto de Ljubljana Joe Pu?nik,10085,11:12 ~ 11:51,11:51 ~ 12:36
Aeroporto Internacional Ninoy Aquino,Aeroporto Adolfo Suárez Madrid-Barajas,11668,12:57 ~ 13:43,13:43 ~ 14:35
Aeroporto Internacional Ninoy Aquino,Aeroporto de Barcelona-El Prat,11219,12:27 ~ 13:11,13:11 ~ 14:01
Aeroporto Internacional Ninoy Aquino,Aeroporto de Tallinn,8977,09:58 ~ 10:33,10:33 ~ 11:13
Aeroporto Internacional Ninoy Aquino,Aeroporto de Vágar,10401,11:33 ~ 12:14,12:14 ~ 13:00
Aeroporto Internacional Ninoy Aquino,Aeroporto de Helsinque,8946,09:56 ~ 10:31,10:31 ~ 11:10
Aeroporto Internacional Ninoy Aquino,Aeroporto Internacional de Brasília,18838,20:55 ~ 22:09,22:09 ~ 23:32
Aeroporto Internacional Ninoy Aquino,Aeroporto Internacional de Várzea Grande,19727,21:55 ~ 23:12,23:12 ~ 24:39
Aeroporto Internacional Ninoy Aquino,Aeroporto Internacional de Belém,18161,20:10 ~ 21:21,21:21 ~ 22:42
Aeroporto Internacional Ninoy Aquino,Aeroporto Internacional de Tabatinga,18543,20:36 ~ 21:48,21:48 ~ 23:10
Aeroporto Internacional Ninoy Aquino,Aeroporto Internacional de Manaus,18730,20:48 ~ 22:02,22:02 ~ 23:24
Aeroporto Internacional Ninoy Aquino,Aeroporto Internacional de Macapá,18182,20:12 ~ 21:23,21:23 ~ 22:43
Aeroporto Internacional Ninoy Aquino,Aeroporto Internacional de Fortaleza,17491,19:26 ~ 20:34,20:34 ~ 21:51
Aeroporto Internacional Ninoy Aquino,Aeroporto Internacional de Maceió,17431,19:22 ~ 20:30,20:30 ~ 21:47
Aeroporto Internacional Ninoy Aquino,Aeroporto Internacional de Aracaju,17624,19:34 ~ 20:44,20:44 ~ 22:01
Aeroporto Internacional Ninoy Aquino,Aeroporto Internacional de Belo Horizonte,18264,20:17 ~ 21:29,21:29 ~ 22:49
Aeroporto Internacional Ninoy Aquino,Aeroporto Santos Dumont,18119,20:07 ~ 21:18,21:18 ~ 22:38
Aeroporto Internacional Ninoy Aquino,Aeroporto Internacional do Rio de Janeiro,18131,20:08 ~ 21:19,21:19 ~ 22:39
Aeroporto Internacional Ninoy Aquino,Aeroporto Internacional de Vitória,17948,19:56 ~ 21:06,21:06 ~ 22:26
Aeroporto Internacional Ninoy Aquino,Aeroporto Internacional de São José dos Campos,18345,20:22 ~ 21:34,21:34 ~ 22:55
Aeroporto Internacional Ninoy Aquino,Aeroporto Internacional de Viracopos,18510,20:33 ~ 21:46,21:46 ~ 23:08
Aeroporto Internacional Ninoy Aquino,Aeroporto Internacional de Curitiba,18446,20:29 ~ 21:42,21:42 ~ 23:03
Aeroporto Internacional Ninoy Aquino,Aeroporto Internacional de Florianópolis,18200,20:13 ~ 21:24,21:24 ~ 22:45
Aeroporto Internacional Ninoy Aquino,Aeroporto Internacional de Navegantes,18273,20:18 ~ 21:29,21:29 ~ 22:50
Aeroporto Internacional Ninoy Aquino,Aeroporto Internacional de Porto Alegre,18116,20:07 ~ 21:18,21:18 ~ 22:38
Aeroporto Internacional Ninoy Aquino,Aeroporto de Copenhague,11115,12:20 ~ 13:04,13:04 ~ 13:53
Aeroporto Internacional Ninoy Aquino,Aeroporto Internacional Hartsfield-Jackson Atlanta,14037,15:35 ~ 16:30,16:30 ~ 17:32
Aeroporto Internacional Ninoy Aquino,Aeroporto de Teresina,17972,19:58 ~ 21:08,21:08 ~ 22:27
Aeroporto Internacional Ninoy Aquino,Aeroporto Internacional de João Pessoa,17285,19:12 ~ 20:20,20:20 ~ 21:36
Aeroporto Internacional de Hong Kong,Aeroporto Internacional de Guarulhos,18018,20:01 ~ 21:11,21:11 ~ 22:31
Aeroporto Internacional de Hong Kong,Aeroporto Internacional do Recife,16343,18:09 ~ 19:13,19:13 ~ 20:25
Aeroporto Internacional de Hong Kong,Aeroporto Internacional de Salvador,16913,18:47 ~ 19:53,19:53 ~ 21:08
Aeroporto Internacional de Hong Kong,Aeroporto Internacional de Natal,16242,18:02 ~ 19:06,19:06 ~ 20:18
Aeroporto Internacional de Hong Kong,Aeroporto Internacional de São Luís,16805,18:40 ~ 19:46,19:46 ~ 21:00
Aeroporto Internacional de Hong Kong,Aeroporto Internacional Pinto Martins,16414,18:14 ~ 19:18,19:18 ~ 20:31
Aeroporto Internacional de Hong Kong,Aeroporto Internacional de Nursultan Nazarbayev,4847,05:23 ~ 05:42,05:42 ~ 06:03
Aeroporto Internacional de Hong Kong,Aeroporto Internacional de Xangai Pudong,1254,01:23 ~ 01:28,01:28 ~ 01:34
Aeroporto Internacional de Hong Kong,Aeroporto Internacional de Pequim Capital,1986,02:12 ~ 02:20,02:20 ~ 02:28
Aeroporto Internacional de Hong Kong,Aeroporto Internacional de Pyongyang Sunan,2183,02:25 ~ 02:34,02:34 ~ 02:43
Aeroporto Internacional de Hong Kong,Aeroporto Internacional de Incheon,2067,02:17 ~ 02:25,02:25 ~ 02:35
Aeroporto Internacional de Hong Kong,Aeroporto Internacional Ninoy Aquino,1144,01:16 ~ 01:20,01:20 ~ 01:25
Aeroporto Internacional de Hong Kong,Aeroporto Internacional Indira Gandhi,3751,04:10 ~ 04:24,04:24 ~ 04:41
Aeroporto Internacional de Hong Kong,Aeroporto Internacional Soekarno-Hatta (Jacarta),3243,03:36 ~ 03:48,03:48 ~ 04:03
Aeroporto Internacional de Hong Kong,Aeroporto Internacional Ngurah Rai (Bali),3438,03:49 ~ 04:02,04:02 ~ 04:17
Aeroporto Internacional de Hong Kong,Aeroporto Internacional de Narita (Tóquio),2964,03:17 ~ 03:29,03:29 ~ 03:42
Aeroporto Internacional de Hong Kong,Aeroporto Internacional de Haneda (Tóquio),2904,03:13 ~ 03:24,03:24 ~ 03:37
Aeroporto Internacional de Hong Kong,Aeroporto Internacional de Kansai (Osaka),2476,02:45 ~ 02:54,02:54 ~ 03:05
Aeroporto Internacional de Hong Kong,Aeroporto Internacional de Wattay (Vientiane),1280,01:25 ~ 01:30,01:30 ~ 01:36
Aeroporto Internacional de Hong Kong,Aeroporto Internacional de Kuala Lumpur (Sepang),2535,02:49 ~ 02:58,02:58 ~ 03:10
Aeroporto Internacional de Hong Kong,Aeroporto Internacional de Penang (Penang),2387,02:39 ~ 02:48,02:48 ~ 02:59
Aeroporto Internacional de Hong Kong,Aeroporto Internacional de Malé,4790,05:19 ~ 05:38,05:38 ~ 05:59
Aeroporto Internacional de Hong Kong,Aeroporto Internacional de Changi,2555,02:50 ~ 03:00,03:00 ~ 03:11
Aeroporto Internacional de Hong Kong,Aeroporto Internacional de Suvarnabhumi,1688,01:52 ~ 01:59,01:59 ~ 02:06
Aeroporto Internacional de Hong Kong,Aeroporto Internacional Don Mueang,1686,01:52 ~ 01:59,01:59 ~ 02:06
Aeroporto Internacional de Hong Kong,Aeroporto Internacional de Taiwan Taoyuan,806,00:53 ~ 00:56,00:56 ~ 01:00
Aeroporto Internacional de Hong Kong,Aeroporto Internacional de Tan Son Nhat,1488,01:39 ~ 01:45,01:45 ~ 01:51
Aeroporto Internacional de Hong Kong,Aeroporto Internacional de Noi Bai,847,00:56 ~ 00:59,00:59 ~ 01:03
Aeroporto Internacional de Hong Kong,Aeroporto de Frankfurt,9169,10:11 ~ 10:47,10:47 ~ 11:27
Aeroporto Internacional de Hong Kong,Aeroporto de Dublin,9847,10:56 ~ 11:35,11:35 ~ 12:18
Aeroporto Internacional de Hong Kong,Aeroporto de Varsóvia Chopin,8275,09:11 ~ 09:44,09:44 ~ 10:20
Aeroporto Internacional de Hong Kong,Aeroporto de Oslo-Gardermoen,8559,09:30 ~ 10:04,10:04 ~ 10:41
Aeroporto Internacional de Hong Kong,Aeroporto de Roma-Fiumicino,9299,10:19 ~ 10:56,10:56 ~ 11:37
Aeroporto Internacional de Hong Kong,Aeroporto de Milão-Malpensa,9374,10:24 ~ 11:01,11:01 ~ 11:43
Aeroporto Internacional de Hong Kong,Aeroporto de Praga,8793,09:46 ~ 10:20,10:20 ~ 10:59
Aeroporto Internacional de Hong Kong,Aeroporto de Heathrow (Londres),9647,10:43 ~ 11:20,11:20 ~ 12:03
Aeroporto Internacional de Hong Kong,Aeroporto de Gatwick (Londres),9651,10:43 ~ 11:21,11:21 ~ 12:03
Aeroporto Internacional de Hong Kong,Aeroporto Internacional de Budapeste Ferenc Liszt,8552,09:30 ~ 10:03,10:03 ~ 10:41
Aeroporto Internacional de Hong Kong,Aeroporto de Schiphol (Amsterdã),9290,10:19 ~ 10:55,10:55 ~ 11:36
Aeroporto Internacional de Hong Kong,Aeroporto Internacional de Boryspil (Kiev),7645,08:29 ~ 08:59,08:59 ~ 09:33
Aeroporto Internacional de Hong Kong,Aeroporto de Istambul,8023,08:54 ~ 09:26,09:26 ~ 10:01
Aeroporto Internacional de Hong Kong,Aeroporto de Zurique,9296,10:19 ~ 10:56,10:56 ~ 11:37
Aeroporto Internacional de Hong Kong,Aeroporto de Estocolmo-Arlanda,8220,09:07 ~ 09:40,09:40 ~ 10:16
Aeroporto Internacional de Hong Kong,Aeroporto Nikola Tesla (Belgrado),8569,09:31 ~ 10:04,10:04 ~ 10:42
Aeroporto Internacional de Hong Kong,Aeroporto Internacional Sheremetyevo (Moscou),7146,07:56 ~ 08:24,08:24 ~ 08:55
Aeroporto Internacional de Hong Kong,Aeroporto de Pulkovo (São Petersburgo),7537,08:22 ~ 08:52,08:52 ~ 09:25
Aeroporto Internacional de Hong Kong,Aeroporto Internacional Henri Coand? (Bucareste),8136,09:02 ~ 09:34,09:34 ~ 10:10
Aeroporto Internacional de Hong Kong,Aeroporto Humberto Delgado (Lisboa),11023,12:14 ~ 12:58,12:58 ~ 13:46
Aeroporto Internacional de Hong Kong,Aeroporto Francisco Sá Carneiro (Porto),10821,12:01 ~ 12:43,12:43 ~ 13:31
Aeroporto Internacional de Hong Kong,Aeroporto Internacional de Malta,9389,10:25 ~ 11:02,11:02 ~ 11:44
Aeroporto Internacional de Hong Kong,Aeroporto de Luxemburgo,9341,10:22 ~ 10:59,10:59 ~ 11:40
Aeroporto Internacional de Hong Kong,Aeroporto Internacional de Vilnius,7928,08:48 ~ 09:19,09:19 ~ 09:54
Aeroporto Internacional de Hong Kong,Aeroporto Internacional de Riga,7953,08:50 ~ 09:21,09:21 ~ 09:56
Aeroporto Internacional de Hong Kong,Aeroporto Internacional Madre Teresa (Tirana),8736,09:42 ~ 10:16,10:16 ~ 10:55
Aeroporto Internacional de Hong Kong,Aeroporto de Barcelona-El Prat (Espanha),10077,11:11 ~ 11:51,11:51 ~ 12:35
Aeroporto Internacional de Hong Kong,Aeroporto de Toulouse-Blagnac (França),9991,11:06 ~ 11:45,11:45 ~ 12:29
Aeroporto Internacional de Hong Kong,Aeroporto Internacional de Viena,8716,09:41 ~ 10:15,10:15 ~ 10:53
Aeroporto Internacional de Hong Kong,Aeroporto de Bruxelas,9382,10:25 ~ 11:02,11:02 ~ 11:43
Aeroporto Internacional de Hong Kong,Aeroporto de Sófia,8403,09:20 ~ 09:53,09:53 ~ 10:30
Aeroporto Internacional de Hong Kong,Aeroporto de Bratislava,8668,09:37 ~ 10:11,10:11 ~ 10:50
Aeroporto Internacional de Hong Kong,Aeroporto de Ljubljana Joe Pu?nik,8942,09:56 ~ 10:31,10:31 ~ 11:10
Aeroporto Internacional de Hong Kong,Aeroporto Adolfo Suárez Madrid-Barajas,10524,11:41 ~ 12:22,12:22 ~ 13:09
Aeroporto Internacional de Hong Kong,Aeroporto de Barcelona-El Prat,10076,11:11 ~ 11:51,11:51 ~ 12:35
Aeroporto Internacional de Hong Kong,Aeroporto de Tallinn,7848,08:43 ~ 09:13,09:13 ~ 09:48
Aeroporto Internacional de Hong Kong,Aeroporto de Vágar,9315,10:20 ~ 10:57,10:57 ~ 11:38
Aeroporto Internacional de Hong Kong,Aeroporto de Helsinque,7821,08:41 ~ 09:12,09:12 ~ 09:46
Aeroporto Internacional de Hong Kong,Aeroporto Internacional de Brasília,17993,19:59 ~ 21:10,21:10 ~ 22:29
Aeroporto Internacional de Hong Kong,Aeroporto Internacional de Várzea Grande,18768,20:51 ~ 22:04,22:04 ~ 23:27
Aeroporto Internacional de Hong Kong,Aeroporto Internacional de Belém,17017,18:54 ~ 20:01,20:01 ~ 21:16
Aeroporto Internacional de Hong Kong,Aeroporto Internacional de Tabatinga,17906,19:53 ~ 21:03,21:03 ~ 22:22
Aeroporto Internacional de Hong Kong,Aeroporto Internacional de Manaus,17777,19:45 ~ 20:54,20:54 ~ 22:13
Aeroporto Internacional de Hong Kong,Aeroporto Internacional de Macapá,17053,18:56 ~ 20:03,20:03 ~ 21:18
Aeroporto Internacional de Hong Kong,Aeroporto Internacional de Fortaleza,16415,18:14 ~ 19:18,19:18 ~ 20:31
Aeroporto Internacional de Hong Kong,Aeroporto Internacional de Maceió,16471,18:18 ~ 19:22,19:22 ~ 20:35
Aeroporto Internacional de Hong Kong,Aeroporto Internacional de Aracaju,16697,18:33 ~ 19:38,19:38 ~ 20:52
Aeroporto Internacional de Hong Kong,Aeroporto Internacional de Belo Horizonte,17641,19:36 ~ 20:45,20:45 ~ 22:03
Aeroporto Internacional de Hong Kong,Aeroporto Santos Dumont,17677,19:38 ~ 20:47,20:47 ~ 22:05
Aeroporto Internacional de Hong Kong,Aeroporto Internacional do Rio de Janeiro,17685,19:38 ~ 20:48,20:48 ~ 22:06
Aeroporto Internacional de Hong Kong,Aeroporto Internacional de Vitória,17349,19:16 ~ 20:24,20:24 ~ 21:41
Aeroporto Internacional de Hong Kong,Aeroporto Internacional de São José dos Campos,17958,19:57 ~ 21:07,21:07 ~ 22:26
Aeroporto Internacional de Hong Kong,Aeroporto Internacional de Viracopos,18162,20:10 ~ 21:22,21:22 ~ 22:42
Aeroporto Internacional de Hong Kong,Aeroporto Internacional de Curitiba,18278,20:18 ~ 21:30,21:30 ~ 22:50
Aeroporto Internacional de Hong Kong,Aeroporto Internacional de Florianópolis,18163,20:10 ~ 21:22,21:22 ~ 22:42
Aeroporto Internacional de Hong Kong,Aeroporto Internacional de Navegantes,18195,20:12 ~ 21:24,21:24 ~ 22:44
Aeroporto Internacional de Hong Kong,Aeroporto Internacional de Porto Alegre,18309,20:20 ~ 21:32,21:32 ~ 22:53
Aeroporto Internacional de Hong Kong,Aeroporto de Copenhague,10012,11:07 ~ 11:46,11:46 ~ 12:30
Aeroporto Internacional de Hong Kong,Aeroporto Internacional Hartsfield-Jackson Atlanta,13517,15:01 ~ 15:54,15:54 ~ 16:53
Aeroporto Internacional de Hong Kong,Aeroporto de Teresina,16875,18:45 ~ 19:51,19:51 ~ 21:05
Aeroporto Internacional de Hong Kong,Aeroporto Internacional de João Pessoa,16293,18:06 ~ 19:10,19:10 ~ 20:21
Aeroporto Internacional Indira Gandhi,Aeroporto Internacional de Guarulhos,14403,16:00 ~ 16:56,16:56 ~ 18:00
Aeroporto Internacional Indira Gandhi,Aeroporto Internacional do Recife,12594,13:59 ~ 14:48,14:48 ~ 15:44
Aeroporto Internacional Indira Gandhi,Aeroporto Internacional de Salvador,13165,14:37 ~ 15:29,15:29 ~ 16:27
Aeroporto Internacional Indira Gandhi,Aeroporto Internacional de Natal,12504,13:53 ~ 14:42,14:42 ~ 15:37
Aeroporto Internacional Indira Gandhi,Aeroporto Internacional de São Luís,13193,14:39 ~ 15:31,15:31 ~ 16:29
Aeroporto Internacional Indira Gandhi,Aeroporto Internacional Pinto Martins,12714,14:07 ~ 14:57,14:57 ~ 15:53
Aeroporto Internacional Indira Gandhi,Aeroporto Internacional de Nursultan Nazarbayev,2540,02:49 ~ 02:59,02:59 ~ 03:10
Aeroporto Internacional Indira Gandhi,Aeroporto Internacional de Xangai Pudong,4299,04:46 ~ 05:03,05:03 ~ 05:22
Aeroporto Internacional Indira Gandhi,Aeroporto Internacional de Pequim Capital,3816,04:14 ~ 04:29,04:29 ~ 04:46
Aeroporto Internacional Indira Gandhi,Aeroporto Internacional de Pyongyang Sunan,4588,05:05 ~ 05:23,05:23 ~ 05:44
Aeroporto Internacional Indira Gandhi,Aeroporto Internacional de Incheon,4661,05:10 ~ 05:29,05:29 ~ 05:49
Aeroporto Internacional Indira Gandhi,Aeroporto Internacional Ninoy Aquino,4776,05:18 ~ 05:37,05:37 ~ 05:58
Aeroporto Internacional Indira Gandhi,Aeroporto Internacional de Hong Kong,3751,04:10 ~ 04:24,04:24 ~ 04:41
Aeroporto Internacional Indira Gandhi,Aeroporto Internacional Soekarno-Hatta (Jacarta),4977,05:31 ~ 05:51,05:51 ~ 06:13
Aeroporto Internacional Indira Gandhi,Aeroporto Internacional Ngurah Rai (Bali),5810,06:27 ~ 06:50,06:50 ~ 07:15
Aeroporto Internacional Indira Gandhi,Aeroporto Internacional de Narita (Tóquio),5920,06:34 ~ 06:57,06:57 ~ 07:24
Aeroporto Internacional Indira Gandhi,Aeroporto Internacional de Haneda (Tóquio),5871,06:31 ~ 06:54,06:54 ~ 07:20
Aeroporto Internacional Indira Gandhi,Aeroporto Internacional de Kansai (Osaka),5486,06:05 ~ 06:27,06:27 ~ 06:51
Aeroporto Internacional Indira Gandhi,Aeroporto Internacional de Wattay (Vientiane),2847,03:09 ~ 03:20,03:20 ~ 03:33
Aeroporto Internacional Indira Gandhi,Aeroporto Internacional de Kuala Lumpur (Sepang),3868,04:17 ~ 04:33,04:33 ~ 04:50
Aeroporto Internacional Indira Gandhi,Aeroporto Internacional de Penang (Penang),3550,03:56 ~ 04:10,04:10 ~ 04:26
Aeroporto Internacional Indira Gandhi,Aeroporto Internacional de Malé,2722,03:01 ~ 03:12,03:12 ~ 03:24
Aeroporto Internacional Indira Gandhi,Aeroporto Internacional de Changi,4149,04:36 ~ 04:52,04:52 ~ 05:11
Aeroporto Internacional Indira Gandhi,Aeroporto Internacional de Suvarnabhumi,2946,03:16 ~ 03:27,03:27 ~ 03:40
Aeroporto Internacional Indira Gandhi,Aeroporto Internacional Don Mueang,2918,03:14 ~ 03:25,03:25 ~ 03:38
Aeroporto Internacional Indira Gandhi,Aeroporto Internacional de Taiwan Taoyuan,4378,04:51 ~ 05:09,05:09 ~ 05:28
Aeroporto Internacional Indira Gandhi,Aeroporto Internacional de Tan Son Nhat,3649,04:03 ~ 04:17,04:17 ~ 04:33
Aeroporto Internacional Indira Gandhi,Aeroporto Internacional de Noi Bai,3003,03:20 ~ 03:31,03:31 ~ 03:45
Aeroporto Internacional Indira Gandhi,Aeroporto de Frankfurt,6133,06:48 ~ 07:12,07:12 ~ 07:39
Aeroporto Internacional Indira Gandhi,Aeroporto de Dublin,7087,07:52 ~ 08:20,08:20 ~ 08:51
Aeroporto Internacional Indira Gandhi,Aeroporto de Varsóvia Chopin,5272,05:51 ~ 06:12,06:12 ~ 06:35
Aeroporto Internacional Indira Gandhi,Aeroporto de Oslo-Gardermoen,5979,06:38 ~ 07:02,07:02 ~ 07:28
Aeroporto Internacional Indira Gandhi,Aeroporto de Roma-Fiumicino,5946,06:36 ~ 06:59,06:59 ~ 07:25
Aeroporto Internacional Indira Gandhi,Aeroporto de Milão-Malpensa,6171,06:51 ~ 07:15,07:15 ~ 07:42
Aeroporto Internacional Indira Gandhi,Aeroporto de Praga,5726,06:21 ~ 06:44,06:44 ~ 07:09
Aeroporto Internacional Indira Gandhi,Aeroporto de Heathrow (Londres),6745,07:29 ~ 07:56,07:56 ~ 08:25
Aeroporto Internacional Indira Gandhi,Aeroporto de Gatwick (Londres),6733,07:28 ~ 07:55,07:55 ~ 08:24
Aeroporto Internacional Indira Gandhi,Aeroporto Internacional de Budapeste Ferenc Liszt,5355,05:57 ~ 06:17,06:17 ~ 06:41
Aeroporto Internacional Indira Gandhi,Aeroporto de Schiphol (Amsterdã),6377,07:05 ~ 07:30,07:30 ~ 07:58
Aeroporto Internacional Indira Gandhi,Aeroporto Internacional de Boryspil (Kiev),4553,05:03 ~ 05:21,05:21 ~ 05:41
Aeroporto Internacional Indira Gandhi,Aeroporto de Istambul,4568,05:04 ~ 05:22,05:22 ~ 05:42
Aeroporto Internacional Indira Gandhi,Aeroporto de Zurique,6161,06:50 ~ 07:14,07:14 ~ 07:42
Aeroporto Internacional Indira Gandhi,Aeroporto de Estocolmo-Arlanda,5592,06:12 ~ 06:34,06:34 ~ 06:59
Aeroporto Internacional Indira Gandhi,Aeroporto Nikola Tesla (Belgrado),5271,05:51 ~ 06:12,06:12 ~ 06:35
Aeroporto Internacional Indira Gandhi,Aeroporto Internacional Sheremetyevo (Moscou),4369,04:51 ~ 05:08,05:08 ~ 05:27
Aeroporto Internacional Indira Gandhi,Aeroporto de Pulkovo (São Petersburgo),4935,05:29 ~ 05:48,05:48 ~ 06:10
Aeroporto Internacional Indira Gandhi,Aeroporto Internacional Henri Coand? (Bucareste),4809,05:20 ~ 05:39,05:39 ~ 06:00
Aeroporto Internacional Indira Gandhi,Aeroporto Humberto Delgado (Lisboa),7786,08:39 ~ 09:09,09:09 ~ 09:43
Aeroporto Internacional Indira Gandhi,Aeroporto Francisco Sá Carneiro (Porto),7652,08:30 ~ 09:00,09:00 ~ 09:33
Aeroporto Internacional Indira Gandhi,Aeroporto Internacional de Malta,5861,06:30 ~ 06:53,06:53 ~ 07:19
Aeroporto Internacional Indira Gandhi,Aeroporto de Luxemburgo,6307,07:00 ~ 07:25,07:25 ~ 07:53
Aeroporto Internacional Indira Gandhi,Aeroporto Internacional de Vilnius,5038,05:35 ~ 05:55,05:55 ~ 06:17
Aeroporto Internacional Indira Gandhi,Aeroporto Internacional de Riga,5180,05:45 ~ 06:05,06:05 ~ 06:28
Aeroporto Internacional Indira Gandhi,Aeroporto Internacional Madre Teresa (Tirana),5329,05:55 ~ 06:16,06:16 ~ 06:39
Aeroporto Internacional Indira Gandhi,Aeroporto de Barcelona-El Prat (Espanha),6789,07:32 ~ 07:59,07:59 ~ 08:29
Aeroporto Internacional Indira Gandhi,Aeroporto de Toulouse-Blagnac (França),6784,07:32 ~ 07:58,07:58 ~ 08:28
Aeroporto Internacional Indira Gandhi,Aeroporto Internacional de Viena,5557,06:10 ~ 06:32,06:32 ~ 06:56
Aeroporto Internacional Indira Gandhi,Aeroporto de Bruxelas,6413,07:07 ~ 07:32,07:32 ~ 08:00
Aeroporto Internacional Indira Gandhi,Aeroporto de Sófia,5021,05:34 ~ 05:54,05:54 ~ 06:16
Aeroporto Internacional Indira Gandhi,Aeroporto de Bratislava,5510,06:07 ~ 06:28,06:28 ~ 06:53
Aeroporto Internacional Indira Gandhi,Aeroporto de Ljubljana Joe Pu?nik,5723,06:21 ~ 06:43,06:43 ~ 07:09
Aeroporto Internacional Indira Gandhi,Aeroporto Adolfo Suárez Madrid-Barajas,7270,08:04 ~ 08:33,08:33 ~ 09:05
Aeroporto Internacional Indira Gandhi,Aeroporto de Barcelona-El Prat,6789,07:32 ~ 07:59,07:59 ~ 08:29
Aeroporto Internacional Indira Gandhi,Aeroporto de Tallinn,5208,05:47 ~ 06:07,06:07 ~ 06:30
Aeroporto Internacional Indira Gandhi,Aeroporto de Vágar,6957,07:43 ~ 08:11,08:11 ~ 08:41
Aeroporto Internacional Indira Gandhi,Aeroporto de Helsinque,5231,05:48 ~ 06:09,06:09 ~ 06:32
Aeroporto Internacional Indira Gandhi,Aeroporto Internacional de Brasília,14242,15:49 ~ 16:45,16:45 ~ 17:48
Aeroporto Internacional Indira Gandhi,Aeroporto Internacional de Várzea Grande,15060,16:44 ~ 17:43,17:43 ~ 18:49
Aeroporto Internacional Indira Gandhi,Aeroporto Internacional de Belém,13522,15:01 ~ 15:54,15:54 ~ 16:54
Aeroporto Internacional Indira Gandhi,Aeroporto Internacional de Tabatinga,15248,16:56 ~ 17:56,17:56 ~ 19:03
Aeroporto Internacional Indira Gandhi,Aeroporto Internacional de Manaus,14684,16:18 ~ 17:16,17:16 ~ 18:21
Aeroporto Internacional Indira Gandhi,Aeroporto Internacional de Macapá,13674,15:11 ~ 16:05,16:05 ~ 17:05
Aeroporto Internacional Indira Gandhi,Aeroporto Internacional de Fortaleza,12715,14:07 ~ 14:57,14:57 ~ 15:53
Aeroporto Internacional Indira Gandhi,Aeroporto Internacional de Maceió,12720,14:07 ~ 14:57,14:57 ~ 15:54
Aeroporto Internacional Indira Gandhi,Aeroporto Internacional de Aracaju,12946,14:23 ~ 15:13,15:13 ~ 16:10
Aeroporto Internacional Indira Gandhi,Aeroporto Internacional de Belo Horizonte,13944,15:29 ~ 16:24,16:24 ~ 17:25
Aeroporto Internacional Indira Gandhi,Aeroporto Santos Dumont,14064,15:37 ~ 16:32,16:32 ~ 17:34
Aeroporto Internacional Indira Gandhi,Aeroporto Internacional do Rio de Janeiro,14068,15:37 ~ 16:33,16:33 ~ 17:35
Aeroporto Internacional Indira Gandhi,Aeroporto Internacional de Vitória,13682,15:12 ~ 16:05,16:05 ~ 17:06
Aeroporto Internacional Indira Gandhi,Aeroporto Internacional de São José dos Campos,14338,15:55 ~ 16:52,16:52 ~ 17:55
Aeroporto Internacional Indira Gandhi,Aeroporto Internacional de Viracopos,14532,16:08 ~ 17:05,17:05 ~ 18:09
Aeroporto Internacional Indira Gandhi,Aeroporto Internacional de Curitiba,14725,16:21 ~ 17:19,17:19 ~ 18:24
Aeroporto Internacional Indira Gandhi,Aeroporto Internacional de Florianópolis,14736,16:22 ~ 17:20,17:20 ~ 18:25
Aeroporto Internacional Indira Gandhi,Aeroporto Internacional de Navegantes,14725,16:21 ~ 17:19,17:19 ~ 18:24
Aeroporto Internacional Indira Gandhi,Aeroporto Internacional de Porto Alegre,15043,16:42 ~ 17:41,17:41 ~ 18:48
Aeroporto Internacional Indira Gandhi,Aeroporto de Copenhague,7425,08:15 ~ 08:44,08:44 ~ 09:16
Aeroporto Internacional Indira Gandhi,Aeroporto Internacional Hartsfield-Jackson Atlanta,12852,14:16 ~ 15:07,15:07 ~ 16:03
Aeroporto Internacional Indira Gandhi,Aeroporto de Teresina,13198,14:39 ~ 15:31,15:31 ~ 16:29
Aeroporto Internacional Indira Gandhi,Aeroporto Internacional de João Pessoa,12546,13:56 ~ 14:45,14:45 ~ 15:40
Aeroporto Internacional Soekarno-Hatta (Jacarta),Aeroporto Internacional de Guarulhos,15633,17:22 ~ 18:23,18:23 ~ 19:32
Aeroporto Internacional Soekarno-Hatta (Jacarta),Aeroporto Internacional do Recife,15486,17:12 ~ 18:13,18:13 ~ 19:21
Aeroporto Internacional Soekarno-Hatta (Jacarta),Aeroporto Internacional de Salvador,15621,17:21 ~ 18:22,18:22 ~ 19:31
Aeroporto Internacional Soekarno-Hatta (Jacarta),Aeroporto Internacional de Natal,15602,17:20 ~ 18:21,18:21 ~ 19:30
Aeroporto Internacional Soekarno-Hatta (Jacarta),Aeroporto Internacional de São Luís,16657,18:30 ~ 19:35,19:35 ~ 20:49
Aeroporto Internacional Soekarno-Hatta (Jacarta),Aeroporto Internacional Pinto Martins,16013,17:47 ~ 18:50,18:50 ~ 20:00
Aeroporto Internacional Soekarno-Hatta (Jacarta),Aeroporto Internacional de Nursultan Nazarbayev,7171,07:58 ~ 08:26,08:26 ~ 08:57
Aeroporto Internacional Soekarno-Hatta (Jacarta),Aeroporto Internacional de Xangai Pudong,4428,04:55 ~ 05:12,05:12 ~ 05:32
Aeroporto Internacional Soekarno-Hatta (Jacarta),Aeroporto Internacional de Pequim Capital,5216,05:47 ~ 06:08,06:08 ~ 06:31
Aeroporto Internacional Soekarno-Hatta (Jacarta),Aeroporto Internacional de Pyongyang Sunan,5390,05:59 ~ 06:20,06:20 ~ 06:44
Aeroporto Internacional Soekarno-Hatta (Jacarta),Aeroporto Internacional de Incheon,5245,05:49 ~ 06:10,06:10 ~ 06:33
Aeroporto Internacional Soekarno-Hatta (Jacarta),Aeroporto Internacional Ninoy Aquino,2779,03:05 ~ 03:16,03:16 ~ 03:28
Aeroporto Internacional Soekarno-Hatta (Jacarta),Aeroporto Internacional de Hong Kong,3243,03:36 ~ 03:48,03:48 ~ 04:03
Aeroporto Internacional Soekarno-Hatta (Jacarta),Aeroporto Internacional Indira Gandhi,4977,05:31 ~ 05:51,05:51 ~ 06:13
Aeroporto Internacional Soekarno-Hatta (Jacarta),Aeroporto Internacional Ngurah Rai (Bali),983,01:05 ~ 01:09,01:09 ~ 01:13
Aeroporto Internacional Soekarno-Hatta (Jacarta),Aeroporto Internacional de Narita (Tóquio),5825,06:28 ~ 06:51,06:51 ~ 07:16
Aeroporto Internacional Soekarno-Hatta (Jacarta),Aeroporto Internacional de Haneda (Tóquio),5770,06:24 ~ 06:47,06:47 ~ 07:12
Aeroporto Internacional Soekarno-Hatta (Jacarta),Aeroporto Internacional de Kansai (Osaka),5402,06:00 ~ 06:21,06:21 ~ 06:45
Aeroporto Internacional Soekarno-Hatta (Jacarta),Aeroporto Internacional de Wattay (Vientiane),2703,03:00 ~ 03:10,03:10 ~ 03:22
Aeroporto Internacional Soekarno-Hatta (Jacarta),Aeroporto Internacional de Kuala Lumpur (Sepang),1124,01:14 ~ 01:19,01:19 ~ 01:24
Aeroporto Internacional Soekarno-Hatta (Jacarta),Aeroporto Internacional de Penang (Penang),1448,01:36 ~ 01:42,01:42 ~ 01:48
Aeroporto Internacional Soekarno-Hatta (Jacarta),Aeroporto Internacional de Malé,3855,04:16 ~ 04:32,04:32 ~ 04:49
Aeroporto Internacional Soekarno-Hatta (Jacarta),Aeroporto Internacional de Changi,879,00:58 ~ 01:02,01:02 ~ 01:05
Aeroporto Internacional Soekarno-Hatta (Jacarta),Aeroporto Internacional de Suvarnabhumi,2286,02:32 ~ 02:41,02:41 ~ 02:51
Aeroporto Internacional Soekarno-Hatta (Jacarta),Aeroporto Internacional Don Mueang,2315,02:34 ~ 02:43,02:43 ~ 02:53
Aeroporto Internacional Soekarno-Hatta (Jacarta),Aeroporto Internacional de Taiwan Taoyuan,3796,04:13 ~ 04:27,04:27 ~ 04:44
Aeroporto Internacional Soekarno-Hatta (Jacarta),Aeroporto Internacional de Tan Son Nhat,1874,02:04 ~ 02:12,02:12 ~ 02:20
Aeroporto Internacional Soekarno-Hatta (Jacarta),Aeroporto Internacional de Noi Bai,3026,03:21 ~ 03:33,03:33 ~ 03:46
Aeroporto Internacional Soekarno-Hatta (Jacarta),Aeroporto de Frankfurt,11106,12:20 ~ 13:03,13:03 ~ 13:52
Aeroporto Internacional Soekarno-Hatta (Jacarta),Aeroporto de Dublin,12059,13:23 ~ 14:11,14:11 ~ 15:04
Aeroporto Internacional Soekarno-Hatta (Jacarta),Aeroporto de Varsóvia Chopin,10248,11:23 ~ 12:03,12:03 ~ 12:48
Aeroporto Internacional Soekarno-Hatta (Jacarta),Aeroporto de Oslo-Gardermoen,10901,12:06 ~ 12:49,12:49 ~ 13:37
Aeroporto Internacional Soekarno-Hatta (Jacarta),Aeroporto de Roma-Fiumicino,10828,12:01 ~ 12:44,12:44 ~ 13:32
Aeroporto Internacional Soekarno-Hatta (Jacarta),Aeroporto de Milão-Malpensa,11111,12:20 ~ 13:04,13:04 ~ 13:53
Aeroporto Internacional Soekarno-Hatta (Jacarta),Aeroporto de Praga,10699,11:53 ~ 12:35,12:35 ~ 13:22
Aeroporto Internacional Soekarno-Hatta (Jacarta),Aeroporto de Heathrow (Londres),11722,13:01 ~ 13:47,13:47 ~ 14:39
Aeroporto Internacional Soekarno-Hatta (Jacarta),Aeroporto de Gatwick (Londres),11710,13:00 ~ 13:46,13:46 ~ 14:38
Aeroporto Internacional Soekarno-Hatta (Jacarta),Aeroporto Internacional de Budapeste Ferenc Liszt,10312,11:27 ~ 12:07,12:07 ~ 12:53
Aeroporto Internacional Soekarno-Hatta (Jacarta),Aeroporto de Schiphol (Amsterdã),11353,12:36 ~ 13:21,13:21 ~ 14:11
Aeroporto Internacional Soekarno-Hatta (Jacarta),Aeroporto Internacional de Boryspil (Kiev),9530,10:35 ~ 11:12,11:12 ~ 11:54
Aeroporto Internacional Soekarno-Hatta (Jacarta),Aeroporto de Istambul,9443,10:29 ~ 11:06,11:06 ~ 11:48
Aeroporto Internacional Soekarno-Hatta (Jacarta),Aeroporto de Zurique,11118,12:21 ~ 13:04,13:04 ~ 13:53
Aeroporto Internacional Soekarno-Hatta (Jacarta),Aeroporto de Estocolmo-Arlanda,10519,11:41 ~ 12:22,12:22 ~ 13:08
Aeroporto Internacional Soekarno-Hatta (Jacarta),Aeroporto Nikola Tesla (Belgrado),10201,11:20 ~ 12:00,12:00 ~ 12:45
Aeroporto Internacional Soekarno-Hatta (Jacarta),Aeroporto Internacional Sheremetyevo (Moscou),9304,10:20 ~ 10:56,10:56 ~ 11:37
Aeroporto Internacional Soekarno-Hatta (Jacarta),Aeroporto de Pulkovo (São Petersburgo),9837,10:55 ~ 11:34,11:34 ~ 12:17
Aeroporto Internacional Soekarno-Hatta (Jacarta),Aeroporto Internacional Henri Coand? (Bucareste),9740,10:49 ~ 11:27,11:27 ~ 12:10
Aeroporto Internacional Soekarno-Hatta (Jacarta),Aeroporto Humberto Delgado (Lisboa),12665,14:04 ~ 14:54,14:54 ~ 15:49
Aeroporto Internacional Soekarno-Hatta (Jacarta),Aeroporto Francisco Sá Carneiro (Porto),12567,13:57 ~ 14:47,14:47 ~ 15:42
Aeroporto Internacional Soekarno-Hatta (Jacarta),Aeroporto Internacional de Malta,10605,11:46 ~ 12:28,12:28 ~ 13:15
Aeroporto Internacional Soekarno-Hatta (Jacarta),Aeroporto de Luxemburgo,11278,12:31 ~ 13:16,13:16 ~ 14:05
Aeroporto Internacional Soekarno-Hatta (Jacarta),Aeroporto Internacional de Vilnius,10006,11:07 ~ 11:46,11:46 ~ 12:30
Aeroporto Internacional Soekarno-Hatta (Jacarta),Aeroporto Internacional de Riga,10131,11:15 ~ 11:55,11:55 ~ 12:39
Aeroporto Internacional Soekarno-Hatta (Jacarta),Aeroporto Internacional Madre Teresa (Tirana),10202,11:20 ~ 12:00,12:00 ~ 12:45
Aeroporto Internacional Soekarno-Hatta (Jacarta),Aeroporto de Barcelona-El Prat (Espanha),11677,12:58 ~ 13:44,13:44 ~ 14:35
Aeroporto Internacional Soekarno-Hatta (Jacarta),Aeroporto de Toulouse-Blagnac (França),11708,13:00 ~ 13:46,13:46 ~ 14:38
Aeroporto Internacional Soekarno-Hatta (Jacarta),Aeroporto Internacional de Viena,10519,11:41 ~ 12:22,12:22 ~ 13:08
Aeroporto Internacional Soekarno-Hatta (Jacarta),Aeroporto de Bruxelas,11388,12:39 ~ 13:23,13:23 ~ 14:14
Aeroporto Internacional Soekarno-Hatta (Jacarta),Aeroporto de Sófia,9920,11:01 ~ 11:40,11:40 ~ 12:24
Aeroporto Internacional Soekarno-Hatta (Jacarta),Aeroporto de Bratislava,10472,11:38 ~ 12:19,12:19 ~ 13:05
Aeroporto Internacional Soekarno-Hatta (Jacarta),Aeroporto de Ljubljana Joe Pu?nik,10667,11:51 ~ 12:32,12:32 ~ 13:20
Aeroporto Internacional Soekarno-Hatta (Jacarta),Aeroporto Adolfo Suárez Madrid-Barajas,12159,13:30 ~ 14:18,14:18 ~ 15:11
Aeroporto Internacional Soekarno-Hatta (Jacarta),Aeroporto de Barcelona-El Prat,11677,12:58 ~ 13:44,13:44 ~ 14:35
Aeroporto Internacional Soekarno-Hatta (Jacarta),Aeroporto de Tallinn,10129,11:15 ~ 11:54,11:54 ~ 12:39
Aeroporto Internacional Soekarno-Hatta (Jacarta),Aeroporto de Vágar,11836,13:09 ~ 13:55,13:55 ~ 14:47
Aeroporto Internacional Soekarno-Hatta (Jacarta),Aeroporto de Helsinque,10138,11:15 ~ 11:55,11:55 ~ 12:40
Aeroporto Internacional Soekarno-Hatta (Jacarta),Aeroporto Internacional de Brasília,16313,18:07 ~ 19:11,19:11 ~ 20:23
Aeroporto Internacional Soekarno-Hatta (Jacarta),Aeroporto Internacional de Várzea Grande,16971,18:51 ~ 19:57,19:57 ~ 21:12
Aeroporto Internacional Soekarno-Hatta (Jacarta),Aeroporto Internacional de Belém,17149,19:03 ~ 20:10,20:10 ~ 21:26
Aeroporto Internacional Soekarno-Hatta (Jacarta),Aeroporto Internacional de Tabatinga,18705,20:47 ~ 22:00,22:00 ~ 23:22
Aeroporto Internacional Soekarno-Hatta (Jacarta),Aeroporto Internacional de Manaus,18234,20:15 ~ 21:27,21:27 ~ 22:47
Aeroporto Internacional Soekarno-Hatta (Jacarta),Aeroporto Internacional de Macapá,17470,19:24 ~ 20:33,20:33 ~ 21:50
Aeroporto Internacional Soekarno-Hatta (Jacarta),Aeroporto Internacional de Fortaleza,16013,17:47 ~ 18:50,18:50 ~ 20:00
Aeroporto Internacional Soekarno-Hatta (Jacarta),Aeroporto Internacional de Maceió,15535,17:15 ~ 18:16,18:16 ~ 19:25
Aeroporto Internacional Soekarno-Hatta (Jacarta),Aeroporto Internacional de Aracaju,15590,17:19 ~ 18:20,18:20 ~ 19:29
Aeroporto Internacional Soekarno-Hatta (Jacarta),Aeroporto Internacional de Belo Horizonte,15665,17:24 ~ 18:25,18:25 ~ 19:34
Aeroporto Internacional Soekarno-Hatta (Jacarta),Aeroporto Santos Dumont,15426,17:08 ~ 18:08,18:08 ~ 19:16
Aeroporto Internacional Soekarno-Hatta (Jacarta),Aeroporto Internacional do Rio de Janeiro,15440,17:09 ~ 18:09,18:09 ~ 19:18
Aeroporto Internacional Soekarno-Hatta (Jacarta),Aeroporto Internacional de Vitória,15376,17:05 ~ 18:05,18:05 ~ 19:13
Aeroporto Internacional Soekarno-Hatta (Jacarta),Aeroporto Internacional de São José dos Campos,15610,17:20 ~ 18:21,18:21 ~ 19:30
Aeroporto Internacional Soekarno-Hatta (Jacarta),Aeroporto Internacional de Viracopos,15753,17:30 ~ 18:31,18:31 ~ 19:41
Aeroporto Internacional Soekarno-Hatta (Jacarta),Aeroporto Internacional de Curitiba,15668,17:24 ~ 18:25,18:25 ~ 19:35
Aeroporto Internacional Soekarno-Hatta (Jacarta),Aeroporto Internacional de Florianópolis,15422,17:08 ~ 18:08,18:08 ~ 19:16
Aeroporto Internacional Soekarno-Hatta (Jacarta),Aeroporto Internacional de Navegantes,15494,17:12 ~ 18:13,18:13 ~ 19:22
Aeroporto Internacional Soekarno-Hatta (Jacarta),Aeroporto Internacional de Porto Alegre,15366,17:04 ~ 18:04,18:04 ~ 19:12
Aeroporto Internacional Soekarno-Hatta (Jacarta),Aeroporto de Copenhague,12375,13:45 ~ 14:33,14:33 ~ 15:28
Aeroporto Internacional Soekarno-Hatta (Jacarta),Aeroporto Internacional Hartsfield-Jackson Atlanta,16753,18:36 ~ 19:42,19:42 ~ 20:56
Aeroporto Internacional Soekarno-Hatta (Jacarta),Aeroporto de Teresina,16423,18:14 ~ 19:19,19:19 ~ 20:31
Aeroporto Internacional Soekarno-Hatta (Jacarta),Aeroporto Internacional de João Pessoa,15524,17:14 ~ 18:15,18:15 ~ 19:24
Aeroporto Internacional Ngurah Rai (Bali),Aeroporto Internacional de Guarulhos,15929,17:41 ~ 18:44,18:44 ~ 19:54
Aeroporto Internacional Ngurah Rai (Bali),Aeroporto Internacional do Recife,16223,18:01 ~ 19:05,19:05 ~ 20:16
Aeroporto Internacional Ngurah Rai (Bali),Aeroporto Internacional de Salvador,16239,18:02 ~ 19:06,19:06 ~ 20:17
Aeroporto Internacional Ngurah Rai (Bali),Aeroporto Internacional de Natal,16376,18:11 ~ 19:15,19:15 ~ 20:28
Aeroporto Internacional Ngurah Rai (Bali),Aeroporto Internacional de São Luís,17421,19:21 ~ 20:29,20:29 ~ 21:46
Aeroporto Internacional Ngurah Rai (Bali),Aeroporto Internacional Pinto Martins,16799,18:39 ~ 19:45,19:45 ~ 20:59
Aeroporto Internacional Ngurah Rai (Bali),Aeroporto Internacional de Nursultan Nazarbayev,7840,08:42 ~ 09:13,09:13 ~ 09:48
Aeroporto Internacional Ngurah Rai (Bali),Aeroporto Internacional de Xangai Pudong,4471,04:58 ~ 05:15,05:15 ~ 05:35
Aeroporto Internacional Ngurah Rai (Bali),Aeroporto Internacional de Pequim Capital,5407,06:00 ~ 06:21,06:21 ~ 06:45
Aeroporto Internacional Ngurah Rai (Bali),Aeroporto Internacional de Pyongyang Sunan,5421,06:01 ~ 06:22,06:22 ~ 06:46
Aeroporto Internacional Ngurah Rai (Bali),Aeroporto Internacional de Incheon,5249,05:49 ~ 06:10,06:10 ~ 06:33
Aeroporto Internacional Ngurah Rai (Bali),Aeroporto Internacional Ninoy Aquino,2652,02:56 ~ 03:07,03:07 ~ 03:18
Aeroporto Internacional Ngurah Rai (Bali),Aeroporto Internacional de Hong Kong,3438,03:49 ~ 04:02,04:02 ~ 04:17
Aeroporto Internacional Ngurah Rai (Bali),Aeroporto Internacional Indira Gandhi,5810,06:27 ~ 06:50,06:50 ~ 07:15
Aeroporto Internacional Ngurah Rai (Bali),Aeroporto Internacional Soekarno-Hatta (Jacarta),983,01:05 ~ 01:09,01:09 ~ 01:13
Aeroporto Internacional Ngurah Rai (Bali),Aeroporto Internacional de Narita (Tóquio),5592,06:12 ~ 06:34,06:34 ~ 06:59
Aeroporto Internacional Ngurah Rai (Bali),Aeroporto Internacional de Haneda (Tóquio),5543,06:09 ~ 06:31,06:31 ~ 06:55
Aeroporto Internacional Ngurah Rai (Bali),Aeroporto Internacional de Kansai (Osaka),5227,05:48 ~ 06:08,06:08 ~ 06:32
Aeroporto Internacional Ngurah Rai (Bali),Aeroporto Internacional de Wattay (Vientiane),3264,03:37 ~ 03:50,03:50 ~ 04:04
Aeroporto Internacional Ngurah Rai (Bali),Aeroporto Internacional de Kuala Lumpur (Sepang),1961,02:10 ~ 02:18,02:18 ~ 02:27
Aeroporto Internacional Ngurah Rai (Bali),Aeroporto Internacional de Penang (Penang),2267,02:31 ~ 02:40,02:40 ~ 02:50
Aeroporto Internacional Ngurah Rai (Bali),Aeroporto Internacional de Malé,4838,05:22 ~ 05:41,05:41 ~ 06:02
Aeroporto Internacional Ngurah Rai (Bali),Aeroporto Internacional de Changi,1670,01:51 ~ 01:57,01:57 ~ 02:05
Aeroporto Internacional Ngurah Rai (Bali),Aeroporto Internacional de Suvarnabhumi,2949,03:16 ~ 03:28,03:28 ~ 03:41
Aeroporto Internacional Ngurah Rai (Bali),Aeroporto Internacional Don Mueang,2978,03:18 ~ 03:30,03:30 ~ 03:43
Aeroporto Internacional Ngurah Rai (Bali),Aeroporto Internacional de Taiwan Taoyuan,3799,04:13 ~ 04:28,04:28 ~ 04:44
Aeroporto Internacional Ngurah Rai (Bali),Aeroporto Internacional de Tan Son Nhat,2360,02:37 ~ 02:46,02:46 ~ 02:57
Aeroporto Internacional Ngurah Rai (Bali),Aeroporto Internacional de Noi Bai,3469,03:51 ~ 04:04,04:04 ~ 04:20
Aeroporto Internacional Ngurah Rai (Bali),Aeroporto de Frankfurt,11935,13:15 ~ 14:02,14:02 ~ 14:55
Aeroporto Internacional Ngurah Rai (Bali),Aeroporto de Dublin,12834,14:15 ~ 15:05,15:05 ~ 16:02
Aeroporto Internacional Ngurah Rai (Bali),Aeroporto de Varsóvia Chopin,11057,12:17 ~ 13:00,13:00 ~ 13:49
Aeroporto Internacional Ngurah Rai (Bali),Aeroporto de Oslo-Gardermoen,11623,12:54 ~ 13:40,13:40 ~ 14:31
Aeroporto Internacional Ngurah Rai (Bali),Aeroporto de Roma-Fiumicino,11726,13:01 ~ 13:47,13:47 ~ 14:39
Aeroporto Internacional Ngurah Rai (Bali),Aeroporto de Milão-Malpensa,11979,13:18 ~ 14:05,14:05 ~ 14:58
Aeroporto Internacional Ngurah Rai (Bali),Aeroporto de Praga,11528,12:48 ~ 13:33,13:33 ~ 14:24
Aeroporto Internacional Ngurah Rai (Bali),Aeroporto de Heathrow (Londres),12528,13:55 ~ 14:44,14:44 ~ 15:39
Aeroporto Internacional Ngurah Rai (Bali),Aeroporto de Gatwick (Londres),12519,13:54 ~ 14:43,14:43 ~ 15:38
Aeroporto Internacional Ngurah Rai (Bali),Aeroporto Internacional de Budapeste Ferenc Liszt,11165,12:24 ~ 13:08,13:08 ~ 13:57
Aeroporto Internacional Ngurah Rai (Bali),Aeroporto de Schiphol (Amsterdã),12157,13:30 ~ 14:18,14:18 ~ 15:11
Aeroporto Internacional Ngurah Rai (Bali),Aeroporto Internacional de Boryspil (Kiev),10347,11:29 ~ 12:10,12:10 ~ 12:56
Aeroporto Internacional Ngurah Rai (Bali),Aeroporto de Istambul,10339,11:29 ~ 12:09,12:09 ~ 12:55
Aeroporto Internacional Ngurah Rai (Bali),Aeroporto de Zurique,11971,13:18 ~ 14:05,14:05 ~ 14:57
Aeroporto Internacional Ngurah Rai (Bali),Aeroporto de Estocolmo-Arlanda,11248,12:29 ~ 13:13,13:13 ~ 14:03
Aeroporto Internacional Ngurah Rai (Bali),Aeroporto Nikola Tesla (Belgrado),11074,12:18 ~ 13:01,13:01 ~ 13:50
Aeroporto Internacional Ngurah Rai (Bali),Aeroporto Internacional Sheremetyevo (Moscou),10055,11:10 ~ 11:49,11:49 ~ 12:34
Aeroporto Internacional Ngurah Rai (Bali),Aeroporto de Pulkovo (São Petersburgo),10557,11:43 ~ 12:25,12:25 ~ 13:11
Aeroporto Internacional Ngurah Rai (Bali),Aeroporto Internacional Henri Coand? (Bucareste),10612,11:47 ~ 12:29,12:29 ~ 13:15
Aeroporto Internacional Ngurah Rai (Bali),Aeroporto Humberto Delgado (Lisboa),13570,15:04 ~ 15:57,15:57 ~ 16:57
Aeroporto Internacional Ngurah Rai (Bali),Aeroporto Francisco Sá Carneiro (Porto),13453,14:56 ~ 15:49,15:49 ~ 16:48
Aeroporto Internacional Ngurah Rai (Bali),Aeroporto Internacional de Malta,11540,12:49 ~ 13:34,13:34 ~ 14:25
Aeroporto Internacional Ngurah Rai (Bali),Aeroporto de Luxemburgo,12109,13:27 ~ 14:14,14:14 ~ 15:08
Aeroporto Internacional Ngurah Rai (Bali),Aeroporto Internacional de Vilnius,10786,11:59 ~ 12:41,12:41 ~ 13:28
Aeroporto Internacional Ngurah Rai (Bali),Aeroporto Internacional de Riga,10888,12:05 ~ 12:48,12:48 ~ 13:36
Aeroporto Internacional Ngurah Rai (Bali),Aeroporto Internacional Madre Teresa (Tirana),11102,12:20 ~ 13:03,13:03 ~ 13:52
Aeroporto Internacional Ngurah Rai (Bali),Aeroporto de Barcelona-El Prat (Espanha),12575,13:58 ~ 14:47,14:47 ~ 15:43
Aeroporto Internacional Ngurah Rai (Bali),Aeroporto de Toulouse-Blagnac (França),12588,13:59 ~ 14:48,14:48 ~ 15:44
Aeroporto Internacional Ngurah Rai (Bali),Aeroporto Internacional de Viena,11366,12:37 ~ 13:22,13:22 ~ 14:12
Aeroporto Internacional Ngurah Rai (Bali),Aeroporto de Bruxelas,12206,13:33 ~ 14:21,14:21 ~ 15:15
Aeroporto Internacional Ngurah Rai (Bali),Aeroporto de Sófia,10808,12:00 ~ 12:42,12:42 ~ 13:30
Aeroporto Internacional Ngurah Rai (Bali),Aeroporto de Bratislava,11319,12:34 ~ 13:18,13:18 ~ 14:08
Aeroporto Internacional Ngurah Rai (Bali),Aeroporto de Ljubljana Joe Pu?nik,11531,12:48 ~ 13:33,13:33 ~ 14:24
Aeroporto Internacional Ngurah Rai (Bali),Aeroporto Adolfo Suárez Madrid-Barajas,13058,14:30 ~ 15:21,15:21 ~ 16:19
Aeroporto Internacional Ngurah Rai (Bali),Aeroporto de Barcelona-El Prat,12575,13:58 ~ 14:47,14:47 ~ 15:43
Aeroporto Internacional Ngurah Rai (Bali),Aeroporto de Tallinn,10858,12:03 ~ 12:46,12:46 ~ 13:34
Aeroporto Internacional Ngurah Rai (Bali),Aeroporto de Vágar,12508,13:53 ~ 14:42,14:42 ~ 15:38
Aeroporto Internacional Ngurah Rai (Bali),Aeroporto de Helsinque,10857,12:03 ~ 12:46,12:46 ~ 13:34
Aeroporto Internacional Ngurah Rai (Bali),Aeroporto Internacional de Brasília,16715,18:34 ~ 19:39,19:39 ~ 20:53
Aeroporto Internacional Ngurah Rai (Bali),Aeroporto Internacional de Várzea Grande,17155,19:03 ~ 20:10,20:10 ~ 21:26
Aeroporto Internacional Ngurah Rai (Bali),Aeroporto Internacional de Belém,17896,19:53 ~ 21:03,21:03 ~ 22:22
Aeroporto Internacional Ngurah Rai (Bali),Aeroporto Internacional de Tabatinga,18657,20:43 ~ 21:56,21:56 ~ 23:19
Aeroporto Internacional Ngurah Rai (Bali),Aeroporto Internacional de Manaus,18601,20:40 ~ 21:53,21:53 ~ 23:15
Aeroporto Internacional Ngurah Rai (Bali),Aeroporto Internacional de Macapá,18223,20:14 ~ 21:26,21:26 ~ 22:46
Aeroporto Internacional Ngurah Rai (Bali),Aeroporto Internacional de Fortaleza,16800,18:40 ~ 19:45,19:45 ~ 21:00
Aeroporto Internacional Ngurah Rai (Bali),Aeroporto Internacional de Maceió,16250,18:03 ~ 19:07,19:07 ~ 20:18
Aeroporto Internacional Ngurah Rai (Bali),Aeroporto Internacional de Aracaju,16258,18:03 ~ 19:07,19:07 ~ 20:19
Aeroporto Internacional Ngurah Rai (Bali),Aeroporto Internacional de Belo Horizonte,16085,17:52 ~ 18:55,18:55 ~ 20:06
Aeroporto Internacional Ngurah Rai (Bali),Aeroporto Santos Dumont,15790,17:32 ~ 18:34,18:34 ~ 19:44
Aeroporto Internacional Ngurah Rai (Bali),Aeroporto Internacional do Rio de Janeiro,15804,17:33 ~ 18:35,18:35 ~ 19:45
Aeroporto Internacional Ngurah Rai (Bali),Aeroporto Internacional de Vitória,15832,17:35 ~ 18:37,18:37 ~ 19:47
Aeroporto Internacional Ngurah Rai (Bali),Aeroporto Internacional de São José dos Campos,15921,17:41 ~ 18:43,18:43 ~ 19:54
Aeroporto Internacional Ngurah Rai (Bali),Aeroporto Internacional de Viracopos,16025,17:48 ~ 18:51,18:51 ~ 20:01
Aeroporto Internacional Ngurah Rai (Bali),Aeroporto Internacional de Curitiba,15883,17:38 ~ 18:41,18:41 ~ 19:51
Aeroporto Internacional Ngurah Rai (Bali),Aeroporto Internacional de Florianópolis,15614,17:20 ~ 18:22,18:22 ~ 19:31
Aeroporto Internacional Ngurah Rai (Bali),Aeroporto Internacional de Navegantes,15695,17:26 ~ 18:27,18:27 ~ 19:37
Aeroporto Internacional Ngurah Rai (Bali),Aeroporto Internacional de Porto Alegre,15478,17:11 ~ 18:12,18:12 ~ 19:20
Aeroporto Internacional Ngurah Rai (Bali),Aeroporto de Copenhague,13110,14:33 ~ 15:25,15:25 ~ 16:23
Aeroporto Internacional Ngurah Rai (Bali),Aeroporto Internacional Hartsfield-Jackson Atlanta,16603,18:26 ~ 19:31,19:31 ~ 20:45
Aeroporto Internacional Ngurah Rai (Bali),Aeroporto de Teresina,17147,19:03 ~ 20:10,20:10 ~ 21:26
Aeroporto Internacional Ngurah Rai (Bali),Aeroporto Internacional de João Pessoa,16277,18:05 ~ 19:08,19:08 ~ 20:20
Aeroporto Internacional de Narita (Tóquio),Aeroporto Internacional de Guarulhos,18490,20:32 ~ 21:45,21:45 ~ 23:06
Aeroporto Internacional de Narita (Tóquio),Aeroporto Internacional do Recife,16907,18:47 ~ 19:53,19:53 ~ 21:08
Aeroporto Internacional de Narita (Tóquio),Aeroporto Internacional de Salvador,17469,19:24 ~ 20:33,20:33 ~ 21:50
Aeroporto Internacional de Narita (Tóquio),Aeroporto Internacional de Natal,16654,18:30 ~ 19:35,19:35 ~ 20:49
Aeroporto Internacional de Narita (Tóquio),Aeroporto Internacional de São Luís,16301,18:06 ~ 19:10,19:10 ~ 20:22
Aeroporto Internacional de Narita (Tóquio),Aeroporto Internacional Pinto Martins,16460,18:17 ~ 19:21,19:21 ~ 20:34
Aeroporto Internacional de Narita (Tóquio),Aeroporto Internacional de Nursultan Nazarbayev,5613,06:14 ~ 06:36,06:36 ~ 07:00
Aeroporto Internacional de Narita (Tóquio),Aeroporto Internacional de Xangai Pudong,1799,01:59 ~ 02:06,02:06 ~ 02:14
Aeroporto Internacional de Narita (Tóquio),Aeroporto Internacional de Pequim Capital,2139,02:22 ~ 02:30,02:30 ~ 02:40
Aeroporto Internacional de Narita (Tóquio),Aeroporto Internacional de Pyongyang Sunan,1355,01:30 ~ 01:35,01:35 ~ 01:41
Aeroporto Internacional de Narita (Tóquio),Aeroporto Internacional de Incheon,1259,01:23 ~ 01:28,01:28 ~ 01:34
Aeroporto Internacional de Narita (Tóquio),Aeroporto Internacional Ninoy Aquino,3046,03:23 ~ 03:35,03:35 ~ 03:48
Aeroporto Internacional de Narita (Tóquio),Aeroporto Internacional de Hong Kong,2964,03:17 ~ 03:29,03:29 ~ 03:42
Aeroporto Internacional de Narita (Tóquio),Aeroporto Internacional Indira Gandhi,5920,06:34 ~ 06:57,06:57 ~ 07:24
Aeroporto Internacional de Narita (Tóquio),Aeroporto Internacional Soekarno-Hatta (Jacarta),5825,06:28 ~ 06:51,06:51 ~ 07:16
Aeroporto Internacional de Narita (Tóquio),Aeroporto Internacional Ngurah Rai (Bali),5592,06:12 ~ 06:34,06:34 ~ 06:59
Aeroporto Internacional de Narita (Tóquio),Aeroporto Internacional de Haneda (Tóquio),60,00:04 ~ 00:04,00:04 ~ 00:04
Aeroporto Internacional de Narita (Tóquio),Aeroporto Internacional de Kansai (Osaka),492,00:32 ~ 00:34,00:34 ~ 00:36
Aeroporto Internacional de Narita (Tóquio),Aeroporto Internacional de Wattay (Vientiane),4208,04:40 ~ 04:57,04:57 ~ 05:15
Aeroporto Internacional de Narita (Tóquio),Aeroporto Internacional de Kuala Lumpur (Sepang),5404,06:00 ~ 06:21,06:21 ~ 06:45
Aeroporto Internacional de Narita (Tóquio),Aeroporto Internacional de Penang (Penang),5309,05:53 ~ 06:14,06:14 ~ 06:38
Aeroporto Internacional de Narita (Tóquio),Aeroporto Internacional de Malé,7658,08:30 ~ 09:00,09:00 ~ 09:34
Aeroporto Internacional de Narita (Tóquio),Aeroporto Internacional de Changi,5349,05:56 ~ 06:17,06:17 ~ 06:41
Aeroporto Internacional de Narita (Tóquio),Aeroporto Internacional de Suvarnabhumi,4649,05:09 ~ 05:28,05:28 ~ 05:48
Aeroporto Internacional de Narita (Tóquio),Aeroporto Internacional Don Mueang,4646,05:09 ~ 05:27,05:27 ~ 05:48
Aeroporto Internacional de Narita (Tóquio),Aeroporto Internacional de Taiwan Taoyuan,2183,02:25 ~ 02:34,02:34 ~ 02:43
Aeroporto Internacional de Narita (Tóquio),Aeroporto Internacional de Tan Son Nhat,4381,04:52 ~ 05:09,05:09 ~ 05:28
Aeroporto Internacional de Narita (Tóquio),Aeroporto Internacional de Noi Bai,3723,04:08 ~ 04:22,04:22 ~ 04:39
Aeroporto Internacional de Narita (Tóquio),Aeroporto de Frankfurt,9390,10:26 ~ 11:02,11:02 ~ 11:44
Aeroporto Internacional de Narita (Tóquio),Aeroporto de Dublin,9614,10:40 ~ 11:18,11:18 ~ 12:01
Aeroporto Internacional de Narita (Tóquio),Aeroporto de Varsóvia Chopin,8635,09:35 ~ 10:09,10:09 ~ 10:47
Aeroporto Internacional de Narita (Tóquio),Aeroporto de Oslo-Gardermoen,8406,09:20 ~ 09:53,09:53 ~ 10:30
Aeroporto Internacional de Narita (Tóquio),Aeroporto de Roma-Fiumicino,9929,11:01 ~ 11:40,11:40 ~ 12:24
Aeroporto Internacional de Narita (Tóquio),Aeroporto de Milão-Malpensa,9772,10:51 ~ 11:29,11:29 ~ 12:12
Aeroporto Internacional de Narita (Tóquio),Aeroporto de Praga,9125,10:08 ~ 10:44,10:44 ~ 11:24
Aeroporto Internacional de Narita (Tóquio),Aeroporto de Heathrow (Londres),9614,10:40 ~ 11:18,11:18 ~ 12:01
Aeroporto Internacional de Narita (Tóquio),Aeroporto de Gatwick (Londres),9636,10:42 ~ 11:20,11:20 ~ 12:02
Aeroporto Internacional de Narita (Tóquio),Aeroporto Internacional de Budapeste Ferenc Liszt,9091,10:06 ~ 10:41,10:41 ~ 11:21
Aeroporto Internacional de Narita (Tóquio),Aeroporto de Schiphol (Amsterdã),9342,10:22 ~ 10:59,10:59 ~ 11:40
Aeroporto Internacional de Narita (Tóquio),Aeroporto Internacional de Boryspil (Kiev),8238,09:09 ~ 09:41,09:41 ~ 10:17
Aeroporto Internacional de Narita (Tóquio),Aeroporto de Istambul,9017,10:01 ~ 10:36,10:36 ~ 11:16
Aeroporto Internacional de Narita (Tóquio),Aeroporto de Zurique,9618,10:41 ~ 11:18,11:18 ~ 12:01
Aeroporto Internacional de Narita (Tóquio),Aeroporto de Estocolmo-Arlanda,8192,09:06 ~ 09:38,09:38 ~ 10:14
Aeroporto Internacional de Narita (Tóquio),Aeroporto Nikola Tesla (Belgrado),9242,10:16 ~ 10:52,10:52 ~ 11:33
Aeroporto Internacional de Narita (Tóquio),Aeroporto Internacional Sheremetyevo (Moscou),7526,08:21 ~ 08:51,08:51 ~ 09:24
Aeroporto Internacional de Narita (Tóquio),Aeroporto de Pulkovo (São Petersburgo),7648,08:29 ~ 08:59,08:59 ~ 09:33
Aeroporto Internacional de Narita (Tóquio),Aeroporto Internacional Henri Coand? (Bucareste),8924,09:54 ~ 10:29,10:29 ~ 11:09
Aeroporto Internacional de Narita (Tóquio),Aeroporto Humberto Delgado (Lisboa),11180,12:25 ~ 13:09,13:09 ~ 13:58
Aeroporto Internacional de Narita (Tóquio),Aeroporto Francisco Sá Carneiro (Porto),10914,12:07 ~ 12:50,12:50 ~ 13:38
Aeroporto Internacional de Narita (Tóquio),Aeroporto Internacional de Malta,10305,11:26 ~ 12:07,12:07 ~ 12:52
Aeroporto Internacional de Narita (Tóquio),Aeroporto de Luxemburgo,9527,10:35 ~ 11:12,11:12 ~ 11:54
Aeroporto Internacional de Narita (Tóquio),Aeroporto Internacional de Vilnius,8237,09:09 ~ 09:41,09:41 ~ 10:17
Aeroporto Internacional de Narita (Tóquio),Aeroporto Internacional de Riga,8135,09:02 ~ 09:34,09:34 ~ 10:10
Aeroporto Internacional de Narita (Tóquio),Aeroporto Internacional Madre Teresa (Tirana),9542,10:36 ~ 11:13,11:13 ~ 11:55
Aeroporto Internacional de Narita (Tóquio),Aeroporto de Barcelona-El Prat (Espanha),10475,11:38 ~ 12:19,12:19 ~ 13:05
Aeroporto Internacional de Narita (Tóquio),Aeroporto de Toulouse-Blagnac (França),10285,11:25 ~ 12:05,12:05 ~ 12:51
Aeroporto Internacional de Narita (Tóquio),Aeroporto Internacional de Viena,9176,10:11 ~ 10:47,10:47 ~ 11:28
Aeroporto Internacional de Narita (Tóquio),Aeroporto de Bruxelas,9482,10:32 ~ 11:09,11:09 ~ 11:51
Aeroporto Internacional de Narita (Tóquio),Aeroporto de Sófia,9226,10:15 ~ 10:51,10:51 ~ 11:31
Aeroporto Internacional de Narita (Tóquio),Aeroporto de Bratislava,9138,10:09 ~ 10:45,10:45 ~ 11:25
Aeroporto Internacional de Narita (Tóquio),Aeroporto de Ljubljana Joe Pu?nik,9440,10:29 ~ 11:06,11:06 ~ 11:48
Aeroporto Internacional de Narita (Tóquio),Aeroporto Adolfo Suárez Madrid-Barajas,10795,11:59 ~ 12:41,12:41 ~ 13:29
Aeroporto Internacional de Narita (Tóquio),Aeroporto de Barcelona-El Prat,10474,11:38 ~ 12:19,12:19 ~ 13:05
Aeroporto Internacional de Narita (Tóquio),Aeroporto de Tallinn,7920,08:48 ~ 09:19,09:19 ~ 09:54
Aeroporto Internacional de Narita (Tóquio),Aeroporto de Vágar,8778,09:45 ~ 10:19,10:19 ~ 10:58
Aeroporto Internacional de Narita (Tóquio),Aeroporto de Helsinque,7848,08:43 ~ 09:13,09:13 ~ 09:48
Aeroporto Internacional de Narita (Tóquio),Aeroporto Internacional de Brasília,17653,19:36 ~ 20:46,20:46 ~ 22:03
Aeroporto Internacional de Narita (Tóquio),Aeroporto Internacional de Várzea Grande,17227,19:08 ~ 20:16,20:16 ~ 21:32
Aeroporto Internacional de Narita (Tóquio),Aeroporto Internacional de Belém,16090,17:52 ~ 18:55,18:55 ~ 20:06
Aeroporto Internacional de Narita (Tóquio),Aeroporto Internacional de Tabatinga,15498,17:13 ~ 18:13,18:13 ~ 19:22
Aeroporto Internacional de Narita (Tóquio),Aeroporto Internacional de Manaus,15821,17:34 ~ 18:36,18:36 ~ 19:46
Aeroporto Internacional de Narita (Tóquio),Aeroporto Internacional de Macapá,15869,17:37 ~ 18:40,18:40 ~ 19:50
Aeroporto Internacional de Narita (Tóquio),Aeroporto Internacional de Fortaleza,16460,18:17 ~ 19:21,19:21 ~ 20:34
Aeroporto Internacional de Narita (Tóquio),Aeroporto Internacional de Maceió,17019,18:54 ~ 20:01,20:01 ~ 21:16
Aeroporto Internacional de Narita (Tóquio),Aeroporto Internacional de Aracaju,17243,19:09 ~ 20:17,20:17 ~ 21:33
Aeroporto Internacional de Narita (Tóquio),Aeroporto Internacional de Belo Horizonte,18181,20:12 ~ 21:23,21:23 ~ 22:43
Aeroporto Internacional de Narita (Tóquio),Aeroporto Santos Dumont,18540,20:36 ~ 21:48,21:48 ~ 23:10
Aeroporto Internacional de Narita (Tóquio),Aeroporto Internacional do Rio de Janeiro,18527,20:35 ~ 21:47,21:47 ~ 23:09
Aeroporto Internacional de Narita (Tóquio),Aeroporto Internacional de Vitória,18284,20:18 ~ 21:30,21:30 ~ 22:51
Aeroporto Internacional de Narita (Tóquio),Aeroporto Internacional de São José dos Campos,18488,20:32 ~ 21:45,21:45 ~ 23:06
Aeroporto Internacional de Narita (Tóquio),Aeroporto Internacional de Viracopos,18403,20:26 ~ 21:39,21:39 ~ 23:00
Aeroporto Internacional de Narita (Tóquio),Aeroporto Internacional de Curitiba,18532,20:35 ~ 21:48,21:48 ~ 23:09
Aeroporto Internacional de Narita (Tóquio),Aeroporto Internacional de Florianópolis,18782,20:52 ~ 22:05,22:05 ~ 23:28
Aeroporto Internacional de Narita (Tóquio),Aeroporto Internacional de Navegantes,18710,20:47 ~ 22:00,22:00 ~ 23:23
Aeroporto Internacional de Narita (Tóquio),Aeroporto Internacional de Porto Alegre,18766,20:51 ~ 22:04,22:04 ~ 23:27
Aeroporto Internacional de Narita (Tóquio),Aeroporto de Copenhague,9560,10:37 ~ 11:14,11:14 ~ 11:56
Aeroporto Internacional de Narita (Tóquio),Aeroporto Internacional Hartsfield-Jackson Atlanta,11025,12:15 ~ 12:58,12:58 ~ 13:46
Aeroporto Internacional de Narita (Tóquio),Aeroporto de Teresina,16588,18:25 ~ 19:30,19:30 ~ 20:44
Aeroporto Internacional de Narita (Tóquio),Aeroporto Internacional de João Pessoa,16800,18:40 ~ 19:45,19:45 ~ 21:00
Aeroporto Internacional de Haneda (Tóquio),Aeroporto Internacional de Guarulhos,18535,20:35 ~ 21:48,21:48 ~ 23:10
Aeroporto Internacional de Haneda (Tóquio),Aeroporto Internacional do Recife,16920,18:48 ~ 19:54,19:54 ~ 21:08
Aeroporto Internacional de Haneda (Tóquio),Aeroporto Internacional de Salvador,17489,19:25 ~ 20:34,20:34 ~ 21:51
Aeroporto Internacional de Haneda (Tóquio),Aeroporto Internacional de Natal,16668,18:31 ~ 19:36,19:36 ~ 20:50
Aeroporto Internacional de Haneda (Tóquio),Aeroporto Internacional de São Luís,16332,18:08 ~ 19:12,19:12 ~ 20:24
Aeroporto Internacional de Haneda (Tóquio),Aeroporto Internacional Pinto Martins,16481,18:18 ~ 19:23,19:23 ~ 20:36
Aeroporto Internacional de Haneda (Tóquio),Aeroporto Internacional de Nursultan Nazarbayev,5586,06:12 ~ 06:34,06:34 ~ 06:58
Aeroporto Internacional de Haneda (Tóquio),Aeroporto Internacional de Xangai Pudong,1740,01:56 ~ 02:02,02:02 ~ 02:10
Aeroporto Internacional de Haneda (Tóquio),Aeroporto Internacional de Pequim Capital,2096,02:19 ~ 02:27,02:27 ~ 02:37
Aeroporto Internacional de Haneda (Tóquio),Aeroporto Internacional de Pyongyang Sunan,1312,01:27 ~ 01:32,01:32 ~ 01:38
Aeroporto Internacional de Haneda (Tóquio),Aeroporto Internacional de Incheon,1212,01:20 ~ 01:25,01:25 ~ 01:30
Aeroporto Internacional de Haneda (Tóquio),Aeroporto Internacional Ninoy Aquino,2991,03:19 ~ 03:31,03:31 ~ 03:44
Aeroporto Internacional de Haneda (Tóquio),Aeroporto Internacional de Hong Kong,2904,03:13 ~ 03:24,03:24 ~ 03:37
Aeroporto Internacional de Haneda (Tóquio),Aeroporto Internacional Indira Gandhi,5871,06:31 ~ 06:54,06:54 ~ 07:20
Aeroporto Internacional de Haneda (Tóquio),Aeroporto Internacional Soekarno-Hatta (Jacarta),5770,06:24 ~ 06:47,06:47 ~ 07:12
Aeroporto Internacional de Haneda (Tóquio),Aeroporto Internacional Ngurah Rai (Bali),5543,06:09 ~ 06:31,06:31 ~ 06:55
Aeroporto Internacional de Haneda (Tóquio),Aeroporto Internacional de Narita (Tóquio),60,00:04 ~ 00:04,00:04 ~ 00:04
Aeroporto Internacional de Haneda (Tóquio),Aeroporto Internacional de Kansai (Osaka),433,00:28 ~ 00:30,00:30 ~ 00:32
Aeroporto Internacional de Haneda (Tóquio),Aeroporto Internacional de Wattay (Vientiane),4149,04:36 ~ 04:52,04:52 ~ 05:11
Aeroporto Internacional de Haneda (Tóquio),Aeroporto Internacional de Kuala Lumpur (Sepang),5345,05:56 ~ 06:17,06:17 ~ 06:40
Aeroporto Internacional de Haneda (Tóquio),Aeroporto Internacional de Penang (Penang),5250,05:49 ~ 06:10,06:10 ~ 06:33
Aeroporto Internacional de Haneda (Tóquio),Aeroporto Internacional de Malé,7600,08:26 ~ 08:56,08:56 ~ 09:30
Aeroporto Internacional de Haneda (Tóquio),Aeroporto Internacional de Changi,5292,05:52 ~ 06:13,06:13 ~ 06:36
Aeroporto Internacional de Haneda (Tóquio),Aeroporto Internacional de Suvarnabhumi,4590,05:05 ~ 05:24,05:24 ~ 05:44
Aeroporto Internacional de Haneda (Tóquio),Aeroporto Internacional Don Mueang,4586,05:05 ~ 05:23,05:23 ~ 05:43
Aeroporto Internacional de Haneda (Tóquio),Aeroporto Internacional de Taiwan Taoyuan,2123,02:21 ~ 02:29,02:29 ~ 02:39
Aeroporto Internacional de Haneda (Tóquio),Aeroporto Internacional de Tan Son Nhat,4322,04:48 ~ 05:05,05:05 ~ 05:24
Aeroporto Internacional de Haneda (Tóquio),Aeroporto Internacional de Noi Bai,3664,04:04 ~ 04:18,04:18 ~ 04:34
Aeroporto Internacional de Haneda (Tóquio),Aeroporto de Frankfurt,9384,10:25 ~ 11:02,11:02 ~ 11:43
Aeroporto Internacional de Haneda (Tóquio),Aeroporto de Dublin,9618,10:41 ~ 11:18,11:18 ~ 12:01
Aeroporto Internacional de Haneda (Tóquio),Aeroporto de Varsóvia Chopin,8624,09:34 ~ 10:08,10:08 ~ 10:46
Aeroporto Internacional de Haneda (Tóquio),Aeroporto de Oslo-Gardermoen,8406,09:20 ~ 09:53,09:53 ~ 10:30
Aeroporto Internacional de Haneda (Tóquio),Aeroporto de Roma-Fiumicino,9916,11:01 ~ 11:39,11:39 ~ 12:23
Aeroporto Internacional de Haneda (Tóquio),Aeroporto de Milão-Malpensa,9763,10:50 ~ 11:29,11:29 ~ 12:12
Aeroporto Internacional de Haneda (Tóquio),Aeroporto de Praga,9117,10:07 ~ 10:43,10:43 ~ 11:23
Aeroporto Internacional de Haneda (Tóquio),Aeroporto de Heathrow (Londres),9614,10:40 ~ 11:18,11:18 ~ 12:01
Aeroporto Internacional de Haneda (Tóquio),Aeroporto de Gatwick (Londres),9636,10:42 ~ 11:20,11:20 ~ 12:02
Aeroporto Internacional de Haneda (Tóquio),Aeroporto Internacional de Budapeste Ferenc Liszt,9078,10:05 ~ 10:40,10:40 ~ 11:20
Aeroporto Internacional de Haneda (Tóquio),Aeroporto de Schiphol (Amsterdã),9339,10:22 ~ 10:59,10:59 ~ 11:40
Aeroporto Internacional de Haneda (Tóquio),Aeroporto Internacional de Boryspil (Kiev),8222,09:08 ~ 09:40,09:40 ~ 10:16
Aeroporto Internacional de Haneda (Tóquio),Aeroporto de Istambul,8995,09:59 ~ 10:34,10:34 ~ 11:14
Aeroporto Internacional de Haneda (Tóquio),Aeroporto de Zurique,9611,10:40 ~ 11:18,11:18 ~ 12:00
Aeroporto Internacional de Haneda (Tóquio),Aeroporto de Estocolmo-Arlanda,8188,09:05 ~ 09:37,09:37 ~ 10:14
Aeroporto Internacional de Haneda (Tóquio),Aeroporto Nikola Tesla (Belgrado),9226,10:15 ~ 10:51,10:51 ~ 11:31
Aeroporto Internacional de Haneda (Tóquio),Aeroporto Internacional Sheremetyevo (Moscou),7512,08:20 ~ 08:50,08:50 ~ 09:23
Aeroporto Internacional de Haneda (Tóquio),Aeroporto de Pulkovo (São Petersburgo),7640,08:29 ~ 08:59,08:59 ~ 09:33
Aeroporto Internacional de Haneda (Tóquio),Aeroporto Internacional Henri Coand? (Bucareste),8906,09:53 ~ 10:28,10:28 ~ 11:07
Aeroporto Internacional de Haneda (Tóquio),Aeroporto Humberto Delgado (Lisboa),11179,12:25 ~ 13:09,13:09 ~ 13:58
Aeroporto Internacional de Haneda (Tóquio),Aeroporto Francisco Sá Carneiro (Porto),10914,12:07 ~ 12:50,12:50 ~ 13:38
Aeroporto Internacional de Haneda (Tóquio),Aeroporto Internacional de Malta,10287,11:25 ~ 12:06,12:06 ~ 12:51
Aeroporto Internacional de Haneda (Tóquio),Aeroporto de Luxemburgo,9522,10:34 ~ 11:12,11:12 ~ 11:54
Aeroporto Internacional de Haneda (Tóquio),Aeroporto Internacional de Vilnius,8227,09:08 ~ 09:40,09:40 ~ 10:17
Aeroporto Internacional de Haneda (Tóquio),Aeroporto Internacional de Riga,8127,09:01 ~ 09:33,09:33 ~ 10:09
Aeroporto Internacional de Haneda (Tóquio),Aeroporto Internacional Madre Teresa (Tirana),9525,10:35 ~ 11:12,11:12 ~ 11:54
Aeroporto Internacional de Haneda (Tóquio),Aeroporto de Barcelona-El Prat (Espanha),10468,11:37 ~ 12:18,12:18 ~ 13:05
Aeroporto Internacional de Haneda (Tóquio),Aeroporto de Toulouse-Blagnac (França),10280,11:25 ~ 12:05,12:05 ~ 12:50
Aeroporto Internacional de Haneda (Tóquio),Aeroporto Internacional de Viena,9165,10:11 ~ 10:46,10:46 ~ 11:27
Aeroporto Internacional de Haneda (Tóquio),Aeroporto de Bruxelas,9479,10:31 ~ 11:09,11:09 ~ 11:50
Aeroporto Internacional de Haneda (Tóquio),Aeroporto de Sófia,9207,10:13 ~ 10:49,10:49 ~ 11:30
Aeroporto Internacional de Haneda (Tóquio),Aeroporto de Bratislava,9126,10:08 ~ 10:44,10:44 ~ 11:24
Aeroporto Internacional de Haneda (Tóquio),Aeroporto de Ljubljana Joe Pu?nik,9428,10:28 ~ 11:05,11:05 ~ 11:47
Aeroporto Internacional de Haneda (Tóquio),Aeroporto Adolfo Suárez Madrid-Barajas,10791,11:59 ~ 12:41,12:41 ~ 13:29
Aeroporto Internacional de Haneda (Tóquio),Aeroporto de Barcelona-El Prat,10467,11:37 ~ 12:18,12:18 ~ 13:05
Aeroporto Internacional de Haneda (Tóquio),Aeroporto de Tallinn,7913,08:47 ~ 09:18,09:18 ~ 09:53
Aeroporto Internacional de Haneda (Tóquio),Aeroporto de Vágar,8787,09:45 ~ 10:20,10:20 ~ 10:59
Aeroporto Internacional de Haneda (Tóquio),Aeroporto de Helsinque,7843,08:42 ~ 09:13,09:13 ~ 09:48
Aeroporto Internacional de Haneda (Tóquio),Aeroporto Internacional de Brasília,17695,19:39 ~ 20:49,20:49 ~ 22:07
Aeroporto Internacional de Haneda (Tóquio),Aeroporto Internacional de Várzea Grande,17280,19:11 ~ 20:19,20:19 ~ 21:36
Aeroporto Internacional de Haneda (Tóquio),Aeroporto Internacional de Belém,16127,17:55 ~ 18:58,18:58 ~ 20:09
Aeroporto Internacional de Haneda (Tóquio),Aeroporto Internacional de Tabatinga,15553,17:16 ~ 18:17,18:17 ~ 19:26
Aeroporto Internacional de Haneda (Tóquio),Aeroporto Internacional de Manaus,15871,17:38 ~ 18:40,18:40 ~ 19:50
Aeroporto Internacional de Haneda (Tóquio),Aeroporto Internacional de Macapá,15908,17:40 ~ 18:42,18:42 ~ 19:53
Aeroporto Internacional de Haneda (Tóquio),Aeroporto Internacional de Fortaleza,16481,18:18 ~ 19:23,19:23 ~ 20:36
Aeroporto Internacional de Haneda (Tóquio),Aeroporto Internacional de Maceió,17034,18:55 ~ 20:02,20:02 ~ 21:17
Aeroporto Internacional de Haneda (Tóquio),Aeroporto Internacional de Aracaju,17260,19:10 ~ 20:18,20:18 ~ 21:34
Aeroporto Internacional de Haneda (Tóquio),Aeroporto Internacional de Belo Horizonte,18214,20:14 ~ 21:25,21:25 ~ 22:46
Aeroporto Internacional de Haneda (Tóquio),Aeroporto Santos Dumont,18575,20:38 ~ 21:51,21:51 ~ 23:13
Aeroporto Internacional de Haneda (Tóquio),Aeroporto Internacional do Rio de Janeiro,18562,20:37 ~ 21:50,21:50 ~ 23:12
Aeroporto Internacional de Haneda (Tóquio),Aeroporto Internacional de Vitória,18309,20:20 ~ 21:32,21:32 ~ 22:53
Aeroporto Internacional de Haneda (Tóquio),Aeroporto Internacional de São José dos Campos,18531,20:35 ~ 21:48,21:48 ~ 23:09
Aeroporto Internacional de Haneda (Tóquio),Aeroporto Internacional de Viracopos,18451,20:30 ~ 21:42,21:42 ~ 23:03
Aeroporto Internacional de Haneda (Tóquio),Aeroporto Internacional de Curitiba,18584,20:38 ~ 21:51,21:51 ~ 23:13
Aeroporto Internacional de Haneda (Tóquio),Aeroporto Internacional de Florianópolis,18837,20:55 ~ 22:09,22:09 ~ 23:32
Aeroporto Internacional de Haneda (Tóquio),Aeroporto Internacional de Navegantes,18764,20:50 ~ 22:04,22:04 ~ 23:27
Aeroporto Internacional de Haneda (Tóquio),Aeroporto Internacional de Porto Alegre,18825,20:55 ~ 22:08,22:08 ~ 23:31
Aeroporto Internacional de Haneda (Tóquio),Aeroporto de Copenhague,9569,10:37 ~ 11:15,11:15 ~ 11:57
Aeroporto Internacional de Haneda (Tóquio),Aeroporto Internacional Hartsfield-Jackson Atlanta,11076,12:18 ~ 13:01,13:01 ~ 13:50
Aeroporto Internacional de Haneda (Tóquio),Aeroporto de Teresina,16617,18:27 ~ 19:32,19:32 ~ 20:46
Aeroporto Internacional de Haneda (Tóquio),Aeroporto Internacional de João Pessoa,16813,18:40 ~ 19:46,19:46 ~ 21:00
Aeroporto Internacional de Kansai (Osaka),Aeroporto Internacional de Guarulhos,18773,20:51 ~ 22:05,22:05 ~ 23:27
Aeroporto Internacional de Kansai (Osaka),Aeroporto Internacional do Recife,16924,18:48 ~ 19:54,19:54 ~ 21:09
Aeroporto Internacional de Kansai (Osaka),Aeroporto Internacional de Salvador,17535,19:29 ~ 20:37,20:37 ~ 21:55
Aeroporto Internacional de Kansai (Osaka),Aeroporto Internacional de Natal,16685,18:32 ~ 19:37,19:37 ~ 20:51
Aeroporto Internacional de Kansai (Osaka),Aeroporto Internacional de São Luís,16478,18:18 ~ 19:23,19:23 ~ 20:35
Aeroporto Internacional de Kansai (Osaka),Aeroporto Internacional Pinto Martins,16550,18:23 ~ 19:28,19:28 ~ 20:41
Aeroporto Internacional de Kansai (Osaka),Aeroporto Internacional de Nursultan Nazarbayev,5351,05:56 ~ 06:17,06:17 ~ 06:41
Aeroporto Internacional de Kansai (Osaka),Aeroporto Internacional de Xangai Pudong,1309,01:27 ~ 01:32,01:32 ~ 01:38
Aeroporto Internacional de Kansai (Osaka),Aeroporto Internacional de Pequim Capital,1764,01:57 ~ 02:04,02:04 ~ 02:12
Aeroporto Internacional de Kansai (Osaka),Aeroporto Internacional de Pyongyang Sunan,1004,01:06 ~ 01:10,01:10 ~ 01:15
Aeroporto Internacional de Kansai (Osaka),Aeroporto Internacional de Incheon,860,00:57 ~ 01:00,01:00 ~ 01:04
Aeroporto Internacional de Kansai (Osaka),Aeroporto Internacional Ninoy Aquino,2629,02:55 ~ 03:05,03:05 ~ 03:17
Aeroporto Internacional de Kansai (Osaka),Aeroporto Internacional de Hong Kong,2476,02:45 ~ 02:54,02:54 ~ 03:05
Aeroporto Internacional de Kansai (Osaka),Aeroporto Internacional Indira Gandhi,5486,06:05 ~ 06:27,06:27 ~ 06:51
Aeroporto Internacional de Kansai (Osaka),Aeroporto Internacional Soekarno-Hatta (Jacarta),5402,06:00 ~ 06:21,06:21 ~ 06:45
Aeroporto Internacional de Kansai (Osaka),Aeroporto Internacional Ngurah Rai (Bali),5227,05:48 ~ 06:08,06:08 ~ 06:32
Aeroporto Internacional de Kansai (Osaka),Aeroporto Internacional de Narita (Tóquio),492,00:32 ~ 00:34,00:34 ~ 00:36
Aeroporto Internacional de Kansai (Osaka),Aeroporto Internacional de Haneda (Tóquio),433,00:28 ~ 00:30,00:30 ~ 00:32
Aeroporto Internacional de Kansai (Osaka),Aeroporto Internacional de Wattay (Vientiane),3716,04:07 ~ 04:22,04:22 ~ 04:38
Aeroporto Internacional de Kansai (Osaka),Aeroporto Internacional de Kuala Lumpur (Sepang),4936,05:29 ~ 05:48,05:48 ~ 06:10
Aeroporto Internacional de Kansai (Osaka),Aeroporto Internacional de Penang (Penang),4833,05:22 ~ 05:41,05:41 ~ 06:02
Aeroporto Internacional de Kansai (Osaka),Aeroporto Internacional de Malé,7168,07:57 ~ 08:25,08:25 ~ 08:57
Aeroporto Internacional de Kansai (Osaka),Aeroporto Internacional de Changi,4893,05:26 ~ 05:45,05:45 ~ 06:06
Aeroporto Internacional de Kansai (Osaka),Aeroporto Internacional de Suvarnabhumi,4160,04:37 ~ 04:53,04:53 ~ 05:12
Aeroporto Internacional de Kansai (Osaka),Aeroporto Internacional Don Mueang,4156,04:37 ~ 04:53,04:53 ~ 05:11
Aeroporto Internacional de Kansai (Osaka),Aeroporto Internacional de Taiwan Taoyuan,1703,01:53 ~ 02:00,02:00 ~ 02:07
Aeroporto Internacional de Kansai (Osaka),Aeroporto Internacional de Tan Son Nhat,3906,04:20 ~ 04:35,04:35 ~ 04:52
Aeroporto Internacional de Kansai (Osaka),Aeroporto Internacional de Noi Bai,3231,03:35 ~ 03:48,03:48 ~ 04:02
Aeroporto Internacional de Kansai (Osaka),Aeroporto de Frankfurt,9282,10:18 ~ 10:55,10:55 ~ 11:36
Aeroporto Internacional de Kansai (Osaka),Aeroporto de Dublin,9587,10:39 ~ 11:16,11:16 ~ 11:59
Aeroporto Internacional de Kansai (Osaka),Aeroporto de Varsóvia Chopin,8492,09:26 ~ 09:59,09:59 ~ 10:36
Aeroporto Internacional de Kansai (Osaka),Aeroporto de Oslo-Gardermoen,8347,09:16 ~ 09:49,09:49 ~ 10:26
Aeroporto Internacional de Kansai (Osaka),Aeroporto de Roma-Fiumicino,9761,10:50 ~ 11:29,11:29 ~ 12:12
Aeroporto Internacional de Kansai (Osaka),Aeroporto de Milão-Malpensa,9641,10:42 ~ 11:20,11:20 ~ 12:03
Aeroporto Internacional de Kansai (Osaka),Aeroporto de Praga,8995,09:59 ~ 10:34,10:34 ~ 11:14
Aeroporto Internacional de Kansai (Osaka),Aeroporto de Heathrow (Londres),9553,10:36 ~ 11:14,11:14 ~ 11:56
Aeroporto Internacional de Kansai (Osaka),Aeroporto de Gatwick (Londres),9572,10:38 ~ 11:15,11:15 ~ 11:57
Aeroporto Internacional de Kansai (Osaka),Aeroporto Internacional de Budapeste Ferenc Liszt,8926,09:55 ~ 10:30,10:30 ~ 11:09
Aeroporto Internacional de Kansai (Osaka),Aeroporto de Schiphol (Amsterdã),9262,10:17 ~ 10:53,10:53 ~ 11:34
Aeroporto Internacional de Kansai (Osaka),Aeroporto Internacional de Boryspil (Kiev),8052,08:56 ~ 09:28,09:28 ~ 10:03
Aeroporto Internacional de Kansai (Osaka),Aeroporto de Istambul,8778,09:45 ~ 10:19,10:19 ~ 10:58
Aeroporto Internacional de Kansai (Osaka),Aeroporto de Zurique,9497,10:33 ~ 11:10,11:10 ~ 11:52
Aeroporto Internacional de Kansai (Osaka),Aeroporto de Estocolmo-Arlanda,8107,09:00 ~ 09:32,09:32 ~ 10:08
Aeroporto Internacional de Kansai (Osaka),Aeroporto Nikola Tesla (Belgrado),9057,10:03 ~ 10:39,10:39 ~ 11:19
Aeroporto Internacional de Kansai (Osaka),Aeroporto Internacional Sheremetyevo (Moscou),7362,08:10 ~ 08:39,08:39 ~ 09:12
Aeroporto Internacional de Kansai (Osaka),Aeroporto de Pulkovo (São Petersburgo),7531,08:22 ~ 08:51,08:51 ~ 09:24
Aeroporto Internacional de Kansai (Osaka),Aeroporto Internacional Henri Coand? (Bucareste),8717,09:41 ~ 10:15,10:15 ~ 10:53
Aeroporto Internacional de Kansai (Osaka),Aeroporto Humberto Delgado (Lisboa),11110,12:20 ~ 13:04,13:04 ~ 13:53
Aeroporto Internacional de Kansai (Osaka),Aeroporto Francisco Sá Carneiro (Porto),10851,12:03 ~ 12:45,12:45 ~ 13:33
Aeroporto Internacional de Kansai (Osaka),Aeroporto Internacional de Malta,10096,11:13 ~ 11:52,11:52 ~ 12:37
Aeroporto Internacional de Kansai (Osaka),Aeroporto de Luxemburgo,9428,10:28 ~ 11:05,11:05 ~ 11:47
Aeroporto Internacional de Kansai (Osaka),Aeroporto Internacional de Vilnius,8097,08:59 ~ 09:31,09:31 ~ 10:07
Aeroporto Internacional de Kansai (Osaka),Aeroporto Internacional de Riga,8014,08:54 ~ 09:25,09:25 ~ 10:01
Aeroporto Internacional de Kansai (Osaka),Aeroporto Internacional Madre Teresa (Tirana),9340,10:22 ~ 10:59,10:59 ~ 11:40
Aeroporto Internacional de Kansai (Osaka),Aeroporto de Barcelona-El Prat (Espanha),10354,11:30 ~ 12:10,12:10 ~ 12:56
Aeroporto Internacional de Kansai (Osaka),Aeroporto de Toulouse-Blagnac (França),10179,11:18 ~ 11:58,11:58 ~ 12:43
Aeroporto Internacional de Kansai (Osaka),Aeroporto Internacional de Viena,9026,10:01 ~ 10:37,10:37 ~ 11:16
Aeroporto Internacional de Kansai (Osaka),Aeroporto de Bruxelas,9396,10:26 ~ 11:03,11:03 ~ 11:44
Aeroporto Internacional de Kansai (Osaka),Aeroporto de Sófia,9017,10:01 ~ 10:36,10:36 ~ 11:16
Aeroporto Internacional de Kansai (Osaka),Aeroporto de Bratislava,8985,09:58 ~ 10:34,10:34 ~ 11:13
Aeroporto Internacional de Kansai (Osaka),Aeroporto de Ljubljana Joe Pu?nik,9287,10:19 ~ 10:55,10:55 ~ 11:36
Aeroporto Internacional de Kansai (Osaka),Aeroporto Adolfo Suárez Madrid-Barajas,10700,11:53 ~ 12:35,12:35 ~ 13:22
Aeroporto Internacional de Kansai (Osaka),Aeroporto de Barcelona-El Prat,10353,11:30 ~ 12:10,12:10 ~ 12:56
Aeroporto Internacional de Kansai (Osaka),Aeroporto de Tallinn,7814,08:40 ~ 09:11,09:11 ~ 09:46
Aeroporto Internacional de Kansai (Osaka),Aeroporto de Vágar,8792,09:46 ~ 10:20,10:20 ~ 10:59
Aeroporto Internacional de Kansai (Osaka),Aeroporto de Helsinque,7749,08:36 ~ 09:06,09:06 ~ 09:41
Aeroporto Internacional de Kansai (Osaka),Aeroporto Internacional de Brasília,17923,19:54 ~ 21:05,21:05 ~ 22:24
Aeroporto Internacional de Kansai (Osaka),Aeroporto Internacional de Várzea Grande,17623,19:34 ~ 20:43,20:43 ~ 22:01
Aeroporto Internacional de Kansai (Osaka),Aeroporto Internacional de Belém,16324,18:08 ~ 19:12,19:12 ~ 20:24
Aeroporto Internacional de Kansai (Osaka),Aeroporto Internacional de Tabatinga,15914,17:40 ~ 18:43,18:43 ~ 19:53
Aeroporto Internacional de Kansai (Osaka),Aeroporto Internacional de Manaus,16189,17:59 ~ 19:02,19:02 ~ 20:14
Aeroporto Internacional de Kansai (Osaka),Aeroporto Internacional de Macapá,16132,17:55 ~ 18:58,18:58 ~ 20:09
Aeroporto Internacional de Kansai (Osaka),Aeroporto Internacional de Fortaleza,16550,18:23 ~ 19:28,19:28 ~ 20:41
Aeroporto Internacional de Kansai (Osaka),Aeroporto Internacional de Maceió,17047,18:56 ~ 20:03,20:03 ~ 21:18
Aeroporto Internacional de Kansai (Osaka),Aeroporto Internacional de Aracaju,17290,19:12 ~ 20:20,20:20 ~ 21:36
Aeroporto Internacional de Kansai (Osaka),Aeroporto Internacional de Belo Horizonte,18356,20:23 ~ 21:35,21:35 ~ 22:56
Aeroporto Internacional de Kansai (Osaka),Aeroporto Santos Dumont,18717,20:47 ~ 22:01,22:01 ~ 23:23
Aeroporto Internacional de Kansai (Osaka),Aeroporto Internacional do Rio de Janeiro,18707,20:47 ~ 22:00,22:00 ~ 23:23
Aeroporto Internacional de Kansai (Osaka),Aeroporto Internacional de Vitória,18374,20:24 ~ 21:36,21:36 ~ 22:58
Aeroporto Internacional de Kansai (Osaka),Aeroporto Internacional de São José dos Campos,18753,20:50 ~ 22:03,22:03 ~ 23:26
Aeroporto Internacional de Kansai (Osaka),Aeroporto Internacional de Viracopos,18722,20:48 ~ 22:01,22:01 ~ 23:24
Aeroporto Internacional de Kansai (Osaka),Aeroporto Internacional de Curitiba,18904,21:00 ~ 22:14,22:14 ~ 23:37
Aeroporto Internacional de Kansai (Osaka),Aeroporto Internacional de Florianópolis,19176,21:18 ~ 22:33,22:33 ~ 23:58
Aeroporto Internacional de Kansai (Osaka),Aeroporto Internacional de Navegantes,19094,21:12 ~ 22:27,22:27 ~ 23:52
Aeroporto Internacional de Kansai (Osaka),Aeroporto Internacional de Porto Alegre,19239,21:22 ~ 22:38,22:38 ~ 24:02
Aeroporto Internacional de Kansai (Osaka),Aeroporto de Copenhague,9571,10:38 ~ 11:15,11:15 ~ 11:57
Aeroporto Internacional de Kansai (Osaka),Aeroporto Internacional Hartsfield-Jackson Atlanta,11413,12:40 ~ 13:25,13:25 ~ 14:15
Aeroporto Internacional de Kansai (Osaka),Aeroporto de Teresina,16745,18:36 ~ 19:41,19:41 ~ 20:55
Aeroporto Internacional de Kansai (Osaka),Aeroporto Internacional de João Pessoa,16821,18:41 ~ 19:47,19:47 ~ 21:01
Aeroporto Internacional de Wattay (Vientiane),Aeroporto Internacional de Guarulhos,16756,18:37 ~ 19:42,19:42 ~ 20:56
Aeroporto Internacional de Wattay (Vientiane),Aeroporto Internacional do Recife,15307,17:00 ~ 18:00,18:00 ~ 19:08
Aeroporto Internacional de Wattay (Vientiane),Aeroporto Internacional de Salvador,15807,17:33 ~ 18:35,18:35 ~ 19:45
Aeroporto Internacional de Wattay (Vientiane),Aeroporto Internacional de Natal,15257,16:57 ~ 17:56,17:56 ~ 19:04
Aeroporto Internacional de Wattay (Vientiane),Aeroporto Internacional de São Luís,16026,17:48 ~ 18:51,18:51 ~ 20:01
Aeroporto Internacional de Wattay (Vientiane),Aeroporto Internacional Pinto Martins,15511,17:14 ~ 18:14,18:14 ~ 19:23
Aeroporto Internacional de Wattay (Vientiane),Aeroporto Internacional de Nursultan Nazarbayev,4580,05:05 ~ 05:23,05:23 ~ 05:43
Aeroporto Internacional de Wattay (Vientiane),Aeroporto Internacional de Xangai Pudong,2429,02:41 ~ 02:51,02:51 ~ 03:02
Aeroporto Internacional de Wattay (Vientiane),Aeroporto Internacional de Pequim Capital,2797,03:06 ~ 03:17,03:17 ~ 03:29
Aeroporto Internacional de Wattay (Vientiane),Aeroporto Internacional de Pyongyang Sunan,3246,03:36 ~ 03:49,03:49 ~ 04:03
Aeroporto Internacional de Wattay (Vientiane),Aeroporto Internacional de Incheon,3179,03:31 ~ 03:44,03:44 ~ 03:58
Aeroporto Internacional de Wattay (Vientiane),Aeroporto Internacional Ninoy Aquino,2010,02:14 ~ 02:21,02:21 ~ 02:30
Aeroporto Internacional de Wattay (Vientiane),Aeroporto Internacional de Hong Kong,1280,01:25 ~ 01:30,01:30 ~ 01:36
Aeroporto Internacional de Wattay (Vientiane),Aeroporto Internacional Indira Gandhi,2847,03:09 ~ 03:20,03:20 ~ 03:33
Aeroporto Internacional de Wattay (Vientiane),Aeroporto Internacional Soekarno-Hatta (Jacarta),2703,03:00 ~ 03:10,03:10 ~ 03:22
Aeroporto Internacional de Wattay (Vientiane),Aeroporto Internacional Ngurah Rai (Bali),3264,03:37 ~ 03:50,03:50 ~ 04:04
Aeroporto Internacional de Wattay (Vientiane),Aeroporto Internacional de Narita (Tóquio),4208,04:40 ~ 04:57,04:57 ~ 05:15
Aeroporto Internacional de Wattay (Vientiane),Aeroporto Internacional de Haneda (Tóquio),4149,04:36 ~ 04:52,04:52 ~ 05:11
Aeroporto Internacional de Wattay (Vientiane),Aeroporto Internacional de Kansai (Osaka),3716,04:07 ~ 04:22,04:22 ~ 04:38
Aeroporto Internacional de Wattay (Vientiane),Aeroporto Internacional de Kuala Lumpur (Sepang),1687,01:52 ~ 01:59,01:59 ~ 02:06
Aeroporto Internacional de Wattay (Vientiane),Aeroporto Internacional de Penang (Penang),1424,01:34 ~ 01:40,01:40 ~ 01:46
Aeroporto Internacional de Wattay (Vientiane),Aeroporto Internacional de Malé,3510,03:53 ~ 04:07,04:07 ~ 04:23
Aeroporto Internacional de Wattay (Vientiane),Aeroporto Internacional de Changi,1844,02:02 ~ 02:10,02:10 ~ 02:18
Aeroporto Internacional de Wattay (Vientiane),Aeroporto Internacional de Suvarnabhumi,512,00:34 ~ 00:36,00:36 ~ 00:38
Aeroporto Internacional de Wattay (Vientiane),Aeroporto Internacional Don Mueang,495,00:33 ~ 00:34,00:34 ~ 00:37
Aeroporto Internacional de Wattay (Vientiane),Aeroporto Internacional de Taiwan Taoyuan,2085,02:19 ~ 02:27,02:27 ~ 02:36
Aeroporto Internacional de Wattay (Vientiane),Aeroporto Internacional de Tan Son Nhat,906,01:00 ~ 01:03,01:03 ~ 01:07
Aeroporto Internacional de Wattay (Vientiane),Aeroporto Internacional de Noi Bai,496,00:33 ~ 00:35,00:35 ~ 00:37
Aeroporto Internacional de Wattay (Vientiane),Aeroporto de Frankfurt,8776,09:45 ~ 10:19,10:19 ~ 10:58
Aeroporto Internacional de Wattay (Vientiane),Aeroporto de Dublin,9606,10:40 ~ 11:18,11:18 ~ 12:00
Aeroporto Internacional de Wattay (Vientiane),Aeroporto de Varsóvia Chopin,7881,08:45 ~ 09:16,09:16 ~ 09:51
Aeroporto Internacional de Wattay (Vientiane),Aeroporto de Oslo-Gardermoen,8369,09:17 ~ 09:50,09:50 ~ 10:27
Aeroporto Internacional de Wattay (Vientiane),Aeroporto de Roma-Fiumicino,8726,09:41 ~ 10:15,10:15 ~ 10:54
Aeroporto Internacional de Wattay (Vientiane),Aeroporto de Milão-Malpensa,8893,09:52 ~ 10:27,10:27 ~ 11:06
Aeroporto Internacional de Wattay (Vientiane),Aeroporto de Praga,8377,09:18 ~ 09:51,09:51 ~ 10:28
Aeroporto Internacional de Wattay (Vientiane),Aeroporto de Heathrow (Londres),9332,10:22 ~ 10:58,10:58 ~ 11:39
Aeroporto Internacional de Wattay (Vientiane),Aeroporto de Gatwick (Londres),9327,10:21 ~ 10:58,10:58 ~ 11:39
Aeroporto Internacional de Wattay (Vientiane),Aeroporto Internacional de Budapeste Ferenc Liszt,8062,08:57 ~ 09:29,09:29 ~ 10:04
Aeroporto Internacional de Wattay (Vientiane),Aeroporto de Schiphol (Amsterdã),8962,09:57 ~ 10:32,10:32 ~ 11:12
Aeroporto Internacional de Wattay (Vientiane),Aeroporto Internacional de Boryspil (Kiev),7193,07:59 ~ 08:27,08:27 ~ 08:59
Aeroporto Internacional de Wattay (Vientiane),Aeroporto de Istambul,7372,08:11 ~ 08:40,08:40 ~ 09:12
Aeroporto Internacional de Wattay (Vientiane),Aeroporto de Zurique,8851,09:50 ~ 10:24,10:24 ~ 11:03
Aeroporto Internacional de Wattay (Vientiane),Aeroporto de Estocolmo-Arlanda,8000,08:53 ~ 09:24,09:24 ~ 10:00
Aeroporto Internacional de Wattay (Vientiane),Aeroporto Nikola Tesla (Belgrado),8022,08:54 ~ 09:26,09:26 ~ 10:01
Aeroporto Internacional de Wattay (Vientiane),Aeroporto Internacional Sheremetyevo (Moscou),6826,07:35 ~ 08:01,08:01 ~ 08:31
Aeroporto Internacional de Wattay (Vientiane),Aeroporto de Pulkovo (São Petersburgo),7306,08:07 ~ 08:35,08:35 ~ 09:07
Aeroporto Internacional de Wattay (Vientiane),Aeroporto Internacional Henri Coand? (Bucareste),7566,08:24 ~ 08:54,08:54 ~ 09:27
Aeroporto Internacional de Wattay (Vientiane),Aeroporto Humberto Delgado (Lisboa),10540,11:42 ~ 12:24,12:24 ~ 13:10
Aeroporto Internacional de Wattay (Vientiane),Aeroporto Francisco Sá Carneiro (Porto),10378,11:31 ~ 12:12,12:12 ~ 12:58
Aeroporto Internacional de Wattay (Vientiane),Aeroporto Internacional de Malta,8695,09:39 ~ 10:13,10:13 ~ 10:52
Aeroporto Internacional de Wattay (Vientiane),Aeroporto de Luxemburgo,8952,09:56 ~ 10:31,10:31 ~ 11:11
Aeroporto Internacional de Wattay (Vientiane),Aeroporto Internacional de Vilnius,7580,08:25 ~ 08:55,08:55 ~ 09:28
Aeroporto Internacional de Wattay (Vientiane),Aeroporto Internacional de Riga,7660,08:30 ~ 09:00,09:00 ~ 09:34
Aeroporto Internacional de Wattay (Vientiane),Aeroporto Internacional Madre Teresa (Tirana),8123,09:01 ~ 09:33,09:33 ~ 10:09
Aeroporto Internacional de Wattay (Vientiane),Aeroporto de Barcelona-El Prat (Espanha),9553,10:36 ~ 11:14,11:14 ~ 11:56
Aeroporto Internacional de Wattay (Vientiane),Aeroporto de Toulouse-Blagnac (França),9515,10:34 ~ 11:11,11:11 ~ 11:53
Aeroporto Internacional de Wattay (Vientiane),Aeroporto Internacional de Viena,8249,09:09 ~ 09:42,09:42 ~ 10:18
Aeroporto Internacional de Wattay (Vientiane),Aeroporto de Bruxelas,9027,10:01 ~ 10:37,10:37 ~ 11:17
Aeroporto Internacional de Wattay (Vientiane),Aeroporto de Sófia,7802,08:40 ~ 09:10,09:10 ~ 09:45
Aeroporto Internacional de Wattay (Vientiane),Aeroporto de Bratislava,8201,09:06 ~ 09:38,09:38 ~ 10:15
Aeroporto Internacional de Wattay (Vientiane),Aeroporto de Ljubljana Joe Pu?nik,8445,09:22 ~ 09:56,09:56 ~ 10:33
Aeroporto Internacional de Wattay (Vientiane),Aeroporto Adolfo Suárez Madrid-Barajas,10026,11:08 ~ 11:47,11:47 ~ 12:31
Aeroporto Internacional de Wattay (Vientiane),Aeroporto de Barcelona-El Prat,9552,10:36 ~ 11:14,11:14 ~ 11:56
Aeroporto Internacional de Wattay (Vientiane),Aeroporto de Tallinn,7611,08:27 ~ 08:57,08:57 ~ 09:30
Aeroporto Internacional de Wattay (Vientiane),Aeroporto de Vágar,9244,10:16 ~ 10:52,10:52 ~ 11:33
Aeroporto Internacional de Wattay (Vientiane),Aeroporto de Helsinque,7605,08:26 ~ 08:56,08:56 ~ 09:30
Aeroporto Internacional de Wattay (Vientiane),Aeroporto Internacional de Brasília,16885,18:45 ~ 19:51,19:51 ~ 21:06
Aeroporto Internacional de Wattay (Vientiane),Aeroporto Internacional de Várzea Grande,17781,19:45 ~ 20:55,20:55 ~ 22:13
Aeroporto Internacional de Wattay (Vientiane),Aeroporto Internacional de Belém,16369,18:11 ~ 19:15,19:15 ~ 20:27
Aeroporto Internacional de Wattay (Vientiane),Aeroporto Internacional de Tabatinga,17989,19:59 ~ 21:09,21:09 ~ 22:29
Aeroporto Internacional de Wattay (Vientiane),Aeroporto Internacional de Manaus,17506,19:27 ~ 20:35,20:35 ~ 21:52
Aeroporto Internacional de Wattay (Vientiane),Aeroporto Internacional de Macapá,16518,18:21 ~ 19:25,19:25 ~ 20:38
Aeroporto Internacional de Wattay (Vientiane),Aeroporto Internacional de Fortaleza,15512,17:14 ~ 18:14,18:14 ~ 19:23
Aeroporto Internacional de Wattay (Vientiane),Aeroporto Internacional de Maceió,15423,17:08 ~ 18:08,18:08 ~ 19:16
Aeroporto Internacional de Wattay (Vientiane),Aeroporto Internacional de Aracaju,15621,17:21 ~ 18:22,18:22 ~ 19:31
Aeroporto Internacional de Wattay (Vientiane),Aeroporto Internacional de Belo Horizonte,16430,18:15 ~ 19:19,19:19 ~ 20:32
Aeroporto Internacional de Wattay (Vientiane),Aeroporto Santos Dumont,16422,18:14 ~ 19:19,19:19 ~ 20:31
Aeroporto Internacional de Wattay (Vientiane),Aeroporto Internacional do Rio de Janeiro,16431,18:15 ~ 19:19,19:19 ~ 20:32
Aeroporto Internacional de Wattay (Vientiane),Aeroporto Internacional de Vitória,16124,17:54 ~ 18:58,18:58 ~ 20:09
Aeroporto Internacional de Wattay (Vientiane),Aeroporto Internacional de São José dos Campos,16700,18:33 ~ 19:38,19:38 ~ 20:52
Aeroporto Internacional de Wattay (Vientiane),Aeroporto Internacional de Viracopos,16903,18:46 ~ 19:53,19:53 ~ 21:07
Aeroporto Internacional de Wattay (Vientiane),Aeroporto Internacional de Curitiba,17001,18:53 ~ 20:00,20:00 ~ 21:15
Aeroporto Internacional de Wattay (Vientiane),Aeroporto Internacional de Florianópolis,16884,18:45 ~ 19:51,19:51 ~ 21:06
Aeroporto Internacional de Wattay (Vientiane),Aeroporto Internacional de Navegantes,16914,18:47 ~ 19:53,19:53 ~ 21:08
Aeroporto Internacional de Wattay (Vientiane),Aeroporto Internacional de Porto Alegre,17050,18:56 ~ 20:03,20:03 ~ 21:18
Aeroporto Internacional de Wattay (Vientiane),Aeroporto de Copenhague,9857,10:57 ~ 11:35,11:35 ~ 12:19
Aeroporto Internacional de Wattay (Vientiane),Aeroporto Internacional Hartsfield-Jackson Atlanta,14245,15:49 ~ 16:45,16:45 ~ 17:48
Aeroporto Internacional de Wattay (Vientiane),Aeroporto de Teresina,16005,17:47 ~ 18:49,18:49 ~ 20:00
Aeroporto Internacional de Wattay (Vientiane),Aeroporto Internacional de João Pessoa,15276,16:58 ~ 17:58,17:58 ~ 19:05
Aeroporto Internacional de Kuala Lumpur (Sepang),Aeroporto Internacional de Guarulhos,15905,17:40 ~ 18:42,18:42 ~ 19:52
Aeroporto Internacional de Kuala Lumpur (Sepang),Aeroporto Internacional do Recife,15196,16:53 ~ 17:52,17:52 ~ 18:59
Aeroporto Internacional de Kuala Lumpur (Sepang),Aeroporto Internacional de Salvador,15493,17:12 ~ 18:13,18:13 ~ 19:21
Aeroporto Internacional de Kuala Lumpur (Sepang),Aeroporto Internacional de Natal,15248,16:56 ~ 17:56,17:56 ~ 19:03
Aeroporto Internacional de Kuala Lumpur (Sepang),Aeroporto Internacional de São Luís,16249,18:03 ~ 19:06,19:06 ~ 20:18
Aeroporto Internacional de Kuala Lumpur (Sepang),Aeroporto Internacional Pinto Martins,15616,17:21 ~ 18:22,18:22 ~ 19:31
Aeroporto Internacional de Kuala Lumpur (Sepang),Aeroporto Internacional de Nursultan Nazarbayev,6053,06:43 ~ 07:07,07:07 ~ 07:33
Aeroporto Internacional de Kuala Lumpur (Sepang),Aeroporto Internacional de Xangai Pudong,3787,04:12 ~ 04:27,04:27 ~ 04:44
Aeroporto Internacional de Kuala Lumpur (Sepang),Aeroporto Internacional de Pequim Capital,4399,04:53 ~ 05:10,05:10 ~ 05:29
Aeroporto Internacional de Kuala Lumpur (Sepang),Aeroporto Internacional de Pyongyang Sunan,4714,05:14 ~ 05:32,05:32 ~ 05:53
Aeroporto Internacional de Kuala Lumpur (Sepang),Aeroporto Internacional de Incheon,4602,05:06 ~ 05:24,05:24 ~ 05:45
Aeroporto Internacional de Kuala Lumpur (Sepang),Aeroporto Internacional Ninoy Aquino,2489,02:45 ~ 02:55,02:55 ~ 03:06
Aeroporto Internacional de Kuala Lumpur (Sepang),Aeroporto Internacional de Hong Kong,2535,02:49 ~ 02:58,02:58 ~ 03:10
Aeroporto Internacional de Kuala Lumpur (Sepang),Aeroporto Internacional Indira Gandhi,3868,04:17 ~ 04:33,04:33 ~ 04:50
Aeroporto Internacional de Kuala Lumpur (Sepang),Aeroporto Internacional Soekarno-Hatta (Jacarta),1124,01:14 ~ 01:19,01:19 ~ 01:24
Aeroporto Internacional de Kuala Lumpur (Sepang),Aeroporto Internacional Ngurah Rai (Bali),1961,02:10 ~ 02:18,02:18 ~ 02:27
Aeroporto Internacional de Kuala Lumpur (Sepang),Aeroporto Internacional de Narita (Tóquio),5404,06:00 ~ 06:21,06:21 ~ 06:45
Aeroporto Internacional de Kuala Lumpur (Sepang),Aeroporto Internacional de Haneda (Tóquio),5345,05:56 ~ 06:17,06:17 ~ 06:40
Aeroporto Internacional de Kuala Lumpur (Sepang),Aeroporto Internacional de Kansai (Osaka),4936,05:29 ~ 05:48,05:48 ~ 06:10
Aeroporto Internacional de Kuala Lumpur (Sepang),Aeroporto Internacional de Wattay (Vientiane),1687,01:52 ~ 01:59,01:59 ~ 02:06
Aeroporto Internacional de Kuala Lumpur (Sepang),Aeroporto Internacional de Penang (Penang),324,00:21 ~ 00:22,00:22 ~ 00:24
Aeroporto Internacional de Kuala Lumpur (Sepang),Aeroporto Internacional de Malé,3135,03:29 ~ 03:41,03:41 ~ 03:55
Aeroporto Internacional de Kuala Lumpur (Sepang),Aeroporto Internacional de Changi,296,00:19 ~ 00:20,00:20 ~ 00:22
Aeroporto Internacional de Kuala Lumpur (Sepang),Aeroporto Internacional de Suvarnabhumi,1215,01:21 ~ 01:25,01:25 ~ 01:31
Aeroporto Internacional de Kuala Lumpur (Sepang),Aeroporto Internacional Don Mueang,1242,01:22 ~ 01:27,01:27 ~ 01:33
Aeroporto Internacional de Kuala Lumpur (Sepang),Aeroporto Internacional de Taiwan Taoyuan,3239,03:35 ~ 03:48,03:48 ~ 04:02
Aeroporto Internacional de Kuala Lumpur (Sepang),Aeroporto Internacional de Tan Son Nhat,1047,01:09 ~ 01:13,01:13 ~ 01:18
Aeroporto Internacional de Kuala Lumpur (Sepang),Aeroporto Internacional de Noi Bai,2092,02:19 ~ 02:27,02:27 ~ 02:36
Aeroporto Internacional de Kuala Lumpur (Sepang),Aeroporto de Frankfurt,10001,11:06 ~ 11:45,11:45 ~ 12:30
Aeroporto Internacional de Kuala Lumpur (Sepang),Aeroporto de Dublin,10940,12:09 ~ 12:52,12:52 ~ 13:40
Aeroporto Internacional de Kuala Lumpur (Sepang),Aeroporto de Varsóvia Chopin,9136,10:09 ~ 10:44,10:44 ~ 11:25
Aeroporto Internacional de Kuala Lumpur (Sepang),Aeroporto de Oslo-Gardermoen,9777,10:51 ~ 11:30,11:30 ~ 12:13
Aeroporto Internacional de Kuala Lumpur (Sepang),Aeroporto de Roma-Fiumicino,9765,10:50 ~ 11:29,11:29 ~ 12:12
Aeroporto Internacional de Kuala Lumpur (Sepang),Aeroporto de Milão-Malpensa,10026,11:08 ~ 11:47,11:47 ~ 12:31
Aeroporto Internacional de Kuala Lumpur (Sepang),Aeroporto de Praga,9594,10:39 ~ 11:17,11:17 ~ 11:59
Aeroporto Internacional de Kuala Lumpur (Sepang),Aeroporto de Heathrow (Londres),10610,11:47 ~ 12:28,12:28 ~ 13:15
Aeroporto Internacional de Kuala Lumpur (Sepang),Aeroporto de Gatwick (Londres),10599,11:46 ~ 12:28,12:28 ~ 13:14
Aeroporto Internacional de Kuala Lumpur (Sepang),Aeroporto Internacional de Budapeste Ferenc Liszt,9218,10:14 ~ 10:50,10:50 ~ 11:31
Aeroporto Internacional de Kuala Lumpur (Sepang),Aeroporto de Schiphol (Amsterdã),10240,11:22 ~ 12:02,12:02 ~ 12:48
Aeroporto Internacional de Kuala Lumpur (Sepang),Aeroporto Internacional de Boryspil (Kiev),8420,09:21 ~ 09:54,09:54 ~ 10:31
Aeroporto Internacional de Kuala Lumpur (Sepang),Aeroporto de Istambul,8378,09:18 ~ 09:51,09:51 ~ 10:28
Aeroporto Internacional de Kuala Lumpur (Sepang),Aeroporto de Zurique,10024,11:08 ~ 11:47,11:47 ~ 12:31
Aeroporto Internacional de Kuala Lumpur (Sepang),Aeroporto de Estocolmo-Arlanda,9395,10:26 ~ 11:03,11:03 ~ 11:44
Aeroporto Internacional de Kuala Lumpur (Sepang),Aeroporto Nikola Tesla (Belgrado),9119,10:07 ~ 10:43,10:43 ~ 11:23
Aeroporto Internacional de Kuala Lumpur (Sepang),Aeroporto Internacional Sheremetyevo (Moscou),8181,09:05 ~ 09:37,09:37 ~ 10:13
Aeroporto Internacional de Kuala Lumpur (Sepang),Aeroporto de Pulkovo (São Petersburgo),8713,09:40 ~ 10:15,10:15 ~ 10:53
Aeroporto Internacional de Kuala Lumpur (Sepang),Aeroporto Internacional Henri Coand? (Bucareste),8657,09:37 ~ 10:11,10:11 ~ 10:49
Aeroporto Internacional de Kuala Lumpur (Sepang),Aeroporto Humberto Delgado (Lisboa),11609,12:53 ~ 13:39,13:39 ~ 14:30
Aeroporto Internacional de Kuala Lumpur (Sepang),Aeroporto Francisco Sá Carneiro (Porto),11495,12:46 ~ 13:31,13:31 ~ 14:22
Aeroporto Internacional de Kuala Lumpur (Sepang),Aeroporto Internacional de Malta,9586,10:39 ~ 11:16,11:16 ~ 11:58
Aeroporto Internacional de Kuala Lumpur (Sepang),Aeroporto de Luxemburgo,10175,11:18 ~ 11:58,11:58 ~ 12:43
Aeroporto Internacional de Kuala Lumpur (Sepang),Aeroporto Internacional de Vilnius,8887,09:52 ~ 10:27,10:27 ~ 11:06
Aeroporto Internacional de Kuala Lumpur (Sepang),Aeroporto Internacional de Riga,9009,10:00 ~ 10:35,10:35 ~ 11:15
Aeroporto Internacional de Kuala Lumpur (Sepang),Aeroporto Internacional Madre Teresa (Tirana),9141,10:09 ~ 10:45,10:45 ~ 11:25
Aeroporto Internacional de Kuala Lumpur (Sepang),Aeroporto de Barcelona-El Prat (Espanha),10614,11:47 ~ 12:29,12:29 ~ 13:16
Aeroporto Internacional de Kuala Lumpur (Sepang),Aeroporto de Toulouse-Blagnac (França),10631,11:48 ~ 12:30,12:30 ~ 13:17
Aeroporto Internacional de Kuala Lumpur (Sepang),Aeroporto Internacional de Viena,9422,10:28 ~ 11:05,11:05 ~ 11:46
Aeroporto Internacional de Kuala Lumpur (Sepang),Aeroporto de Bruxelas,10280,11:25 ~ 12:05,12:05 ~ 12:50
Aeroporto Internacional de Kuala Lumpur (Sepang),Aeroporto de Sófia,8849,09:49 ~ 10:24,10:24 ~ 11:03
Aeroporto Internacional de Kuala Lumpur (Sepang),Aeroporto de Bratislava,9375,10:24 ~ 11:01,11:01 ~ 11:43
Aeroporto Internacional de Kuala Lumpur (Sepang),Aeroporto de Ljubljana Joe Pu?nik,9579,10:38 ~ 11:16,11:16 ~ 11:58
Aeroporto Internacional de Kuala Lumpur (Sepang),Aeroporto Adolfo Suárez Madrid-Barajas,11097,12:19 ~ 13:03,13:03 ~ 13:52
Aeroporto Internacional de Kuala Lumpur (Sepang),Aeroporto de Barcelona-El Prat,10614,11:47 ~ 12:29,12:29 ~ 13:16
Aeroporto Internacional de Kuala Lumpur (Sepang),Aeroporto de Tallinn,9005,10:00 ~ 10:35,10:35 ~ 11:15
Aeroporto Internacional de Kuala Lumpur (Sepang),Aeroporto de Vágar,10713,11:54 ~ 12:36,12:36 ~ 13:23
Aeroporto Internacional de Kuala Lumpur (Sepang),Aeroporto de Helsinque,9014,10:00 ~ 10:36,10:36 ~ 11:16
Aeroporto Internacional de Kuala Lumpur (Sepang),Aeroporto Internacional de Brasília,16401,18:13 ~ 19:17,19:17 ~ 20:30
Aeroporto Internacional de Kuala Lumpur (Sepang),Aeroporto Internacional de Várzea Grande,17238,19:09 ~ 20:16,20:16 ~ 21:32
Aeroporto Internacional de Kuala Lumpur (Sepang),Aeroporto Internacional de Belém,16717,18:34 ~ 19:40,19:40 ~ 20:53
Aeroporto Internacional de Kuala Lumpur (Sepang),Aeroporto Internacional de Tabatinga,18698,20:46 ~ 21:59,21:59 ~ 23:22
Aeroporto Internacional de Kuala Lumpur (Sepang),Aeroporto Internacional de Manaus,18008,20:00 ~ 21:11,21:11 ~ 22:30
Aeroporto Internacional de Kuala Lumpur (Sepang),Aeroporto Internacional de Macapá,16992,18:52 ~ 19:59,19:59 ~ 21:14
Aeroporto Internacional de Kuala Lumpur (Sepang),Aeroporto Internacional de Fortaleza,15617,17:21 ~ 18:22,18:22 ~ 19:31
Aeroporto Internacional de Kuala Lumpur (Sepang),Aeroporto Internacional de Maceió,15276,16:58 ~ 17:58,17:58 ~ 19:05
Aeroporto Internacional de Kuala Lumpur (Sepang),Aeroporto Internacional de Aracaju,15395,17:06 ~ 18:06,18:06 ~ 19:14
Aeroporto Internacional de Kuala Lumpur (Sepang),Aeroporto Internacional de Belo Horizonte,15786,17:32 ~ 18:34,18:34 ~ 19:43
Aeroporto Internacional de Kuala Lumpur (Sepang),Aeroporto Santos Dumont,15631,17:22 ~ 18:23,18:23 ~ 19:32
Aeroporto Internacional de Kuala Lumpur (Sepang),Aeroporto Internacional do Rio de Janeiro,15643,17:22 ~ 18:24,18:24 ~ 19:33
Aeroporto Internacional de Kuala Lumpur (Sepang),Aeroporto Internacional de Vitória,15473,17:11 ~ 18:12,18:12 ~ 19:20
Aeroporto Internacional de Kuala Lumpur (Sepang),Aeroporto Internacional de São José dos Campos,15866,17:37 ~ 18:39,18:39 ~ 19:49
Aeroporto Internacional de Kuala Lumpur (Sepang),Aeroporto Internacional de Viracopos,16043,17:49 ~ 18:52,18:52 ~ 20:03
Aeroporto Internacional de Kuala Lumpur (Sepang),Aeroporto Internacional de Curitiba,16031,17:48 ~ 18:51,18:51 ~ 20:02
Aeroporto Internacional de Kuala Lumpur (Sepang),Aeroporto Internacional de Florianópolis,15825,17:34 ~ 18:37,18:37 ~ 19:46
Aeroporto Internacional de Kuala Lumpur (Sepang),Aeroporto Internacional de Navegantes,15883,17:38 ~ 18:41,18:41 ~ 19:51
Aeroporto Internacional de Kuala Lumpur (Sepang),Aeroporto Internacional de Porto Alegre,15861,17:37 ~ 18:39,18:39 ~ 19:49
Aeroporto Internacional de Kuala Lumpur (Sepang),Aeroporto de Copenhague,11252,12:30 ~ 13:14,13:14 ~ 14:03
Aeroporto Internacional de Kuala Lumpur (Sepang),Aeroporto Internacional Hartsfield-Jackson Atlanta,15927,17:41 ~ 18:44,18:44 ~ 19:54
Aeroporto Internacional de Kuala Lumpur (Sepang),Aeroporto de Teresina,16090,17:52 ~ 18:55,18:55 ~ 20:06
Aeroporto Internacional de Kuala Lumpur (Sepang),Aeroporto Internacional de João Pessoa,15207,16:53 ~ 17:53,17:53 ~ 19:00
Aeroporto Internacional de Penang (Penang),Aeroporto Internacional de Guarulhos,15937,17:42 ~ 18:44,18:44 ~ 19:55
Aeroporto Internacional de Penang (Penang),Aeroporto Internacional do Recife,15076,16:45 ~ 17:44,17:44 ~ 18:50
Aeroporto Internacional de Penang (Penang),Aeroporto Internacional de Salvador,15414,17:07 ~ 18:08,18:08 ~ 19:16
Aeroporto Internacional de Penang (Penang),Aeroporto Internacional de Natal,15111,16:47 ~ 17:46,17:46 ~ 18:53
Aeroporto Internacional de Penang (Penang),Aeroporto Internacional de São Luís,16085,17:52 ~ 18:55,18:55 ~ 20:06
Aeroporto Internacional de Penang (Penang),Aeroporto Internacional Pinto Martins,15464,17:10 ~ 18:11,18:11 ~ 19:19
Aeroporto Internacional de Penang (Penang),Aeroporto Internacional de Nursultan Nazarbayev,5731,06:22 ~ 06:44,06:44 ~ 07:09
Aeroporto Internacional de Penang (Penang),Aeroporto Internacional de Xangai Pudong,3640,04:02 ~ 04:16,04:16 ~ 04:32
Aeroporto Internacional de Penang (Penang),Aeroporto Internacional de Pequim Capital,4184,04:38 ~ 04:55,04:55 ~ 05:13
Aeroporto Internacional de Penang (Penang),Aeroporto Internacional de Pyongyang Sunan,4544,05:02 ~ 05:20,05:20 ~ 05:40
Aeroporto Internacional de Penang (Penang),Aeroporto Internacional de Incheon,4444,04:56 ~ 05:13,05:13 ~ 05:33
Aeroporto Internacional de Penang (Penang),Aeroporto Internacional Ninoy Aquino,2489,02:45 ~ 02:55,02:55 ~ 03:06
Aeroporto Internacional de Penang (Penang),Aeroporto Internacional de Hong Kong,2387,02:39 ~ 02:48,02:48 ~ 02:59
Aeroporto Internacional de Penang (Penang),Aeroporto Internacional Indira Gandhi,3550,03:56 ~ 04:10,04:10 ~ 04:26
Aeroporto Internacional de Penang (Penang),Aeroporto Internacional Soekarno-Hatta (Jacarta),1448,01:36 ~ 01:42,01:42 ~ 01:48
Aeroporto Internacional de Penang (Penang),Aeroporto Internacional Ngurah Rai (Bali),2267,02:31 ~ 02:40,02:40 ~ 02:50
Aeroporto Internacional de Penang (Penang),Aeroporto Internacional de Narita (Tóquio),5309,05:53 ~ 06:14,06:14 ~ 06:38
Aeroporto Internacional de Penang (Penang),Aeroporto Internacional de Haneda (Tóquio),5250,05:49 ~ 06:10,06:10 ~ 06:33
Aeroporto Internacional de Penang (Penang),Aeroporto Internacional de Kansai (Osaka),4833,05:22 ~ 05:41,05:41 ~ 06:02
Aeroporto Internacional de Penang (Penang),Aeroporto Internacional de Wattay (Vientiane),1424,01:34 ~ 01:40,01:40 ~ 01:46
Aeroporto Internacional de Penang (Penang),Aeroporto Internacional de Kuala Lumpur (Sepang),324,00:21 ~ 00:22,00:22 ~ 00:24
Aeroporto Internacional de Penang (Penang),Aeroporto Internacional de Malé,2970,03:17 ~ 03:29,03:29 ~ 03:42
Aeroporto Internacional de Penang (Penang),Aeroporto Internacional de Changi,599,00:39 ~ 00:42,00:42 ~ 00:44
Aeroporto Internacional de Penang (Penang),Aeroporto Internacional de Suvarnabhumi,930,01:02 ~ 01:05,01:05 ~ 01:09
Aeroporto Internacional de Penang (Penang),Aeroporto Internacional Don Mueang,954,01:03 ~ 01:07,01:07 ~ 01:11
Aeroporto Internacional de Penang (Penang),Aeroporto Internacional de Taiwan Taoyuan,3129,03:28 ~ 03:40,03:40 ~ 03:54
Aeroporto Internacional de Penang (Penang),Aeroporto Internacional de Tan Son Nhat,930,01:02 ~ 01:05,01:05 ~ 01:09
Aeroporto Internacional de Penang (Penang),Aeroporto Internacional de Noi Bai,1860,02:04 ~ 02:11,02:11 ~ 02:19
Aeroporto Internacional de Penang (Penang),Aeroporto de Frankfurt,9683,10:45 ~ 11:23,11:23 ~ 12:06
Aeroporto Internacional de Penang (Penang),Aeroporto de Dublin,10618,11:47 ~ 12:29,12:29 ~ 13:16
Aeroporto Internacional de Penang (Penang),Aeroporto de Varsóvia Chopin,8816,09:47 ~ 10:22,10:22 ~ 11:01
Aeroporto Internacional de Penang (Penang),Aeroporto de Oslo-Gardermoen,9454,10:30 ~ 11:07,11:07 ~ 11:49
Aeroporto Internacional de Penang (Penang),Aeroporto de Roma-Fiumicino,9460,10:30 ~ 11:07,11:07 ~ 11:49
Aeroporto Internacional de Penang (Penang),Aeroporto de Milão-Malpensa,9714,10:47 ~ 11:25,11:25 ~ 12:08
Aeroporto Internacional de Penang (Penang),Aeroporto de Praga,9276,10:18 ~ 10:54,10:54 ~ 11:35
Aeroporto Internacional de Penang (Penang),Aeroporto de Heathrow (Londres),10290,11:26 ~ 12:06,12:06 ~ 12:51
Aeroporto Internacional de Penang (Penang),Aeroporto de Gatwick (Londres),10279,11:25 ~ 12:05,12:05 ~ 12:50
Aeroporto Internacional de Penang (Penang),Aeroporto Internacional de Budapeste Ferenc Liszt,8903,09:53 ~ 10:28,10:28 ~ 11:07
Aeroporto Internacional de Penang (Penang),Aeroporto de Schiphol (Amsterdã),9920,11:01 ~ 11:40,11:40 ~ 12:24
Aeroporto Internacional de Penang (Penang),Aeroporto Internacional de Boryspil (Kiev),8101,09:00 ~ 09:31,09:31 ~ 10:07
Aeroporto Internacional de Penang (Penang),Aeroporto de Istambul,8073,08:58 ~ 09:29,09:29 ~ 10:05
Aeroporto Internacional de Penang (Penang),Aeroporto de Zurique,9709,10:47 ~ 11:25,11:25 ~ 12:08
Aeroporto Internacional de Penang (Penang),Aeroporto de Estocolmo-Arlanda,9071,10:04 ~ 10:40,10:40 ~ 11:20
Aeroporto Internacional de Penang (Penang),Aeroporto Nikola Tesla (Belgrado),8808,09:47 ~ 10:21,10:21 ~ 11:00
Aeroporto Internacional de Penang (Penang),Aeroporto Internacional Sheremetyevo (Moscou),7858,08:43 ~ 09:14,09:14 ~ 09:49
Aeroporto Internacional de Penang (Penang),Aeroporto de Pulkovo (São Petersburgo),8389,09:19 ~ 09:52,09:52 ~ 10:29
Aeroporto Internacional de Penang (Penang),Aeroporto Internacional Henri Coand? (Bucareste),8346,09:16 ~ 09:49,09:49 ~ 10:25
Aeroporto Internacional de Penang (Penang),Aeroporto Humberto Delgado (Lisboa),11304,12:33 ~ 13:17,13:17 ~ 14:07
Aeroporto Internacional de Penang (Penang),Aeroporto Francisco Sá Carneiro (Porto),11186,12:25 ~ 13:09,13:09 ~ 13:58
Aeroporto Internacional de Penang (Penang),Aeroporto Internacional de Malta,9293,10:19 ~ 10:55,10:55 ~ 11:36
Aeroporto Internacional de Penang (Penang),Aeroporto de Luxemburgo,9857,10:57 ~ 11:35,11:35 ~ 12:19
Aeroporto Internacional de Penang (Penang),Aeroporto Internacional de Vilnius,8565,09:31 ~ 10:04,10:04 ~ 10:42
Aeroporto Internacional de Penang (Penang),Aeroporto Internacional de Riga,8686,09:39 ~ 10:13,10:13 ~ 10:51
Aeroporto Internacional de Penang (Penang),Aeroporto Internacional Madre Teresa (Tirana),8836,09:49 ~ 10:23,10:23 ~ 11:02
Aeroporto Internacional de Penang (Penang),Aeroporto de Barcelona-El Prat (Espanha),10308,11:27 ~ 12:07,12:07 ~ 12:53
Aeroporto Internacional de Penang (Penang),Aeroporto de Toulouse-Blagnac (França),10321,11:28 ~ 12:08,12:08 ~ 12:54
Aeroporto Internacional de Penang (Penang),Aeroporto Internacional de Viena,9106,10:07 ~ 10:42,10:42 ~ 11:22
Aeroporto Internacional de Penang (Penang),Aeroporto de Bruxelas,9961,11:04 ~ 11:43,11:43 ~ 12:27
Aeroporto Internacional de Penang (Penang),Aeroporto de Sófia,8541,09:29 ~ 10:02,10:02 ~ 10:40
Aeroporto Internacional de Penang (Penang),Aeroporto de Bratislava,9059,10:03 ~ 10:39,10:39 ~ 11:19
Aeroporto Internacional de Penang (Penang),Aeroporto de Ljubljana Joe Pu?nik,9266,10:17 ~ 10:54,10:54 ~ 11:34
Aeroporto Internacional de Penang (Penang),Aeroporto Adolfo Suárez Madrid-Barajas,10791,11:59 ~ 12:41,12:41 ~ 13:29
Aeroporto Internacional de Penang (Penang),Aeroporto de Barcelona-El Prat,10308,11:27 ~ 12:07,12:07 ~ 12:53
Aeroporto Internacional de Penang (Penang),Aeroporto de Tallinn,8681,09:38 ~ 10:12,10:12 ~ 10:51
Aeroporto Internacional de Penang (Penang),Aeroporto de Vágar,10389,11:32 ~ 12:13,12:13 ~ 12:59
Aeroporto Internacional de Penang (Penang),Aeroporto de Helsinque,8690,09:39 ~ 10:13,10:13 ~ 10:51
Aeroporto Internacional de Penang (Penang),Aeroporto Internacional de Brasília,16369,18:11 ~ 19:15,19:15 ~ 20:27
Aeroporto Internacional de Penang (Penang),Aeroporto Internacional de Várzea Grande,17240,19:09 ~ 20:16,20:16 ~ 21:33
Aeroporto Internacional de Penang (Penang),Aeroporto Internacional de Belém,16539,18:22 ~ 19:27,19:27 ~ 20:40
Aeroporto Internacional de Penang (Penang),Aeroporto Internacional de Tabatinga,18527,20:35 ~ 21:47,21:47 ~ 23:09
Aeroporto Internacional de Penang (Penang),Aeroporto Internacional de Manaus,17839,19:49 ~ 20:59,20:59 ~ 22:17
Aeroporto Internacional de Penang (Penang),Aeroporto Internacional de Macapá,16797,18:39 ~ 19:45,19:45 ~ 20:59
Aeroporto Internacional de Penang (Penang),Aeroporto Internacional de Fortaleza,15464,17:10 ~ 18:11,18:11 ~ 19:19
Aeroporto Internacional de Penang (Penang),Aeroporto Internacional de Maceió,15164,16:50 ~ 17:50,17:50 ~ 18:57
Aeroporto Internacional de Penang (Penang),Aeroporto Internacional de Aracaju,15299,16:59 ~ 17:59,17:59 ~ 19:07
Aeroporto Internacional de Penang (Penang),Aeroporto Internacional de Belo Horizonte,15775,17:31 ~ 18:33,18:33 ~ 19:43
Aeroporto Internacional de Penang (Penang),Aeroporto Santos Dumont,15647,17:23 ~ 18:24,18:24 ~ 19:33
Aeroporto Internacional de Penang (Penang),Aeroporto Internacional do Rio de Janeiro,15659,17:23 ~ 18:25,18:25 ~ 19:34
Aeroporto Internacional de Penang (Penang),Aeroporto Internacional de Vitória,15458,17:10 ~ 18:11,18:11 ~ 19:19
Aeroporto Internacional de Penang (Penang),Aeroporto Internacional de São José dos Campos,15894,17:39 ~ 18:41,18:41 ~ 19:52
Aeroporto Internacional de Penang (Penang),Aeroporto Internacional de Viracopos,16079,17:51 ~ 18:54,18:54 ~ 20:05
Aeroporto Internacional de Penang (Penang),Aeroporto Internacional de Curitiba,16089,17:52 ~ 18:55,18:55 ~ 20:06
Aeroporto Internacional de Penang (Penang),Aeroporto Internacional de Florianópolis,15899,17:39 ~ 18:42,18:42 ~ 19:52
Aeroporto Internacional de Penang (Penang),Aeroporto Internacional de Navegantes,15953,17:43 ~ 18:46,18:46 ~ 19:56
Aeroporto Internacional de Penang (Penang),Aeroporto Internacional de Porto Alegre,15965,17:44 ~ 18:46,18:46 ~ 19:57
Aeroporto Internacional de Penang (Penang),Aeroporto de Copenhague,10929,12:08 ~ 12:51,12:51 ~ 13:39
Aeroporto Internacional de Penang (Penang),Aeroporto Internacional Hartsfield-Jackson Atlanta,15667,17:24 ~ 18:25,18:25 ~ 19:35
Aeroporto Internacional de Penang (Penang),Aeroporto de Teresina,15947,17:43 ~ 18:45,18:45 ~ 19:56
Aeroporto Internacional de Penang (Penang),Aeroporto Internacional de João Pessoa,15080,16:45 ~ 17:44,17:44 ~ 18:51
Aeroporto Internacional de Malé,Aeroporto Internacional de Guarulhos,13258,14:43 ~ 15:35,15:35 ~ 16:34
Aeroporto Internacional de Malé,Aeroporto Internacional do Recife,12114,13:27 ~ 14:15,14:15 ~ 15:08
Aeroporto Internacional de Malé,Aeroporto Internacional de Salvador,12491,13:52 ~ 14:41,14:41 ~ 15:36
Aeroporto Internacional de Malé,Aeroporto Internacional de Natal,12142,13:29 ~ 14:17,14:17 ~ 15:10
Aeroporto Internacional de Malé,Aeroporto Internacional de São Luís,13119,14:34 ~ 15:26,15:26 ~ 16:23
Aeroporto Internacional de Malé,Aeroporto Internacional Pinto Martins,12494,13:52 ~ 14:41,14:41 ~ 15:37
Aeroporto Internacional de Malé,Aeroporto Internacional de Nursultan Nazarbayev,5195,05:46 ~ 06:06,06:06 ~ 06:29
Aeroporto Internacional de Malé,Aeroporto Internacional de Xangai Pudong,5860,06:30 ~ 06:53,06:53 ~ 07:19
Aeroporto Internacional de Malé,Aeroporto Internacional de Pequim Capital,5865,06:30 ~ 06:54,06:54 ~ 07:19
Aeroporto Internacional de Malé,Aeroporto Internacional de Pyongyang Sunan,6519,07:14 ~ 07:40,07:40 ~ 08:08
Aeroporto Internacional de Malé,Aeroporto Internacional de Incheon,6509,07:13 ~ 07:39,07:39 ~ 08:08
Aeroporto Internacional de Malé,Aeroporto Internacional Ninoy Aquino,5328,05:55 ~ 06:16,06:16 ~ 06:39
Aeroporto Internacional de Malé,Aeroporto Internacional de Hong Kong,4790,05:19 ~ 05:38,05:38 ~ 05:59
Aeroporto Internacional de Malé,Aeroporto Internacional Indira Gandhi,2722,03:01 ~ 03:12,03:12 ~ 03:24
Aeroporto Internacional de Malé,Aeroporto Internacional Soekarno-Hatta (Jacarta),3855,04:16 ~ 04:32,04:32 ~ 04:49
Aeroporto Internacional de Malé,Aeroporto Internacional Ngurah Rai (Bali),4838,05:22 ~ 05:41,05:41 ~ 06:02
Aeroporto Internacional de Malé,Aeroporto Internacional de Narita (Tóquio),7658,08:30 ~ 09:00,09:00 ~ 09:34
Aeroporto Internacional de Malé,Aeroporto Internacional de Haneda (Tóquio),7600,08:26 ~ 08:56,08:56 ~ 09:30
Aeroporto Internacional de Malé,Aeroporto Internacional de Kansai (Osaka),7168,07:57 ~ 08:25,08:25 ~ 08:57
Aeroporto Internacional de Malé,Aeroporto Internacional de Wattay (Vientiane),3510,03:53 ~ 04:07,04:07 ~ 04:23
Aeroporto Internacional de Malé,Aeroporto Internacional de Kuala Lumpur (Sepang),3135,03:29 ~ 03:41,03:41 ~ 03:55
Aeroporto Internacional de Malé,Aeroporto Internacional de Penang (Penang),2970,03:17 ~ 03:29,03:29 ~ 03:42
Aeroporto Internacional de Malé,Aeroporto Internacional de Changi,3401,03:46 ~ 04:00,04:00 ~ 04:15
Aeroporto Internacional de Malé,Aeroporto Internacional de Suvarnabhumi,3168,03:31 ~ 03:43,03:43 ~ 03:57
Aeroporto Internacional de Malé,Aeroporto Internacional Don Mueang,3160,03:30 ~ 03:43,03:43 ~ 03:57
Aeroporto Internacional de Malé,Aeroporto Internacional de Taiwan Taoyuan,5593,06:12 ~ 06:34,06:34 ~ 06:59
Aeroporto Internacional de Malé,Aeroporto Internacional de Tan Son Nhat,3726,04:08 ~ 04:23,04:23 ~ 04:39
Aeroporto Internacional de Malé,Aeroporto Internacional de Noi Bai,3965,04:24 ~ 04:39,04:39 ~ 04:57
Aeroporto Internacional de Malé,Aeroporto de Frankfurt,7881,08:45 ~ 09:16,09:16 ~ 09:51
Aeroporto Internacional de Malé,Aeroporto de Dublin,8957,09:57 ~ 10:32,10:32 ~ 11:11
Aeroporto Internacional de Malé,Aeroporto de Varsóvia Chopin,7172,07:58 ~ 08:26,08:26 ~ 08:57
Aeroporto Internacional de Malé,Aeroporto de Oslo-Gardermoen,8110,09:00 ~ 09:32,09:32 ~ 10:08
Aeroporto Internacional de Malé,Aeroporto de Roma-Fiumicino,7344,08:09 ~ 08:38,08:38 ~ 09:10
Aeroporto Internacional de Malé,Aeroporto de Milão-Malpensa,7734,08:35 ~ 09:05,09:05 ~ 09:40
Aeroporto Internacional de Malé,Aeroporto de Praga,7500,08:20 ~ 08:49,08:49 ~ 09:22
Aeroporto Internacional de Malé,Aeroporto de Heathrow (Londres),8538,09:29 ~ 10:02,10:02 ~ 10:40
Aeroporto Internacional de Malé,Aeroporto de Gatwick (Londres),8513,09:27 ~ 10:00,10:00 ~ 10:38
Aeroporto Internacional de Malé,Aeroporto Internacional de Budapeste Ferenc Liszt,7045,07:49 ~ 08:17,08:17 ~ 08:48
Aeroporto Internacional de Malé,Aeroporto de Schiphol (Amsterdã),8206,09:07 ~ 09:39,09:39 ~ 10:15
Aeroporto Internacional de Malé,Aeroporto Internacional de Boryspil (Kiev),6481,07:12 ~ 07:37,07:37 ~ 08:06
Aeroporto Internacional de Malé,Aeroporto de Istambul,6037,06:42 ~ 07:06,07:06 ~ 07:32
Aeroporto Internacional de Malé,Aeroporto de Zurique,7802,08:40 ~ 09:10,09:10 ~ 09:45
Aeroporto Internacional de Malé,Aeroporto de Estocolmo-Arlanda,7738,08:35 ~ 09:06,09:06 ~ 09:40
Aeroporto Internacional de Malé,Aeroporto Nikola Tesla (Belgrado),6851,07:36 ~ 08:03,08:03 ~ 08:33
Aeroporto Internacional de Malé,Aeroporto Internacional Sheremetyevo (Moscou),6576,07:18 ~ 07:44,07:44 ~ 08:13
Aeroporto Internacional de Malé,Aeroporto de Pulkovo (São Petersburgo),7177,07:58 ~ 08:26,08:26 ~ 08:58
Aeroporto Internacional de Malé,Aeroporto Internacional Henri Coand? (Bucareste),6427,07:08 ~ 07:33,07:33 ~ 08:02
Aeroporto Internacional de Malé,Aeroporto Humberto Delgado (Lisboa),9086,10:05 ~ 10:41,10:41 ~ 11:21
Aeroporto Internacional de Malé,Aeroporto Francisco Sá Carneiro (Porto),9053,10:03 ~ 10:39,10:39 ~ 11:18
Aeroporto Internacional de Malé,Aeroporto Internacional de Malta,6973,07:44 ~ 08:12,08:12 ~ 08:42
Aeroporto Internacional de Malé,Aeroporto de Luxemburgo,8033,08:55 ~ 09:27,09:27 ~ 10:02
Aeroporto Internacional de Malé,Aeroporto Internacional de Vilnius,7068,07:51 ~ 08:18,08:18 ~ 08:50
Aeroporto Internacional de Malé,Aeroporto Internacional de Riga,7278,08:05 ~ 08:33,08:33 ~ 09:05
Aeroporto Internacional de Malé,Aeroporto Internacional Madre Teresa (Tirana),6741,07:29 ~ 07:55,07:55 ~ 08:25
Aeroporto Internacional de Malé,Aeroporto de Barcelona-El Prat (Espanha),8157,09:03 ~ 09:35,09:35 ~ 10:11
Aeroporto Internacional de Malé,Aeroporto de Toulouse-Blagnac (França),8257,09:10 ~ 09:42,09:42 ~ 10:19
Aeroporto Internacional de Malé,Aeroporto Internacional de Viena,7259,08:03 ~ 08:32,08:32 ~ 09:04
Aeroporto Internacional de Malé,Aeroporto de Bruxelas,8187,09:05 ~ 09:37,09:37 ~ 10:14
Aeroporto Internacional de Malé,Aeroporto de Sófia,6523,07:14 ~ 07:40,07:40 ~ 08:09
Aeroporto Internacional de Malé,Aeroporto de Bratislava,7219,08:01 ~ 08:29,08:29 ~ 09:01
Aeroporto Internacional de Malé,Aeroporto de Ljubljana Joe Pu?nik,7331,08:08 ~ 08:37,08:37 ~ 09:09
Aeroporto Internacional de Malé,Aeroporto Adolfo Suárez Madrid-Barajas,8617,09:34 ~ 10:08,10:08 ~ 10:46
Aeroporto Internacional de Malé,Aeroporto de Barcelona-El Prat,8158,09:03 ~ 09:35,09:35 ~ 10:11
Aeroporto Internacional de Malé,Aeroporto de Tallinn,7393,08:12 ~ 08:41,08:41 ~ 09:14
Aeroporto Internacional de Malé,Aeroporto de Vágar,9116,10:07 ~ 10:43,10:43 ~ 11:23
Aeroporto Internacional de Malé,Aeroporto de Helsinque,7445,08:16 ~ 08:45,08:45 ~ 09:18
Aeroporto Internacional de Malé,Aeroporto Internacional de Brasília,13510,15:00 ~ 15:53,15:53 ~ 16:53
Aeroporto Internacional de Malé,Aeroporto Internacional de Várzea Grande,14418,16:01 ~ 16:57,16:57 ~ 18:01
Aeroporto Internacional de Malé,Aeroporto Internacional de Belém,13583,15:05 ~ 15:58,15:58 ~ 16:58
Aeroporto Internacional de Malé,Aeroporto Internacional de Tabatinga,15570,17:18 ~ 18:19,18:19 ~ 19:27
Aeroporto Internacional de Malé,Aeroporto Internacional de Manaus,14879,16:31 ~ 17:30,17:30 ~ 18:35
Aeroporto Internacional de Malé,Aeroporto Internacional de Macapá,13858,15:23 ~ 16:18,16:18 ~ 17:19
Aeroporto Internacional de Malé,Aeroporto Internacional de Fortaleza,12495,13:52 ~ 14:41,14:41 ~ 15:37
Aeroporto Internacional de Malé,Aeroporto Internacional de Maceió,12206,13:33 ~ 14:21,14:21 ~ 15:15
Aeroporto Internacional de Malé,Aeroporto Internacional de Aracaju,12355,13:43 ~ 14:32,14:32 ~ 15:26
Aeroporto Internacional de Malé,Aeroporto Internacional de Belo Horizonte,12977,14:25 ~ 15:16,15:16 ~ 16:13
Aeroporto Internacional de Malé,Aeroporto Santos Dumont,12930,14:22 ~ 15:12,15:12 ~ 16:09
Aeroporto Internacional de Malé,Aeroporto Internacional do Rio de Janeiro,12939,14:22 ~ 15:13,15:13 ~ 16:10
Aeroporto Internacional de Malé,Aeroporto Internacional de Vitória,12663,14:04 ~ 14:53,14:53 ~ 15:49
Aeroporto Internacional de Malé,Aeroporto Internacional de São José dos Campos,13203,14:40 ~ 15:31,15:31 ~ 16:30
Aeroporto Internacional de Malé,Aeroporto Internacional de Viracopos,13405,14:53 ~ 15:46,15:46 ~ 16:45
Aeroporto Internacional de Malé,Aeroporto Internacional de Curitiba,13492,14:59 ~ 15:52,15:52 ~ 16:51
Aeroporto Internacional de Malé,Aeroporto Internacional de Florianópolis,13377,14:51 ~ 15:44,15:44 ~ 16:43
Aeroporto Internacional de Malé,Aeroporto Internacional de Navegantes,13405,14:53 ~ 15:46,15:46 ~ 16:45
Aeroporto Internacional de Malé,Aeroporto Internacional de Porto Alegre,13564,15:04 ~ 15:57,15:57 ~ 16:57
Aeroporto Internacional de Malé,Aeroporto de Copenhague,9385,10:25 ~ 11:02,11:02 ~ 11:43
Aeroporto Internacional de Malé,Aeroporto Internacional Hartsfield-Jackson Atlanta,15223,16:54 ~ 17:54,17:54 ~ 19:01
Aeroporto Internacional de Malé,Aeroporto de Teresina,12977,14:25 ~ 15:16,15:16 ~ 16:13
Aeroporto Internacional de Malé,Aeroporto Internacional de João Pessoa,12114,13:27 ~ 14:15,14:15 ~ 15:08
Aeroporto Internacional de Changi,Aeroporto Internacional de Guarulhos,16009,17:47 ~ 18:50,18:50 ~ 20:00
Aeroporto Internacional de Changi,Aeroporto Internacional do Recife,15420,17:07 ~ 18:08,18:08 ~ 19:16
Aeroporto Internacional de Changi,Aeroporto Internacional de Salvador,15688,17:25 ~ 18:27,18:27 ~ 19:36
Aeroporto Internacional de Changi,Aeroporto Internacional de Natal,15484,17:12 ~ 18:12,18:12 ~ 19:21
Aeroporto Internacional de Changi,Aeroporto Internacional de São Luís,16498,18:19 ~ 19:24,19:24 ~ 20:37
Aeroporto Internacional de Changi,Aeroporto Internacional Pinto Martins,15861,17:37 ~ 18:39,18:39 ~ 19:49
Aeroporto Internacional de Changi,Aeroporto Internacional de Nursultan Nazarbayev,6295,06:59 ~ 07:24,07:24 ~ 07:52
Aeroporto Internacional de Changi,Aeroporto Internacional de Xangai Pudong,3793,04:12 ~ 04:27,04:27 ~ 04:44
Aeroporto Internacional de Changi,Aeroporto Internacional de Pequim Capital,4473,04:58 ~ 05:15,05:15 ~ 05:35
Aeroporto Internacional de Changi,Aeroporto Internacional de Pyongyang Sunan,4737,05:15 ~ 05:34,05:34 ~ 05:55
Aeroporto Internacional de Changi,Aeroporto Internacional de Incheon,4613,05:07 ~ 05:25,05:25 ~ 05:45
Aeroporto Internacional de Changi,Aeroporto Internacional Ninoy Aquino,2371,02:38 ~ 02:47,02:47 ~ 02:57
Aeroporto Internacional de Changi,Aeroporto Internacional de Hong Kong,2555,02:50 ~ 03:00,03:00 ~ 03:11
Aeroporto Internacional de Changi,Aeroporto Internacional Indira Gandhi,4149,04:36 ~ 04:52,04:52 ~ 05:11
Aeroporto Internacional de Changi,Aeroporto Internacional Soekarno-Hatta (Jacarta),879,00:58 ~ 01:02,01:02 ~ 01:05
Aeroporto Internacional de Changi,Aeroporto Internacional Ngurah Rai (Bali),1670,01:51 ~ 01:57,01:57 ~ 02:05
Aeroporto Internacional de Changi,Aeroporto Internacional de Narita (Tóquio),5349,05:56 ~ 06:17,06:17 ~ 06:41
Aeroporto Internacional de Changi,Aeroporto Internacional de Haneda (Tóquio),5292,05:52 ~ 06:13,06:13 ~ 06:36
Aeroporto Internacional de Changi,Aeroporto Internacional de Kansai (Osaka),4893,05:26 ~ 05:45,05:45 ~ 06:06
Aeroporto Internacional de Changi,Aeroporto Internacional de Wattay (Vientiane),1844,02:02 ~ 02:10,02:10 ~ 02:18
Aeroporto Internacional de Changi,Aeroporto Internacional de Kuala Lumpur (Sepang),296,00:19 ~ 00:20,00:20 ~ 00:22
Aeroporto Internacional de Changi,Aeroporto Internacional de Penang (Penang),599,00:39 ~ 00:42,00:42 ~ 00:44
Aeroporto Internacional de Changi,Aeroporto Internacional de Malé,3401,03:46 ~ 04:00,04:00 ~ 04:15
Aeroporto Internacional de Changi,Aeroporto Internacional de Suvarnabhumi,1410,01:34 ~ 01:39,01:39 ~ 01:45
Aeroporto Internacional de Changi,Aeroporto Internacional Don Mueang,1438,01:35 ~ 01:41,01:41 ~ 01:47
Aeroporto Internacional de Changi,Aeroporto Internacional de Taiwan Taoyuan,3212,03:34 ~ 03:46,03:46 ~ 04:00
Aeroporto Internacional de Changi,Aeroporto Internacional de Tan Son Nhat,1087,01:12 ~ 01:16,01:16 ~ 01:21
Aeroporto Internacional de Changi,Aeroporto Internacional de Noi Bai,2206,02:27 ~ 02:35,02:35 ~ 02:45
Aeroporto Internacional de Changi,Aeroporto de Frankfurt,10281,11:25 ~ 12:05,12:05 ~ 12:51
Aeroporto Internacional de Changi,Aeroporto de Dublin,11211,12:27 ~ 13:11,13:11 ~ 14:00
Aeroporto Internacional de Changi,Aeroporto de Varsóvia Chopin,9413,10:27 ~ 11:04,11:04 ~ 11:45
Aeroporto Internacional de Changi,Aeroporto de Oslo-Gardermoen,10036,11:09 ~ 11:48,11:48 ~ 12:32
Aeroporto Internacional de Changi,Aeroporto de Roma-Fiumicino,10057,11:10 ~ 11:49,11:49 ~ 12:34
Aeroporto Internacional de Changi,Aeroporto de Milão-Malpensa,10313,11:27 ~ 12:07,12:07 ~ 12:53
Aeroporto Internacional de Changi,Aeroporto de Praga,9874,10:58 ~ 11:36,11:36 ~ 12:20
Aeroporto Internacional de Changi,Aeroporto de Heathrow (Londres),10887,12:05 ~ 12:48,12:48 ~ 13:36
Aeroporto Internacional de Changi,Aeroporto de Gatwick (Londres),10876,12:05 ~ 12:47,12:47 ~ 13:35
Aeroporto Internacional de Changi,Aeroporto Internacional de Budapeste Ferenc Liszt,9502,10:33 ~ 11:10,11:10 ~ 11:52
Aeroporto Internacional de Changi,Aeroporto de Schiphol (Amsterdã),10516,11:41 ~ 12:22,12:22 ~ 13:08
Aeroporto Internacional de Changi,Aeroporto Internacional de Boryspil (Kiev),8698,09:39 ~ 10:13,10:13 ~ 10:52
Aeroporto Internacional de Changi,Aeroporto de Istambul,8670,09:37 ~ 10:11,10:11 ~ 10:50
Aeroporto Internacional de Changi,Aeroporto de Zurique,10309,11:27 ~ 12:07,12:07 ~ 12:53
Aeroporto Internacional de Changi,Aeroporto de Estocolmo-Arlanda,9655,10:43 ~ 11:21,11:21 ~ 12:04
Aeroporto Internacional de Changi,Aeroporto Nikola Tesla (Belgrado),9407,10:27 ~ 11:04,11:04 ~ 11:45
Aeroporto Internacional de Changi,Aeroporto Internacional Sheremetyevo (Moscou),8445,09:22 ~ 09:56,09:56 ~ 10:33
Aeroporto Internacional de Changi,Aeroporto de Pulkovo (São Petersburgo),8971,09:58 ~ 10:33,10:33 ~ 11:12
Aeroporto Internacional de Changi,Aeroporto Internacional Henri Coand? (Bucareste),8945,09:56 ~ 10:31,10:31 ~ 11:10
Aeroporto Internacional de Changi,Aeroporto Humberto Delgado (Lisboa),11900,13:13 ~ 14:00,14:00 ~ 14:52
Aeroporto Internacional de Changi,Aeroporto Francisco Sá Carneiro (Porto),11785,13:05 ~ 13:51,13:51 ~ 14:43
Aeroporto Internacional de Changi,Aeroporto Internacional de Malta,9881,10:58 ~ 11:37,11:37 ~ 12:21
Aeroporto Internacional de Changi,Aeroporto de Luxemburgo,10455,11:37 ~ 12:18,12:18 ~ 13:04
Aeroporto Internacional de Changi,Aeroporto Internacional de Vilnius,9158,10:10 ~ 10:46,10:46 ~ 11:26
Aeroporto Internacional de Changi,Aeroporto Internacional de Riga,9275,10:18 ~ 10:54,10:54 ~ 11:35
Aeroporto Internacional de Changi,Aeroporto Internacional Madre Teresa (Tirana),9432,10:28 ~ 11:05,11:05 ~ 11:47
Aeroporto Internacional de Changi,Aeroporto de Barcelona-El Prat (Espanha),10905,12:07 ~ 12:49,12:49 ~ 13:37
Aeroporto Internacional de Changi,Aeroporto de Toulouse-Blagnac (França),10920,12:07 ~ 12:50,12:50 ~ 13:39
Aeroporto Internacional de Changi,Aeroporto Internacional de Viena,9706,10:47 ~ 11:25,11:25 ~ 12:07
Aeroporto Internacional de Changi,Aeroporto de Bruxelas,10558,11:43 ~ 12:25,12:25 ~ 13:11
Aeroporto Internacional de Changi,Aeroporto de Sófia,9139,10:09 ~ 10:45,10:45 ~ 11:25
Aeroporto Internacional de Changi,Aeroporto de Bratislava,9658,10:43 ~ 11:21,11:21 ~ 12:04
Aeroporto Internacional de Changi,Aeroporto de Ljubljana Joe Pu?nik,9865,10:57 ~ 11:36,11:36 ~ 12:19
Aeroporto Internacional de Changi,Aeroporto Adolfo Suárez Madrid-Barajas,11388,12:39 ~ 13:23,13:23 ~ 14:14
Aeroporto Internacional de Changi,Aeroporto de Barcelona-El Prat,10905,12:07 ~ 12:49,12:49 ~ 13:37
Aeroporto Internacional de Changi,Aeroporto de Tallinn,9265,10:17 ~ 10:54,10:54 ~ 11:34
Aeroporto Internacional de Changi,Aeroporto de Vágar,10963,12:10 ~ 12:53,12:53 ~ 13:42
Aeroporto Internacional de Changi,Aeroporto de Helsinque,9272,10:18 ~ 10:54,10:54 ~ 11:35
Aeroporto Internacional de Changi,Aeroporto Internacional de Brasília,16555,18:23 ~ 19:28,19:28 ~ 20:41
Aeroporto Internacional de Changi,Aeroporto Internacional de Várzea Grande,17357,19:17 ~ 20:25,20:25 ~ 21:41
Aeroporto Internacional de Changi,Aeroporto Internacional de Belém,16973,18:51 ~ 19:58,19:58 ~ 21:12
Aeroporto Internacional de Changi,Aeroporto Internacional de Tabatinga,18930,21:02 ~ 22:16,22:16 ~ 23:39
Aeroporto Internacional de Changi,Aeroporto Internacional de Manaus,18252,20:16 ~ 21:28,21:28 ~ 22:48
Aeroporto Internacional de Changi,Aeroporto Internacional de Macapá,17257,19:10 ~ 20:18,20:18 ~ 21:34
Aeroporto Internacional de Changi,Aeroporto Internacional de Fortaleza,15861,17:37 ~ 18:39,18:39 ~ 19:49
Aeroporto Internacional de Changi,Aeroporto Internacional de Maceió,15495,17:12 ~ 18:13,18:13 ~ 19:22
Aeroporto Internacional de Changi,Aeroporto Internacional de Aracaju,15602,17:20 ~ 18:21,18:21 ~ 19:30
Aeroporto Internacional de Changi,Aeroporto Internacional de Belo Horizonte,15927,17:41 ~ 18:44,18:44 ~ 19:54
Aeroporto Internacional de Changi,Aeroporto Santos Dumont,15750,17:30 ~ 18:31,18:31 ~ 19:41
Aeroporto Internacional de Changi,Aeroporto Internacional do Rio de Janeiro,15763,17:30 ~ 18:32,18:32 ~ 19:42
Aeroporto Internacional de Changi,Aeroporto Internacional de Vitória,15617,17:21 ~ 18:22,18:22 ~ 19:31
Aeroporto Internacional de Changi,Aeroporto Internacional de São José dos Campos,15974,17:44 ~ 18:47,18:47 ~ 19:58
Aeroporto Internacional de Changi,Aeroporto Internacional de Viracopos,16143,17:56 ~ 18:59,18:59 ~ 20:10
Aeroporto Internacional de Changi,Aeroporto Internacional de Curitiba,16110,17:53 ~ 18:57,18:57 ~ 20:08
Aeroporto Internacional de Changi,Aeroporto Internacional de Florianópolis,15891,17:39 ~ 18:41,18:41 ~ 19:51
Aeroporto Internacional de Changi,Aeroporto Internacional de Navegantes,15954,17:43 ~ 18:46,18:46 ~ 19:56
Aeroporto Internacional de Changi,Aeroporto Internacional de Porto Alegre,15900,17:40 ~ 18:42,18:42 ~ 19:52
Aeroporto Internacional de Changi,Aeroporto de Copenhague,11515,12:47 ~ 13:32,13:32 ~ 14:23
Aeroporto Internacional de Changi,Aeroporto Internacional Hartsfield-Jackson Atlanta,16032,17:48 ~ 18:51,18:51 ~ 20:02
Aeroporto Internacional de Changi,Aeroporto de Teresina,16327,18:08 ~ 19:12,19:12 ~ 20:24
Aeroporto Internacional de Changi,Aeroporto Internacional de João Pessoa,15436,17:09 ~ 18:09,18:09 ~ 19:17
Aeroporto Internacional de Suvarnabhumi,Aeroporto Internacional de Guarulhos,16417,18:14 ~ 19:18,19:18 ~ 20:31
Aeroporto Internacional de Suvarnabhumi,Aeroporto Internacional do Recife,15157,16:50 ~ 17:49,17:49 ~ 18:56
Aeroporto Internacional de Suvarnabhumi,Aeroporto Internacional de Salvador,15606,17:20 ~ 18:21,18:21 ~ 19:30
Aeroporto Internacional de Suvarnabhumi,Aeroporto Internacional de Natal,15136,16:49 ~ 17:48,17:48 ~ 18:55
Aeroporto Internacional de Suvarnabhumi,Aeroporto Internacional de São Luís,15990,17:45 ~ 18:48,18:48 ~ 19:59
Aeroporto Internacional de Suvarnabhumi,Aeroporto Internacional Pinto Martins,15429,17:08 ~ 18:09,18:09 ~ 19:17
Aeroporto Internacional de Suvarnabhumi,Aeroporto Internacional de Nursultan Nazarbayev,4908,05:27 ~ 05:46,05:46 ~ 06:08
Aeroporto Internacional de Suvarnabhumi,Aeroporto Internacional de Xangai Pudong,2894,03:12 ~ 03:24,03:24 ~ 03:37
Aeroporto Internacional de Suvarnabhumi,Aeroporto Internacional de Pequim Capital,3308,03:40 ~ 03:53,03:53 ~ 04:08
Aeroporto Internacional de Suvarnabhumi,Aeroporto Internacional de Pyongyang Sunan,3740,04:09 ~ 04:24,04:24 ~ 04:40
Aeroporto Internacional de Suvarnabhumi,Aeroporto Internacional de Incheon,3664,04:04 ~ 04:18,04:18 ~ 04:34
Aeroporto Internacional de Suvarnabhumi,Aeroporto Internacional Ninoy Aquino,2190,02:25 ~ 02:34,02:34 ~ 02:44
Aeroporto Internacional de Suvarnabhumi,Aeroporto Internacional de Hong Kong,1688,01:52 ~ 01:59,01:59 ~ 02:06
Aeroporto Internacional de Suvarnabhumi,Aeroporto Internacional Indira Gandhi,2946,03:16 ~ 03:27,03:27 ~ 03:40
Aeroporto Internacional de Suvarnabhumi,Aeroporto Internacional Soekarno-Hatta (Jacarta),2286,02:32 ~ 02:41,02:41 ~ 02:51
Aeroporto Internacional de Suvarnabhumi,Aeroporto Internacional Ngurah Rai (Bali),2949,03:16 ~ 03:28,03:28 ~ 03:41
Aeroporto Internacional de Suvarnabhumi,Aeroporto Internacional de Narita (Tóquio),4649,05:09 ~ 05:28,05:28 ~ 05:48
Aeroporto Internacional de Suvarnabhumi,Aeroporto Internacional de Haneda (Tóquio),4590,05:05 ~ 05:24,05:24 ~ 05:44
Aeroporto Internacional de Suvarnabhumi,Aeroporto Internacional de Kansai (Osaka),4160,04:37 ~ 04:53,04:53 ~ 05:12
Aeroporto Internacional de Suvarnabhumi,Aeroporto Internacional de Wattay (Vientiane),512,00:34 ~ 00:36,00:36 ~ 00:38
Aeroporto Internacional de Suvarnabhumi,Aeroporto Internacional de Kuala Lumpur (Sepang),1215,01:21 ~ 01:25,01:25 ~ 01:31
Aeroporto Internacional de Suvarnabhumi,Aeroporto Internacional de Penang (Penang),930,01:02 ~ 01:05,01:05 ~ 01:09
Aeroporto Internacional de Suvarnabhumi,Aeroporto Internacional de Malé,3168,03:31 ~ 03:43,03:43 ~ 03:57
Aeroporto Internacional de Suvarnabhumi,Aeroporto Internacional de Changi,1410,01:34 ~ 01:39,01:39 ~ 01:45
Aeroporto Internacional de Suvarnabhumi,Aeroporto Internacional Don Mueang,30,00:02 ~ 00:02,00:02 ~ 00:02
Aeroporto Internacional de Suvarnabhumi,Aeroporto Internacional de Taiwan Taoyuan,2488,02:45 ~ 02:55,02:55 ~ 03:06
Aeroporto Internacional de Suvarnabhumi,Aeroporto Internacional de Tan Son Nhat,717,00:47 ~ 00:50,00:50 ~ 00:53
Aeroporto Internacional de Suvarnabhumi,Aeroporto Internacional de Noi Bai,992,01:06 ~ 01:10,01:10 ~ 01:14
Aeroporto Internacional de Suvarnabhumi,Aeroporto de Frankfurt,9008,10:00 ~ 10:35,10:35 ~ 11:15
Aeroporto Internacional de Suvarnabhumi,Aeroporto de Dublin,9886,10:59 ~ 11:37,11:37 ~ 12:21
Aeroporto Internacional de Suvarnabhumi,Aeroporto de Varsóvia Chopin,8122,09:01 ~ 09:33,09:33 ~ 10:09
Aeroporto Internacional de Suvarnabhumi,Aeroporto de Oslo-Gardermoen,8677,09:38 ~ 10:12,10:12 ~ 10:50
Aeroporto Internacional de Suvarnabhumi,Aeroporto de Roma-Fiumicino,8887,09:52 ~ 10:27,10:27 ~ 11:06
Aeroporto Internacional de Suvarnabhumi,Aeroporto de Milão-Malpensa,9090,10:05 ~ 10:41,10:41 ~ 11:21
Aeroporto Internacional de Suvarnabhumi,Aeroporto de Praga,8604,09:33 ~ 10:07,10:07 ~ 10:45
Aeroporto Internacional de Suvarnabhumi,Aeroporto de Heathrow (Londres),9588,10:39 ~ 11:16,11:16 ~ 11:59
Aeroporto Internacional de Suvarnabhumi,Aeroporto de Gatwick (Londres),9581,10:38 ~ 11:16,11:16 ~ 11:58
Aeroporto Internacional de Suvarnabhumi,Aeroporto Internacional de Budapeste Ferenc Liszt,8264,09:10 ~ 09:43,09:43 ~ 10:19
Aeroporto Internacional de Suvarnabhumi,Aeroporto de Schiphol (Amsterdã),9217,10:14 ~ 10:50,10:50 ~ 11:31
Aeroporto Internacional de Suvarnabhumi,Aeroporto Internacional de Boryspil (Kiev),7419,08:14 ~ 08:43,08:43 ~ 09:16
Aeroporto Internacional de Suvarnabhumi,Aeroporto de Istambul,7513,08:20 ~ 08:50,08:50 ~ 09:23
Aeroporto Internacional de Suvarnabhumi,Aeroporto de Zurique,9064,10:04 ~ 10:39,10:39 ~ 11:19
Aeroporto Internacional de Suvarnabhumi,Aeroporto de Estocolmo-Arlanda,8301,09:13 ~ 09:45,09:45 ~ 10:22
Aeroporto Internacional de Suvarnabhumi,Aeroporto Nikola Tesla (Belgrado),8201,09:06 ~ 09:38,09:38 ~ 10:15
Aeroporto Internacional de Suvarnabhumi,Aeroporto Internacional Sheremetyevo (Moscou),7106,07:53 ~ 08:21,08:21 ~ 08:52
Aeroporto Internacional de Suvarnabhumi,Aeroporto de Pulkovo (São Petersburgo),7611,08:27 ~ 08:57,08:57 ~ 09:30
Aeroporto Internacional de Suvarnabhumi,Aeroporto Internacional Henri Coand? (Bucareste),7740,08:35 ~ 09:06,09:06 ~ 09:40
Aeroporto Internacional de Suvarnabhumi,Aeroporto Humberto Delgado (Lisboa),10721,11:54 ~ 12:36,12:36 ~ 13:24
Aeroporto Internacional de Suvarnabhumi,Aeroporto Francisco Sá Carneiro (Porto),10576,11:45 ~ 12:26,12:26 ~ 13:13
Aeroporto Internacional de Suvarnabhumi,Aeroporto Internacional de Malta,8802,09:46 ~ 10:21,10:21 ~ 11:00
Aeroporto Internacional de Suvarnabhumi,Aeroporto de Luxemburgo,9184,10:12 ~ 10:48,10:48 ~ 11:28
Aeroporto Internacional de Suvarnabhumi,Aeroporto Internacional de Vilnius,7841,08:42 ~ 09:13,09:13 ~ 09:48
Aeroporto Internacional de Suvarnabhumi,Aeroporto Internacional de Riga,7940,08:49 ~ 09:20,09:20 ~ 09:55
Aeroporto Internacional de Suvarnabhumi,Aeroporto Internacional Madre Teresa (Tirana),8273,09:11 ~ 09:43,09:43 ~ 10:20
Aeroporto Internacional de Suvarnabhumi,Aeroporto de Barcelona-El Prat (Espanha),9726,10:48 ~ 11:26,11:26 ~ 12:09
Aeroporto Internacional de Suvarnabhumi,Aeroporto de Toulouse-Blagnac (França),9709,10:47 ~ 11:25,11:25 ~ 12:08
Aeroporto Internacional de Suvarnabhumi,Aeroporto Internacional de Viena,8459,09:23 ~ 09:57,09:57 ~ 10:34
Aeroporto Internacional de Suvarnabhumi,Aeroporto de Bruxelas,9272,10:18 ~ 10:54,10:54 ~ 11:35
Aeroporto Internacional de Suvarnabhumi,Aeroporto de Sófia,7961,08:50 ~ 09:21,09:21 ~ 09:57
Aeroporto Internacional de Suvarnabhumi,Aeroporto de Bratislava,8411,09:20 ~ 09:53,09:53 ~ 10:30
Aeroporto Internacional de Suvarnabhumi,Aeroporto de Ljubljana Joe Pu?nik,8640,09:35 ~ 10:09,10:09 ~ 10:48
Aeroporto Internacional de Suvarnabhumi,Aeroporto Adolfo Suárez Madrid-Barajas,10205,11:20 ~ 12:00,12:00 ~ 12:45
Aeroporto Internacional de Suvarnabhumi,Aeroporto de Barcelona-El Prat,9726,10:48 ~ 11:26,11:26 ~ 12:09
Aeroporto Internacional de Suvarnabhumi,Aeroporto de Tallinn,7911,08:47 ~ 09:18,09:18 ~ 09:53
Aeroporto Internacional de Suvarnabhumi,Aeroporto de Vágar,9582,10:38 ~ 11:16,11:16 ~ 11:58
Aeroporto Internacional de Suvarnabhumi,Aeroporto de Helsinque,7911,08:47 ~ 09:18,09:18 ~ 09:53
Aeroporto Internacional de Suvarnabhumi,Aeroporto Internacional de Brasília,16657,18:30 ~ 19:35,19:35 ~ 20:49
Aeroporto Internacional de Suvarnabhumi,Aeroporto Internacional de Várzea Grande,17568,19:31 ~ 20:40,20:40 ~ 21:57
Aeroporto Internacional de Suvarnabhumi,Aeroporto Internacional de Belém,16380,18:11 ~ 19:16,19:16 ~ 20:28
Aeroporto Internacional de Suvarnabhumi,Aeroporto Internacional de Tabatinga,18194,20:12 ~ 21:24,21:24 ~ 22:44
Aeroporto Internacional de Suvarnabhumi,Aeroporto Internacional de Manaus,17610,19:33 ~ 20:43,20:43 ~ 22:00
Aeroporto Internacional de Suvarnabhumi,Aeroporto Internacional de Macapá,16572,18:24 ~ 19:29,19:29 ~ 20:42
Aeroporto Internacional de Suvarnabhumi,Aeroporto Internacional de Fortaleza,15430,17:08 ~ 18:09,18:09 ~ 19:17
Aeroporto Internacional de Suvarnabhumi,Aeroporto Internacional de Maceió,15264,16:57 ~ 17:57,17:57 ~ 19:04
Aeroporto Internacional de Suvarnabhumi,Aeroporto Internacional de Aracaju,15442,17:09 ~ 18:10,18:10 ~ 19:18
Aeroporto Internacional de Suvarnabhumi,Aeroporto Internacional de Belo Horizonte,16144,17:56 ~ 18:59,18:59 ~ 20:10
Aeroporto Internacional de Suvarnabhumi,Aeroporto Santos Dumont,16094,17:52 ~ 18:56,18:56 ~ 20:07
Aeroporto Internacional de Suvarnabhumi,Aeroporto Internacional do Rio de Janeiro,16103,17:53 ~ 18:56,18:56 ~ 20:07
Aeroporto Internacional de Suvarnabhumi,Aeroporto Internacional de Vitória,15830,17:35 ~ 18:37,18:37 ~ 19:47
Aeroporto Internacional de Suvarnabhumi,Aeroporto Internacional de São José dos Campos,16364,18:10 ~ 19:15,19:15 ~ 20:27
Aeroporto Internacional de Suvarnabhumi,Aeroporto Internacional de Viracopos,16564,18:24 ~ 19:29,19:29 ~ 20:42
Aeroporto Internacional de Suvarnabhumi,Aeroporto Internacional de Curitiba,16632,18:28 ~ 19:34,19:34 ~ 20:47
Aeroporto Internacional de Suvarnabhumi,Aeroporto Internacional de Florianópolis,16488,18:19 ~ 19:23,19:23 ~ 20:36
Aeroporto Internacional de Suvarnabhumi,Aeroporto Internacional de Navegantes,16527,18:21 ~ 19:26,19:26 ~ 20:39
Aeroporto Internacional de Suvarnabhumi,Aeroporto Internacional de Porto Alegre,16622,18:28 ~ 19:33,19:33 ~ 20:46
Aeroporto Internacional de Suvarnabhumi,Aeroporto de Copenhague,10163,11:17 ~ 11:57,11:57 ~ 12:42
Aeroporto Internacional de Suvarnabhumi,Aeroporto Internacional Hartsfield-Jackson Atlanta,14738,16:22 ~ 17:20,17:20 ~ 18:25
Aeroporto Internacional de Suvarnabhumi,Aeroporto de Teresina,15927,17:41 ~ 18:44,18:44 ~ 19:54
Aeroporto Internacional de Suvarnabhumi,Aeroporto Internacional de João Pessoa,15138,16:49 ~ 17:48,17:48 ~ 18:55
Aeroporto Internacional Don Mueang,Aeroporto Internacional de Guarulhos,16412,18:14 ~ 19:18,19:18 ~ 20:30
Aeroporto Internacional Don Mueang,Aeroporto Internacional do Recife,15140,16:49 ~ 17:48,17:48 ~ 18:55
Aeroporto Internacional Don Mueang,Aeroporto Internacional de Salvador,15592,17:19 ~ 18:20,18:20 ~ 19:29
Aeroporto Internacional Don Mueang,Aeroporto Internacional de Natal,15118,16:47 ~ 17:47,17:47 ~ 18:53
Aeroporto Internacional Don Mueang,Aeroporto Internacional de São Luís,15968,17:44 ~ 18:47,18:47 ~ 19:57
Aeroporto Internacional Don Mueang,Aeroporto Internacional Pinto Martins,15409,17:07 ~ 18:07,18:07 ~ 19:15
Aeroporto Internacional Don Mueang,Aeroporto Internacional de Nursultan Nazarbayev,4878,05:25 ~ 05:44,05:44 ~ 06:05
Aeroporto Internacional Don Mueang,Aeroporto Internacional de Xangai Pudong,2887,03:12 ~ 03:23,03:23 ~ 03:36
Aeroporto Internacional Don Mueang,Aeroporto Internacional de Pequim Capital,3292,03:39 ~ 03:52,03:52 ~ 04:06
Aeroporto Internacional Don Mueang,Aeroporto Internacional de Pyongyang Sunan,3729,04:08 ~ 04:23,04:23 ~ 04:39
Aeroporto Internacional Don Mueang,Aeroporto Internacional de Incheon,3655,04:03 ~ 04:17,04:17 ~ 04:34
Aeroporto Internacional Don Mueang,Aeroporto Internacional Ninoy Aquino,2204,02:26 ~ 02:35,02:35 ~ 02:45
Aeroporto Internacional Don Mueang,Aeroporto Internacional de Hong Kong,1686,01:52 ~ 01:59,01:59 ~ 02:06
Aeroporto Internacional Don Mueang,Aeroporto Internacional Indira Gandhi,2918,03:14 ~ 03:25,03:25 ~ 03:38
Aeroporto Internacional Don Mueang,Aeroporto Internacional Soekarno-Hatta (Jacarta),2315,02:34 ~ 02:43,02:43 ~ 02:53
Aeroporto Internacional Don Mueang,Aeroporto Internacional Ngurah Rai (Bali),2978,03:18 ~ 03:30,03:30 ~ 03:43
Aeroporto Internacional Don Mueang,Aeroporto Internacional de Narita (Tóquio),4646,05:09 ~ 05:27,05:27 ~ 05:48
Aeroporto Internacional Don Mueang,Aeroporto Internacional de Haneda (Tóquio),4586,05:05 ~ 05:23,05:23 ~ 05:43
Aeroporto Internacional Don Mueang,Aeroporto Internacional de Kansai (Osaka),4156,04:37 ~ 04:53,04:53 ~ 05:11
Aeroporto Internacional Don Mueang,Aeroporto Internacional de Wattay (Vientiane),495,00:33 ~ 00:34,00:34 ~ 00:37
Aeroporto Internacional Don Mueang,Aeroporto Internacional de Kuala Lumpur (Sepang),1242,01:22 ~ 01:27,01:27 ~ 01:33
Aeroporto Internacional Don Mueang,Aeroporto Internacional de Penang (Penang),954,01:03 ~ 01:07,01:07 ~ 01:11
Aeroporto Internacional Don Mueang,Aeroporto Internacional de Malé,3160,03:30 ~ 03:43,03:43 ~ 03:57
Aeroporto Internacional Don Mueang,Aeroporto Internacional de Changi,1438,01:35 ~ 01:41,01:41 ~ 01:47
Aeroporto Internacional Don Mueang,Aeroporto Internacional de Suvarnabhumi,30,00:02 ~ 00:02,00:02 ~ 00:02
Aeroporto Internacional Don Mueang,Aeroporto Internacional de Taiwan Taoyuan,2487,02:45 ~ 02:55,02:55 ~ 03:06
Aeroporto Internacional Don Mueang,Aeroporto Internacional de Tan Son Nhat,742,00:49 ~ 00:52,00:52 ~ 00:55
Aeroporto Internacional Don Mueang,Aeroporto Internacional de Noi Bai,979,01:05 ~ 01:09,01:09 ~ 01:13
Aeroporto Internacional Don Mueang,Aeroporto de Frankfurt,8979,09:58 ~ 10:33,10:33 ~ 11:13
Aeroporto Internacional Don Mueang,Aeroporto de Dublin,9856,10:57 ~ 11:35,11:35 ~ 12:19
Aeroporto Internacional Don Mueang,Aeroporto de Varsóvia Chopin,8093,08:59 ~ 09:31,09:31 ~ 10:06
Aeroporto Internacional Don Mueang,Aeroporto de Oslo-Gardermoen,8648,09:36 ~ 10:10,10:10 ~ 10:48
Aeroporto Internacional Don Mueang,Aeroporto de Roma-Fiumicino,8859,09:50 ~ 10:25,10:25 ~ 11:04
Aeroporto Internacional Don Mueang,Aeroporto de Milão-Malpensa,9061,10:04 ~ 10:39,10:39 ~ 11:19
Aeroporto Internacional Don Mueang,Aeroporto de Praga,8575,09:31 ~ 10:05,10:05 ~ 10:43
Aeroporto Internacional Don Mueang,Aeroporto de Heathrow (Londres),9558,10:37 ~ 11:14,11:14 ~ 11:56
Aeroporto Internacional Don Mueang,Aeroporto de Gatwick (Londres),9551,10:36 ~ 11:14,11:14 ~ 11:56
Aeroporto Internacional Don Mueang,Aeroporto Internacional de Budapeste Ferenc Liszt,8235,09:09 ~ 09:41,09:41 ~ 10:17
Aeroporto Internacional Don Mueang,Aeroporto de Schiphol (Amsterdã),9187,10:12 ~ 10:48,10:48 ~ 11:29
Aeroporto Internacional Don Mueang,Aeroporto Internacional de Boryspil (Kiev),7390,08:12 ~ 08:41,08:41 ~ 09:14
Aeroporto Internacional Don Mueang,Aeroporto de Istambul,7485,08:18 ~ 08:48,08:48 ~ 09:21
Aeroporto Internacional Don Mueang,Aeroporto de Zurique,9035,10:02 ~ 10:37,10:37 ~ 11:17
Aeroporto Internacional Don Mueang,Aeroporto de Estocolmo-Arlanda,8271,09:11 ~ 09:43,09:43 ~ 10:20
Aeroporto Internacional Don Mueang,Aeroporto Nikola Tesla (Belgrado),8172,09:04 ~ 09:36,09:36 ~ 10:12
Aeroporto Internacional Don Mueang,Aeroporto Internacional Sheremetyevo (Moscou),7076,07:51 ~ 08:19,08:19 ~ 08:50
Aeroporto Internacional Don Mueang,Aeroporto de Pulkovo (São Petersburgo),7581,08:25 ~ 08:55,08:55 ~ 09:28
Aeroporto Internacional Don Mueang,Aeroporto Internacional Henri Coand? (Bucareste),7712,08:34 ~ 09:04,09:04 ~ 09:38
Aeroporto Internacional Don Mueang,Aeroporto Humberto Delgado (Lisboa),10693,11:52 ~ 12:34,12:34 ~ 13:21
Aeroporto Internacional Don Mueang,Aeroporto Francisco Sá Carneiro (Porto),10547,11:43 ~ 12:24,12:24 ~ 13:11
Aeroporto Internacional Don Mueang,Aeroporto Internacional de Malta,8774,09:44 ~ 10:19,10:19 ~ 10:58
Aeroporto Internacional Don Mueang,Aeroporto de Luxemburgo,9155,10:10 ~ 10:46,10:46 ~ 11:26
Aeroporto Internacional Don Mueang,Aeroporto Internacional de Vilnius,7812,08:40 ~ 09:11,09:11 ~ 09:45
Aeroporto Internacional Don Mueang,Aeroporto Internacional de Riga,7910,08:47 ~ 09:18,09:18 ~ 09:53
Aeroporto Internacional Don Mueang,Aeroporto Internacional Madre Teresa (Tirana),8245,09:09 ~ 09:41,09:41 ~ 10:18
Aeroporto Internacional Don Mueang,Aeroporto de Barcelona-El Prat (Espanha),9698,10:46 ~ 11:24,11:24 ~ 12:07
Aeroporto Internacional Don Mueang,Aeroporto de Toulouse-Blagnac (França),9680,10:45 ~ 11:23,11:23 ~ 12:05
Aeroporto Internacional Don Mueang,Aeroporto Internacional de Viena,8430,09:22 ~ 09:55,09:55 ~ 10:32
Aeroporto Internacional Don Mueang,Aeroporto de Bruxelas,9242,10:16 ~ 10:52,10:52 ~ 11:33
Aeroporto Internacional Don Mueang,Aeroporto de Sófia,7933,08:48 ~ 09:19,09:19 ~ 09:54
Aeroporto Internacional Don Mueang,Aeroporto de Bratislava,8382,09:18 ~ 09:51,09:51 ~ 10:28
Aeroporto Internacional Don Mueang,Aeroporto de Ljubljana Joe Pu?nik,8611,09:34 ~ 10:07,10:07 ~ 10:45
Aeroporto Internacional Don Mueang,Aeroporto Adolfo Suárez Madrid-Barajas,10177,11:18 ~ 11:58,11:58 ~ 12:43
Aeroporto Internacional Don Mueang,Aeroporto de Barcelona-El Prat,9698,10:46 ~ 11:24,11:24 ~ 12:07
Aeroporto Internacional Don Mueang,Aeroporto de Tallinn,7881,08:45 ~ 09:16,09:16 ~ 09:51
Aeroporto Internacional Don Mueang,Aeroporto de Vágar,9552,10:36 ~ 11:14,11:14 ~ 11:56
Aeroporto Internacional Don Mueang,Aeroporto de Helsinque,7882,08:45 ~ 09:16,09:16 ~ 09:51
Aeroporto Internacional Don Mueang,Aeroporto Internacional de Brasília,16645,18:29 ~ 19:34,19:34 ~ 20:48
Aeroporto Internacional Don Mueang,Aeroporto Internacional de Várzea Grande,17556,19:30 ~ 20:39,20:39 ~ 21:56
Aeroporto Internacional Don Mueang,Aeroporto Internacional de Belém,16357,18:10 ~ 19:14,19:14 ~ 20:26
Aeroporto Internacional Don Mueang,Aeroporto Internacional de Tabatinga,18166,20:11 ~ 21:22,21:22 ~ 22:42
Aeroporto Internacional Don Mueang,Aeroporto Internacional de Manaus,17585,19:32 ~ 20:41,20:41 ~ 21:58
Aeroporto Internacional Don Mueang,Aeroporto Internacional de Macapá,16548,18:23 ~ 19:28,19:28 ~ 20:41
Aeroporto Internacional Don Mueang,Aeroporto Internacional de Fortaleza,15410,17:07 ~ 18:07,18:07 ~ 19:15
Aeroporto Internacional Don Mueang,Aeroporto Internacional de Maceió,15248,16:56 ~ 17:56,17:56 ~ 19:03
Aeroporto Internacional Don Mueang,Aeroporto Internacional de Aracaju,15427,17:08 ~ 18:08,18:08 ~ 19:17
Aeroporto Internacional Don Mueang,Aeroporto Internacional de Belo Horizonte,16135,17:55 ~ 18:58,18:58 ~ 20:10
Aeroporto Internacional Don Mueang,Aeroporto Santos Dumont,16088,17:52 ~ 18:55,18:55 ~ 20:06
Aeroporto Internacional Don Mueang,Aeroporto Internacional do Rio de Janeiro,16097,17:53 ~ 18:56,18:56 ~ 20:07
Aeroporto Internacional Don Mueang,Aeroporto Internacional de Vitória,15822,17:34 ~ 18:36,18:36 ~ 19:46
Aeroporto Internacional Don Mueang,Aeroporto Internacional de São José dos Campos,16359,18:10 ~ 19:14,19:14 ~ 20:26
Aeroporto Internacional Don Mueang,Aeroporto Internacional de Viracopos,16559,18:23 ~ 19:28,19:28 ~ 20:41
Aeroporto Internacional Don Mueang,Aeroporto Internacional de Curitiba,16630,18:28 ~ 19:33,19:33 ~ 20:47
Aeroporto Internacional Don Mueang,Aeroporto Internacional de Florianópolis,16488,18:19 ~ 19:23,19:23 ~ 20:36
Aeroporto Internacional Don Mueang,Aeroporto Internacional de Navegantes,16526,18:21 ~ 19:26,19:26 ~ 20:39
Aeroporto Internacional Don Mueang,Aeroporto Internacional de Porto Alegre,16624,18:28 ~ 19:33,19:33 ~ 20:46
Aeroporto Internacional Don Mueang,Aeroporto de Copenhague,10134,11:15 ~ 11:55,11:55 ~ 12:40
Aeroporto Internacional Don Mueang,Aeroporto Internacional Hartsfield-Jackson Atlanta,14715,16:21 ~ 17:18,17:18 ~ 18:23
Aeroporto Internacional Don Mueang,Aeroporto de Teresina,15907,17:40 ~ 18:42,18:42 ~ 19:53
Aeroporto Internacional Don Mueang,Aeroporto Internacional de João Pessoa,15121,16:48 ~ 17:47,17:47 ~ 18:54
Aeroporto Internacional de Taiwan Taoyuan,Aeroporto Internacional de Guarulhos,18769,20:51 ~ 22:04,22:04 ~ 23:27
Aeroporto Internacional de Taiwan Taoyuan,Aeroporto Internacional do Recife,16872,18:44 ~ 19:50,19:50 ~ 21:05
Aeroporto Internacional de Taiwan Taoyuan,Aeroporto Internacional de Salvador,17491,19:26 ~ 20:34,20:34 ~ 21:51
Aeroporto Internacional de Taiwan Taoyuan,Aeroporto Internacional de Natal,16727,18:35 ~ 19:40,19:40 ~ 20:54
Aeroporto Internacional de Taiwan Taoyuan,Aeroporto Internacional de São Luís,17075,18:58 ~ 20:05,20:05 ~ 21:20
Aeroporto Internacional de Taiwan Taoyuan,Aeroporto Internacional Pinto Martins,16816,18:41 ~ 19:47,19:47 ~ 21:01
Aeroporto Internacional de Taiwan Taoyuan,Aeroporto Internacional de Nursultan Nazarbayev,5095,05:39 ~ 05:59,05:59 ~ 06:22
Aeroporto Internacional de Taiwan Taoyuan,Aeroporto Internacional de Xangai Pudong,675,00:45 ~ 00:47,00:47 ~ 00:50
Aeroporto Internacional de Taiwan Taoyuan,Aeroporto Internacional de Pequim Capital,1718,01:54 ~ 02:01,02:01 ~ 02:08
Aeroporto Internacional de Taiwan Taoyuan,Aeroporto Internacional de Pyongyang Sunan,1624,01:48 ~ 01:54,01:54 ~ 02:01
Aeroporto Internacional de Taiwan Taoyuan,Aeroporto Internacional de Incheon,1460,01:37 ~ 01:43,01:43 ~ 01:49
Aeroporto Internacional de Taiwan Taoyuan,Aeroporto Internacional Ninoy Aquino,1170,01:18 ~ 01:22,01:22 ~ 01:27
Aeroporto Internacional de Taiwan Taoyuan,Aeroporto Internacional de Hong Kong,806,00:53 ~ 00:56,00:56 ~ 01:00
Aeroporto Internacional de Taiwan Taoyuan,Aeroporto Internacional Indira Gandhi,4378,04:51 ~ 05:09,05:09 ~ 05:28
Aeroporto Internacional de Taiwan Taoyuan,Aeroporto Internacional Soekarno-Hatta (Jacarta),3796,04:13 ~ 04:27,04:27 ~ 04:44
Aeroporto Internacional de Taiwan Taoyuan,Aeroporto Internacional Ngurah Rai (Bali),3799,04:13 ~ 04:28,04:28 ~ 04:44
Aeroporto Internacional de Taiwan Taoyuan,Aeroporto Internacional de Narita (Tóquio),2183,02:25 ~ 02:34,02:34 ~ 02:43
Aeroporto Internacional de Taiwan Taoyuan,Aeroporto Internacional de Haneda (Tóquio),2123,02:21 ~ 02:29,02:29 ~ 02:39
Aeroporto Internacional de Taiwan Taoyuan,Aeroporto Internacional de Kansai (Osaka),1703,01:53 ~ 02:00,02:00 ~ 02:07
Aeroporto Internacional de Taiwan Taoyuan,Aeroporto Internacional de Wattay (Vientiane),2085,02:19 ~ 02:27,02:27 ~ 02:36
Aeroporto Internacional de Taiwan Taoyuan,Aeroporto Internacional de Kuala Lumpur (Sepang),3239,03:35 ~ 03:48,03:48 ~ 04:02
Aeroporto Internacional de Taiwan Taoyuan,Aeroporto Internacional de Penang (Penang),3129,03:28 ~ 03:40,03:40 ~ 03:54
Aeroporto Internacional de Taiwan Taoyuan,Aeroporto Internacional de Malé,5593,06:12 ~ 06:34,06:34 ~ 06:59
Aeroporto Internacional de Taiwan Taoyuan,Aeroporto Internacional de Changi,3212,03:34 ~ 03:46,03:46 ~ 04:00
Aeroporto Internacional de Taiwan Taoyuan,Aeroporto Internacional de Suvarnabhumi,2488,02:45 ~ 02:55,02:55 ~ 03:06
Aeroporto Internacional de Taiwan Taoyuan,Aeroporto Internacional Don Mueang,2487,02:45 ~ 02:55,02:55 ~ 03:06
Aeroporto Internacional de Taiwan Taoyuan,Aeroporto Internacional de Tan Son Nhat,2204,02:26 ~ 02:35,02:35 ~ 02:45
Aeroporto Internacional de Taiwan Taoyuan,Aeroporto Internacional de Noi Bai,1634,01:48 ~ 01:55,01:55 ~ 02:02
Aeroporto Internacional de Taiwan Taoyuan,Aeroporto de Frankfurt,9382,10:25 ~ 11:02,11:02 ~ 11:43
Aeroporto Internacional de Taiwan Taoyuan,Aeroporto de Dublin,9950,11:03 ~ 11:42,11:42 ~ 12:26
Aeroporto Internacional de Taiwan Taoyuan,Aeroporto de Varsóvia Chopin,8506,09:27 ~ 10:00,10:00 ~ 10:37
Aeroporto Internacional de Taiwan Taoyuan,Aeroporto de Oslo-Gardermoen,8656,09:37 ~ 10:11,10:11 ~ 10:49
Aeroporto Internacional de Taiwan Taoyuan,Aeroporto de Roma-Fiumicino,9625,10:41 ~ 11:19,11:19 ~ 12:01
Aeroporto Internacional de Taiwan Taoyuan,Aeroporto de Milão-Malpensa,9640,10:42 ~ 11:20,11:20 ~ 12:03
Aeroporto Internacional de Taiwan Taoyuan,Aeroporto de Praga,9029,10:01 ~ 10:37,10:37 ~ 11:17
Aeroporto Internacional de Taiwan Taoyuan,Aeroporto de Heathrow (Londres),9801,10:53 ~ 11:31,11:31 ~ 12:15
Aeroporto Internacional de Taiwan Taoyuan,Aeroporto de Gatwick (Londres),9810,10:54 ~ 11:32,11:32 ~ 12:15
Aeroporto Internacional de Taiwan Taoyuan,Aeroporto Internacional de Budapeste Ferenc Liszt,8838,09:49 ~ 10:23,10:23 ~ 11:02
Aeroporto Internacional de Taiwan Taoyuan,Aeroporto de Schiphol (Amsterdã),9460,10:30 ~ 11:07,11:07 ~ 11:49
Aeroporto Internacional de Taiwan Taoyuan,Aeroporto Internacional de Boryspil (Kiev),7926,08:48 ~ 09:19,09:19 ~ 09:54
Aeroporto Internacional de Taiwan Taoyuan,Aeroporto de Istambul,8419,09:21 ~ 09:54,09:54 ~ 10:31
Aeroporto Internacional de Taiwan Taoyuan,Aeroporto de Zurique,9540,10:35 ~ 11:13,11:13 ~ 11:55
Aeroporto Internacional de Taiwan Taoyuan,Aeroporto de Estocolmo-Arlanda,8343,09:16 ~ 09:48,09:48 ~ 10:25
Aeroporto Internacional de Taiwan Taoyuan,Aeroporto Nikola Tesla (Belgrado),8891,09:52 ~ 10:27,10:27 ~ 11:06
Aeroporto Internacional de Taiwan Taoyuan,Aeroporto Internacional Sheremetyevo (Moscou),7356,08:10 ~ 08:39,08:39 ~ 09:11
Aeroporto Internacional de Taiwan Taoyuan,Aeroporto de Pulkovo (São Petersburgo),7683,08:32 ~ 09:02,09:02 ~ 09:36
Aeroporto Internacional de Taiwan Taoyuan,Aeroporto Internacional Henri Coand? (Bucareste),8480,09:25 ~ 09:58,09:58 ~ 10:35
Aeroporto Internacional de Taiwan Taoyuan,Aeroporto Humberto Delgado (Lisboa),11258,12:30 ~ 13:14,13:14 ~ 14:04
Aeroporto Internacional de Taiwan Taoyuan,Aeroporto Francisco Sá Carneiro (Porto),11035,12:15 ~ 12:58,12:58 ~ 13:47
Aeroporto Internacional de Taiwan Taoyuan,Aeroporto Internacional de Malta,9791,10:52 ~ 11:31,11:31 ~ 12:14
Aeroporto Internacional de Taiwan Taoyuan,Aeroporto de Luxemburgo,9549,10:36 ~ 11:14,11:14 ~ 11:56
Aeroporto Internacional de Taiwan Taoyuan,Aeroporto Internacional de Vilnius,8138,09:02 ~ 09:34,09:34 ~ 10:10
Aeroporto Internacional de Taiwan Taoyuan,Aeroporto Internacional de Riga,8129,09:01 ~ 09:33,09:33 ~ 10:09
Aeroporto Internacional de Taiwan Taoyuan,Aeroporto Internacional Madre Teresa (Tirana),9097,10:06 ~ 10:42,10:42 ~ 11:22
Aeroporto Internacional de Taiwan Taoyuan,Aeroporto de Barcelona-El Prat (Espanha),10357,11:30 ~ 12:11,12:11 ~ 12:56
Aeroporto Internacional de Taiwan Taoyuan,Aeroporto de Toulouse-Blagnac (França),10242,11:22 ~ 12:02,12:02 ~ 12:48
Aeroporto Internacional de Taiwan Taoyuan,Aeroporto Internacional de Viena,8984,09:58 ~ 10:34,10:34 ~ 11:13
Aeroporto Internacional de Taiwan Taoyuan,Aeroporto de Bruxelas,9567,10:37 ~ 11:15,11:15 ~ 11:57
Aeroporto Internacional de Taiwan Taoyuan,Aeroporto de Sófia,8762,09:44 ~ 10:18,10:18 ~ 10:57
Aeroporto Internacional de Taiwan Taoyuan,Aeroporto de Bratislava,8938,09:55 ~ 10:30,10:30 ~ 11:10
Aeroporto Internacional de Taiwan Taoyuan,Aeroporto de Ljubljana Joe Pu?nik,9225,10:15 ~ 10:51,10:51 ~ 11:31
Aeroporto Internacional de Taiwan Taoyuan,Aeroporto Adolfo Suárez Madrid-Barajas,10780,11:58 ~ 12:40,12:40 ~ 13:28
Aeroporto Internacional de Taiwan Taoyuan,Aeroporto de Barcelona-El Prat,10357,11:30 ~ 12:11,12:11 ~ 12:56
Aeroporto Internacional de Taiwan Taoyuan,Aeroporto de Tallinn,7991,08:52 ~ 09:24,09:24 ~ 09:59
Aeroporto Internacional de Taiwan Taoyuan,Aeroporto de Vágar,9321,10:21 ~ 10:57,10:57 ~ 11:39
Aeroporto Internacional de Taiwan Taoyuan,Aeroporto de Helsinque,7950,08:50 ~ 09:21,09:21 ~ 09:56
Aeroporto Internacional de Taiwan Taoyuan,Aeroporto Internacional de Brasília,18498,20:33 ~ 21:45,21:45 ~ 23:07
Aeroporto Internacional de Taiwan Taoyuan,Aeroporto Internacional de Várzea Grande,18933,21:02 ~ 22:16,22:16 ~ 23:39
Aeroporto Internacional de Taiwan Taoyuan,Aeroporto Internacional de Belém,17162,19:04 ~ 20:11,20:11 ~ 21:27
Aeroporto Internacional de Taiwan Taoyuan,Aeroporto Internacional de Tabatinga,17472,19:24 ~ 20:33,20:33 ~ 21:50
Aeroporto Internacional de Taiwan Taoyuan,Aeroporto Internacional de Manaus,17561,19:30 ~ 20:39,20:39 ~ 21:57
Aeroporto Internacional de Taiwan Taoyuan,Aeroporto Internacional de Macapá,17106,19:00 ~ 20:07,20:07 ~ 21:22
Aeroporto Internacional de Taiwan Taoyuan,Aeroporto Internacional de Fortaleza,16816,18:41 ~ 19:47,19:47 ~ 21:01
Aeroporto Internacional de Taiwan Taoyuan,Aeroporto Internacional de Maceió,17006,18:53 ~ 20:00,20:00 ~ 21:15
Aeroporto Internacional de Taiwan Taoyuan,Aeroporto Internacional de Aracaju,17251,19:10 ~ 20:17,20:17 ~ 21:33
Aeroporto Internacional de Taiwan Taoyuan,Aeroporto Internacional de Belo Horizonte,18320,20:21 ~ 21:33,21:33 ~ 22:53
Aeroporto Internacional de Taiwan Taoyuan,Aeroporto Santos Dumont,18426,20:28 ~ 21:40,21:40 ~ 23:01
Aeroporto Internacional de Taiwan Taoyuan,Aeroporto Internacional do Rio de Janeiro,18431,20:28 ~ 21:41,21:41 ~ 23:02
Aeroporto Internacional de Taiwan Taoyuan,Aeroporto Internacional de Vitória,18059,20:03 ~ 21:14,21:14 ~ 22:34
Aeroporto Internacional de Taiwan Taoyuan,Aeroporto Internacional de São José dos Campos,18706,20:47 ~ 22:00,22:00 ~ 23:22
Aeroporto Internacional de Taiwan Taoyuan,Aeroporto Internacional de Viracopos,18905,21:00 ~ 22:14,22:14 ~ 23:37
Aeroporto Internacional de Taiwan Taoyuan,Aeroporto Internacional de Curitiba,19064,21:10 ~ 22:25,22:25 ~ 23:49
Aeroporto Internacional de Taiwan Taoyuan,Aeroporto Internacional de Florianópolis,18969,21:04 ~ 22:18,22:18 ~ 23:42
Aeroporto Internacional de Taiwan Taoyuan,Aeroporto Internacional de Navegantes,18998,21:06 ~ 22:21,22:21 ~ 23:44
Aeroporto Internacional de Taiwan Taoyuan,Aeroporto Internacional de Porto Alegre,19093,21:12 ~ 22:27,22:27 ~ 23:51
Aeroporto Internacional de Taiwan Taoyuan,Aeroporto de Copenhague,10057,11:10 ~ 11:49,11:49 ~ 12:34
Aeroporto Internacional de Taiwan Taoyuan,Aeroporto Internacional Hartsfield-Jackson Atlanta,12966,14:24 ~ 15:15,15:15 ~ 16:12
Aeroporto Internacional de Taiwan Taoyuan,Aeroporto de Teresina,17221,19:08 ~ 20:15,20:15 ~ 21:31
Aeroporto Internacional de Taiwan Taoyuan,Aeroporto Internacional de João Pessoa,16804,18:40 ~ 19:46,19:46 ~ 21:00
Aeroporto Internacional de Tan Son Nhat,Aeroporto Internacional de Guarulhos,16855,18:43 ~ 19:49,19:49 ~ 21:04
Aeroporto Internacional de Tan Son Nhat,Aeroporto Internacional do Recife,15809,17:33 ~ 18:35,18:35 ~ 19:45
Aeroporto Internacional de Tan Son Nhat,Aeroporto Internacional de Salvador,16216,18:01 ~ 19:04,19:04 ~ 20:16
Aeroporto Internacional de Tan Son Nhat,Aeroporto Internacional de Natal,15806,17:33 ~ 18:35,18:35 ~ 19:45
Aeroporto Internacional de Tan Son Nhat,Aeroporto Internacional de São Luís,16692,18:32 ~ 19:38,19:38 ~ 20:51
Aeroporto Internacional de Tan Son Nhat,Aeroporto Internacional Pinto Martins,16116,17:54 ~ 18:57,18:57 ~ 20:08
Aeroporto Internacional de Tan Son Nhat,Aeroporto Internacional de Nursultan Nazarbayev,5486,06:05 ~ 06:27,06:27 ~ 06:51
Aeroporto Internacional de Tan Son Nhat,Aeroporto Internacional de Xangai Pudong,2740,03:02 ~ 03:13,03:13 ~ 03:25
Aeroporto Internacional de Tan Son Nhat,Aeroporto Internacional de Pequim Capital,3386,03:45 ~ 03:59,03:59 ~ 04:13
Aeroporto Internacional de Tan Son Nhat,Aeroporto Internacional de Pyongyang Sunan,3669,04:04 ~ 04:18,04:18 ~ 04:35
Aeroporto Internacional de Tan Son Nhat,Aeroporto Internacional de Incheon,3555,03:57 ~ 04:10,04:10 ~ 04:26
Aeroporto Internacional de Tan Son Nhat,Aeroporto Internacional Ninoy Aquino,1613,01:47 ~ 01:53,01:53 ~ 02:00
Aeroporto Internacional de Tan Son Nhat,Aeroporto Internacional de Hong Kong,1488,01:39 ~ 01:45,01:45 ~ 01:51
Aeroporto Internacional de Tan Son Nhat,Aeroporto Internacional Indira Gandhi,3649,04:03 ~ 04:17,04:17 ~ 04:33
Aeroporto Internacional de Tan Son Nhat,Aeroporto Internacional Soekarno-Hatta (Jacarta),1874,02:04 ~ 02:12,02:12 ~ 02:20
Aeroporto Internacional de Tan Son Nhat,Aeroporto Internacional Ngurah Rai (Bali),2360,02:37 ~ 02:46,02:46 ~ 02:57
Aeroporto Internacional de Tan Son Nhat,Aeroporto Internacional de Narita (Tóquio),4381,04:52 ~ 05:09,05:09 ~ 05:28
Aeroporto Internacional de Tan Son Nhat,Aeroporto Internacional de Haneda (Tóquio),4322,04:48 ~ 05:05,05:05 ~ 05:24
Aeroporto Internacional de Tan Son Nhat,Aeroporto Internacional de Kansai (Osaka),3906,04:20 ~ 04:35,04:35 ~ 04:52
Aeroporto Internacional de Tan Son Nhat,Aeroporto Internacional de Wattay (Vientiane),906,01:00 ~ 01:03,01:03 ~ 01:07
Aeroporto Internacional de Tan Son Nhat,Aeroporto Internacional de Kuala Lumpur (Sepang),1047,01:09 ~ 01:13,01:13 ~ 01:18
Aeroporto Internacional de Tan Son Nhat,Aeroporto Internacional de Penang (Penang),930,01:02 ~ 01:05,01:05 ~ 01:09
Aeroporto Internacional de Tan Son Nhat,Aeroporto Internacional de Malé,3726,04:08 ~ 04:23,04:23 ~ 04:39
Aeroporto Internacional de Tan Son Nhat,Aeroporto Internacional de Changi,1087,01:12 ~ 01:16,01:16 ~ 01:21
Aeroporto Internacional de Tan Son Nhat,Aeroporto Internacional de Suvarnabhumi,717,00:47 ~ 00:50,00:50 ~ 00:53
Aeroporto Internacional de Tan Son Nhat,Aeroporto Internacional Don Mueang,742,00:49 ~ 00:52,00:52 ~ 00:55
Aeroporto Internacional de Tan Son Nhat,Aeroporto Internacional de Taiwan Taoyuan,2204,02:26 ~ 02:35,02:35 ~ 02:45
Aeroporto Internacional de Tan Son Nhat,Aeroporto Internacional de Noi Bai,1155,01:17 ~ 01:21,01:21 ~ 01:26
Aeroporto Internacional de Tan Son Nhat,Aeroporto de Frankfurt,9665,10:44 ~ 11:22,11:22 ~ 12:04
Aeroporto Internacional de Tan Son Nhat,Aeroporto de Dublin,10509,11:40 ~ 12:21,12:21 ~ 13:08
Aeroporto Internacional de Tan Son Nhat,Aeroporto de Varsóvia Chopin,8773,09:44 ~ 10:19,10:19 ~ 10:57
Aeroporto Internacional de Tan Son Nhat,Aeroporto de Oslo-Gardermoen,9275,10:18 ~ 10:54,10:54 ~ 11:35
Aeroporto Internacional de Tan Son Nhat,Aeroporto de Roma-Fiumicino,9579,10:38 ~ 11:16,11:16 ~ 11:58
Aeroporto Internacional de Tan Son Nhat,Aeroporto de Milão-Malpensa,9766,10:51 ~ 11:29,11:29 ~ 12:12
Aeroporto Internacional de Tan Son Nhat,Aeroporto de Praga,9264,10:17 ~ 10:53,10:53 ~ 11:34
Aeroporto Internacional de Tan Son Nhat,Aeroporto de Heathrow (Londres),10229,11:21 ~ 12:02,12:02 ~ 12:47
Aeroporto Internacional de Tan Son Nhat,Aeroporto de Gatwick (Londres),10224,11:21 ~ 12:01,12:01 ~ 12:46
Aeroporto Internacional de Tan Son Nhat,Aeroporto Internacional de Budapeste Ferenc Liszt,8937,09:55 ~ 10:30,10:30 ~ 11:10
Aeroporto Internacional de Tan Son Nhat,Aeroporto de Schiphol (Amsterdã),9859,10:57 ~ 11:35,11:35 ~ 12:19
Aeroporto Internacional de Tan Son Nhat,Aeroporto Internacional de Boryspil (Kiev),8079,08:58 ~ 09:30,09:30 ~ 10:05
Aeroporto Internacional de Tan Son Nhat,Aeroporto de Istambul,8211,09:07 ~ 09:39,09:39 ~ 10:15
Aeroporto Internacional de Tan Son Nhat,Aeroporto de Zurique,9732,10:48 ~ 11:26,11:26 ~ 12:09
Aeroporto Internacional de Tan Son Nhat,Aeroporto de Estocolmo-Arlanda,8905,09:53 ~ 10:28,10:28 ~ 11:07
Aeroporto Internacional de Tan Son Nhat,Aeroporto Nikola Tesla (Belgrado),8885,09:52 ~ 10:27,10:27 ~ 11:06
Aeroporto Internacional de Tan Son Nhat,Aeroporto Internacional Sheremetyevo (Moscou),7728,08:35 ~ 09:05,09:05 ~ 09:39
Aeroporto Internacional de Tan Son Nhat,Aeroporto de Pulkovo (São Petersburgo),8212,09:07 ~ 09:39,09:39 ~ 10:15
Aeroporto Internacional de Tan Son Nhat,Aeroporto Internacional Henri Coand? (Bucareste),8426,09:21 ~ 09:54,09:54 ~ 10:31
Aeroporto Internacional de Tan Son Nhat,Aeroporto Humberto Delgado (Lisboa),11407,12:40 ~ 13:25,13:25 ~ 14:15
Aeroporto Internacional de Tan Son Nhat,Aeroporto Francisco Sá Carneiro (Porto),11253,12:30 ~ 13:14,13:14 ~ 14:03
Aeroporto Internacional de Tan Son Nhat,Aeroporto Internacional de Malta,9510,10:33 ~ 11:11,11:11 ~ 11:53
Aeroporto Internacional de Tan Son Nhat,Aeroporto de Luxemburgo,9841,10:56 ~ 11:34,11:34 ~ 12:18
Aeroporto Internacional de Tan Son Nhat,Aeroporto Internacional de Vilnius,8478,09:25 ~ 09:58,09:58 ~ 10:35
Aeroporto Internacional de Tan Son Nhat,Aeroporto Internacional de Riga,8562,09:30 ~ 10:04,10:04 ~ 10:42
Aeroporto Internacional de Tan Son Nhat,Aeroporto Internacional Madre Teresa (Tirana),8968,09:57 ~ 10:33,10:33 ~ 11:12
Aeroporto Internacional de Tan Son Nhat,Aeroporto de Barcelona-El Prat (Espanha),10414,11:34 ~ 12:15,12:15 ~ 13:01
Aeroporto Internacional de Tan Son Nhat,Aeroporto de Toulouse-Blagnac (França),10388,11:32 ~ 12:13,12:13 ~ 12:59
Aeroporto Internacional de Tan Son Nhat,Aeroporto Internacional de Viena,9128,10:08 ~ 10:44,10:44 ~ 11:24
Aeroporto Internacional de Tan Son Nhat,Aeroporto de Bruxelas,9921,11:01 ~ 11:40,11:40 ~ 12:24
Aeroporto Internacional de Tan Son Nhat,Aeroporto de Sófia,8653,09:36 ~ 10:10,10:10 ~ 10:48
Aeroporto Internacional de Tan Son Nhat,Aeroporto de Bratislava,9080,10:05 ~ 10:40,10:40 ~ 11:20
Aeroporto Internacional de Tan Son Nhat,Aeroporto de Ljubljana Joe Pu?nik,9317,10:21 ~ 10:57,10:57 ~ 11:38
Aeroporto Internacional de Tan Son Nhat,Aeroporto Adolfo Suárez Madrid-Barajas,10891,12:06 ~ 12:48,12:48 ~ 13:36
Aeroporto Internacional de Tan Son Nhat,Aeroporto de Barcelona-El Prat,10414,11:34 ~ 12:15,12:15 ~ 13:01
Aeroporto Internacional de Tan Son Nhat,Aeroporto de Tallinn,8516,09:27 ~ 10:01,10:01 ~ 10:38
Aeroporto Internacional de Tan Son Nhat,Aeroporto de Vágar,10149,11:16 ~ 11:56,11:56 ~ 12:41
Aeroporto Internacional de Tan Son Nhat,Aeroporto de Helsinque,8511,09:27 ~ 10:00,10:00 ~ 10:38
Aeroporto Internacional de Tan Son Nhat,Aeroporto Internacional de Brasília,17227,19:08 ~ 20:16,20:16 ~ 21:32
Aeroporto Internacional de Tan Son Nhat,Aeroporto Internacional de Várzea Grande,18124,20:08 ~ 21:19,21:19 ~ 22:39
Aeroporto Internacional de Tan Son Nhat,Aeroporto Internacional de Belém,17092,18:59 ~ 20:06,20:06 ~ 21:21
Aeroporto Internacional de Tan Son Nhat,Aeroporto Internacional de Tabatinga,18881,20:58 ~ 22:12,22:12 ~ 23:36
Aeroporto Internacional de Tan Son Nhat,Aeroporto Internacional de Manaus,18326,20:21 ~ 21:33,21:33 ~ 22:54
Aeroporto Internacional de Tan Son Nhat,Aeroporto Internacional de Macapá,17289,19:12 ~ 20:20,20:20 ~ 21:36
Aeroporto Internacional de Tan Son Nhat,Aeroporto Internacional de Fortaleza,16116,17:54 ~ 18:57,18:57 ~ 20:08
Aeroporto Internacional de Tan Son Nhat,Aeroporto Internacional de Maceió,15910,17:40 ~ 18:43,18:43 ~ 19:53
Aeroporto Internacional de Tan Son Nhat,Aeroporto Internacional de Aracaju,16072,17:51 ~ 18:54,18:54 ~ 20:05
Aeroporto Internacional de Tan Son Nhat,Aeroporto Internacional de Belo Horizonte,16661,18:30 ~ 19:36,19:36 ~ 20:49
Aeroporto Internacional de Tan Son Nhat,Aeroporto Santos Dumont,16556,18:23 ~ 19:28,19:28 ~ 20:41
Aeroporto Internacional de Tan Son Nhat,Aeroporto Internacional do Rio de Janeiro,16567,18:24 ~ 19:29,19:29 ~ 20:42
Aeroporto Internacional de Tan Son Nhat,Aeroporto Internacional de Vitória,16344,18:09 ~ 19:13,19:13 ~ 20:25
Aeroporto Internacional de Tan Son Nhat,Aeroporto Internacional de São José dos Campos,16810,18:40 ~ 19:46,19:46 ~ 21:00
Aeroporto Internacional de Tan Son Nhat,Aeroporto Internacional de Viracopos,16999,18:53 ~ 19:59,19:59 ~ 21:14
Aeroporto Internacional de Tan Son Nhat,Aeroporto Internacional de Curitiba,17017,18:54 ~ 20:01,20:01 ~ 21:16
Aeroporto Internacional de Tan Son Nhat,Aeroporto Internacional de Florianópolis,16830,18:41 ~ 19:48,19:48 ~ 21:02
Aeroporto Internacional de Tan Son Nhat,Aeroporto Internacional de Navegantes,16883,18:45 ~ 19:51,19:51 ~ 21:06
Aeroporto Internacional de Tan Son Nhat,Aeroporto Internacional de Porto Alegre,16891,18:46 ~ 19:52,19:52 ~ 21:06
Aeroporto Internacional de Tan Son Nhat,Aeroporto de Copenhague,10763,11:57 ~ 12:39,12:39 ~ 13:27
Aeroporto Internacional de Tan Son Nhat,Aeroporto Internacional Hartsfield-Jackson Atlanta,14947,16:36 ~ 17:35,17:35 ~ 18:41
Aeroporto Internacional de Tan Son Nhat,Aeroporto de Teresina,16613,18:27 ~ 19:32,19:32 ~ 20:45
Aeroporto Internacional de Tan Son Nhat,Aeroporto Internacional de João Pessoa,15797,17:33 ~ 18:35,18:35 ~ 19:44
Aeroporto Internacional de Noi Bai,Aeroporto Internacional de Guarulhos,17171,19:04 ~ 20:12,20:12 ~ 21:27
Aeroporto Internacional de Noi Bai,Aeroporto Internacional do Recife,15576,17:18 ~ 18:19,18:19 ~ 19:28
Aeroporto Internacional de Noi Bai,Aeroporto Internacional de Salvador,16116,17:54 ~ 18:57,18:57 ~ 20:08
Aeroporto Internacional de Noi Bai,Aeroporto Internacional de Natal,15501,17:13 ~ 18:14,18:14 ~ 19:22
Aeroporto Internacional de Noi Bai,Aeroporto Internacional de São Luís,16181,17:58 ~ 19:02,19:02 ~ 20:13
Aeroporto Internacional de Noi Bai,Aeroporto Internacional Pinto Martins,15717,17:27 ~ 18:29,18:29 ~ 19:38
Aeroporto Internacional de Noi Bai,Aeroporto Internacional de Nursultan Nazarbayev,4453,04:56 ~ 05:14,05:14 ~ 05:33
Aeroporto Internacional de Noi Bai,Aeroporto Internacional de Xangai Pudong,1937,02:09 ~ 02:16,02:16 ~ 02:25
Aeroporto Internacional de Noi Bai,Aeroporto Internacional de Pequim Capital,2327,02:35 ~ 02:44,02:44 ~ 02:54
Aeroporto Internacional de Noi Bai,Aeroporto Internacional de Pyongyang Sunan,2752,03:03 ~ 03:14,03:14 ~ 03:26
Aeroporto Internacional de Noi Bai,Aeroporto Internacional de Incheon,2683,02:58 ~ 03:09,03:09 ~ 03:21
Aeroporto Internacional de Noi Bai,Aeroporto Internacional Ninoy Aquino,1773,01:58 ~ 02:05,02:05 ~ 02:12
Aeroporto Internacional de Noi Bai,Aeroporto Internacional de Hong Kong,847,00:56 ~ 00:59,00:59 ~ 01:03
Aeroporto Internacional de Noi Bai,Aeroporto Internacional Indira Gandhi,3003,03:20 ~ 03:31,03:31 ~ 03:45
Aeroporto Internacional de Noi Bai,Aeroporto Internacional Soekarno-Hatta (Jacarta),3026,03:21 ~ 03:33,03:33 ~ 03:46
Aeroporto Internacional de Noi Bai,Aeroporto Internacional Ngurah Rai (Bali),3469,03:51 ~ 04:04,04:04 ~ 04:20
Aeroporto Internacional de Noi Bai,Aeroporto Internacional de Narita (Tóquio),3723,04:08 ~ 04:22,04:22 ~ 04:39
Aeroporto Internacional de Noi Bai,Aeroporto Internacional de Haneda (Tóquio),3664,04:04 ~ 04:18,04:18 ~ 04:34
Aeroporto Internacional de Noi Bai,Aeroporto Internacional de Kansai (Osaka),3231,03:35 ~ 03:48,03:48 ~ 04:02
Aeroporto Internacional de Noi Bai,Aeroporto Internacional de Wattay (Vientiane),496,00:33 ~ 00:35,00:35 ~ 00:37
Aeroporto Internacional de Noi Bai,Aeroporto Internacional de Kuala Lumpur (Sepang),2092,02:19 ~ 02:27,02:27 ~ 02:36
Aeroporto Internacional de Noi Bai,Aeroporto Internacional de Penang (Penang),1860,02:04 ~ 02:11,02:11 ~ 02:19
Aeroporto Internacional de Noi Bai,Aeroporto Internacional de Malé,3965,04:24 ~ 04:39,04:39 ~ 04:57
Aeroporto Internacional de Noi Bai,Aeroporto Internacional de Changi,2206,02:27 ~ 02:35,02:35 ~ 02:45
Aeroporto Internacional de Noi Bai,Aeroporto Internacional de Suvarnabhumi,992,01:06 ~ 01:10,01:10 ~ 01:14
Aeroporto Internacional de Noi Bai,Aeroporto Internacional Don Mueang,979,01:05 ~ 01:09,01:09 ~ 01:13
Aeroporto Internacional de Noi Bai,Aeroporto Internacional de Taiwan Taoyuan,1634,01:48 ~ 01:55,01:55 ~ 02:02
Aeroporto Internacional de Noi Bai,Aeroporto Internacional de Tan Son Nhat,1155,01:17 ~ 01:21,01:21 ~ 01:26
Aeroporto Internacional de Noi Bai,Aeroporto de Frankfurt,8726,09:41 ~ 10:15,10:15 ~ 10:54
Aeroporto Internacional de Noi Bai,Aeroporto de Dublin,9500,10:33 ~ 11:10,11:10 ~ 11:52
Aeroporto Internacional de Noi Bai,Aeroporto de Varsóvia Chopin,7827,08:41 ~ 09:12,09:12 ~ 09:47
Aeroporto Internacional de Noi Bai,Aeroporto de Oslo-Gardermoen,8237,09:09 ~ 09:41,09:41 ~ 10:17
Aeroporto Internacional de Noi Bai,Aeroporto de Roma-Fiumicino,8753,09:43 ~ 10:17,10:17 ~ 10:56
Aeroporto Internacional de Noi Bai,Aeroporto de Milão-Malpensa,8880,09:52 ~ 10:26,10:26 ~ 11:05
Aeroporto Internacional de Noi Bai,Aeroporto de Praga,8335,09:15 ~ 09:48,09:48 ~ 10:25
Aeroporto Internacional de Noi Bai,Aeroporto de Heathrow (Londres),9253,10:16 ~ 10:53,10:53 ~ 11:33
Aeroporto Internacional de Noi Bai,Aeroporto de Gatwick (Londres),9252,10:16 ~ 10:53,10:53 ~ 11:33
Aeroporto Internacional de Noi Bai,Aeroporto Internacional de Budapeste Ferenc Liszt,8049,08:56 ~ 09:28,09:28 ~ 10:03
Aeroporto Internacional de Noi Bai,Aeroporto de Schiphol (Amsterdã),8887,09:52 ~ 10:27,10:27 ~ 11:06
Aeroporto Internacional de Noi Bai,Aeroporto Internacional de Boryspil (Kiev),7160,07:57 ~ 08:25,08:25 ~ 08:56
Aeroporto Internacional de Noi Bai,Aeroporto de Istambul,7427,08:15 ~ 08:44,08:44 ~ 09:17
Aeroporto Internacional de Noi Bai,Aeroporto de Zurique,8823,09:48 ~ 10:22,10:22 ~ 11:01
Aeroporto Internacional de Noi Bai,Aeroporto de Estocolmo-Arlanda,7877,08:45 ~ 09:16,09:16 ~ 09:50
Aeroporto Internacional de Noi Bai,Aeroporto Nikola Tesla (Belgrado),8034,08:55 ~ 09:27,09:27 ~ 10:02
Aeroporto Internacional de Noi Bai,Aeroporto Internacional Sheremetyevo (Moscou),6737,07:29 ~ 07:55,07:55 ~ 08:25
Aeroporto Internacional de Noi Bai,Aeroporto de Pulkovo (São Petersburgo),7185,07:59 ~ 08:27,08:27 ~ 08:58
Aeroporto Internacional de Noi Bai,Aeroporto Internacional Henri Coand? (Bucareste),7586,08:25 ~ 08:55,08:55 ~ 09:28
Aeroporto Internacional de Noi Bai,Aeroporto Humberto Delgado (Lisboa),10535,11:42 ~ 12:23,12:23 ~ 13:10
Aeroporto Internacional de Noi Bai,Aeroporto Francisco Sá Carneiro (Porto),10356,11:30 ~ 12:11,12:11 ~ 12:56
Aeroporto Internacional de Noi Bai,Aeroporto Internacional de Malta,8775,09:45 ~ 10:19,10:19 ~ 10:58
Aeroporto Internacional de Noi Bai,Aeroporto de Luxemburgo,8901,09:53 ~ 10:28,10:28 ~ 11:07
Aeroporto Internacional de Noi Bai,Aeroporto Internacional de Vilnius,7506,08:20 ~ 08:49,08:49 ~ 09:22
Aeroporto Internacional de Noi Bai,Aeroporto Internacional de Riga,7565,08:24 ~ 08:54,08:54 ~ 09:27
Aeroporto Internacional de Noi Bai,Aeroporto Internacional Madre Teresa (Tirana),8165,09:04 ~ 09:36,09:36 ~ 10:12
Aeroporto Internacional de Noi Bai,Aeroporto de Barcelona-El Prat (Espanha),9561,10:37 ~ 11:14,11:14 ~ 11:57
Aeroporto Internacional de Noi Bai,Aeroporto de Toulouse-Blagnac (França),9503,10:33 ~ 11:10,11:10 ~ 11:52
Aeroporto Internacional de Noi Bai,Aeroporto Internacional de Viena,8228,09:08 ~ 09:40,09:40 ~ 10:17
Aeroporto Internacional de Noi Bai,Aeroporto de Bruxelas,8963,09:57 ~ 10:32,10:32 ~ 11:12
Aeroporto Internacional de Noi Bai,Aeroporto de Sófia,7837,08:42 ~ 09:13,09:13 ~ 09:47
Aeroporto Internacional de Noi Bai,Aeroporto de Bratislava,8179,09:05 ~ 09:37,09:37 ~ 10:13
Aeroporto Internacional de Noi Bai,Aeroporto de Ljubljana Joe Pu?nik,8437,09:22 ~ 09:55,09:55 ~ 10:32
Aeroporto Internacional de Noi Bai,Aeroporto Adolfo Suárez Madrid-Barajas,10025,11:08 ~ 11:47,11:47 ~ 12:31
Aeroporto Internacional de Noi Bai,Aeroporto de Barcelona-El Prat,9561,10:37 ~ 11:14,11:14 ~ 11:57
Aeroporto Internacional de Noi Bai,Aeroporto de Tallinn,7493,08:19 ~ 08:48,08:48 ~ 09:21
Aeroporto Internacional de Noi Bai,Aeroporto de Vágar,9072,10:04 ~ 10:40,10:40 ~ 11:20
Aeroporto Internacional de Noi Bai,Aeroporto de Helsinque,7479,08:18 ~ 08:47,08:47 ~ 09:20
Aeroporto Internacional de Noi Bai,Aeroporto Internacional de Brasília,17202,19:06 ~ 20:14,20:14 ~ 21:30
Aeroporto Internacional de Noi Bai,Aeroporto Internacional de Várzea Grande,18058,20:03 ~ 21:14,21:14 ~ 22:34
Aeroporto Internacional de Noi Bai,Aeroporto Internacional de Belém,16473,18:18 ~ 19:22,19:22 ~ 20:35
Aeroporto Internacional de Noi Bai,Aeroporto Internacional de Tabatinga,17853,19:50 ~ 21:00,21:00 ~ 22:18
Aeroporto Internacional de Noi Bai,Aeroporto Internacional de Manaus,17487,19:25 ~ 20:34,20:34 ~ 21:51
Aeroporto Internacional de Noi Bai,Aeroporto Internacional de Macapá,16579,18:25 ~ 19:30,19:30 ~ 20:43
Aeroporto Internacional de Noi Bai,Aeroporto Internacional de Fortaleza,15718,17:27 ~ 18:29,18:29 ~ 19:38
Aeroporto Internacional de Noi Bai,Aeroporto Internacional de Maceió,15699,17:26 ~ 18:28,18:28 ~ 19:37
Aeroporto Internacional de Noi Bai,Aeroporto Internacional de Aracaju,15913,17:40 ~ 18:43,18:43 ~ 19:53
Aeroporto Internacional de Noi Bai,Aeroporto Internacional de Belo Horizonte,16804,18:40 ~ 19:46,19:46 ~ 21:00
Aeroporto Internacional de Noi Bai,Aeroporto Santos Dumont,16831,18:42 ~ 19:48,19:48 ~ 21:02
Aeroporto Internacional de Noi Bai,Aeroporto Internacional do Rio de Janeiro,16838,18:42 ~ 19:48,19:48 ~ 21:02
Aeroporto Internacional de Noi Bai,Aeroporto Internacional de Vitória,16508,18:20 ~ 19:25,19:25 ~ 20:38
Aeroporto Internacional de Noi Bai,Aeroporto Internacional de São José dos Campos,17111,19:00 ~ 20:07,20:07 ~ 21:23
Aeroporto Internacional de Noi Bai,Aeroporto Internacional de Viracopos,17315,19:14 ~ 20:22,20:22 ~ 21:38
Aeroporto Internacional de Noi Bai,Aeroporto Internacional de Curitiba,17437,19:22 ~ 20:30,20:30 ~ 21:47
Aeroporto Internacional de Noi Bai,Aeroporto Internacional de Florianópolis,17339,19:15 ~ 20:23,20:23 ~ 21:40
Aeroporto Internacional de Noi Bai,Aeroporto Internacional de Navegantes,17364,19:17 ~ 20:25,20:25 ~ 21:42
Aeroporto Internacional de Noi Bai,Aeroporto Internacional de Porto Alegre,17525,19:28 ~ 20:37,20:37 ~ 21:54
Aeroporto Internacional de Noi Bai,Aeroporto de Copenhague,9719,10:47 ~ 11:26,11:26 ~ 12:08
Aeroporto Internacional de Noi Bai,Aeroporto Internacional Hartsfield-Jackson Atlanta,13837,15:22 ~ 16:16,16:16 ~ 17:17
Aeroporto Internacional de Noi Bai,Aeroporto de Teresina,16200,18:00 ~ 19:03,19:03 ~ 20:15
Aeroporto Internacional de Noi Bai,Aeroporto Internacional de João Pessoa,15535,17:15 ~ 18:16,18:16 ~ 19:25
Aeroporto de Frankfurt,Aeroporto Internacional de Guarulhos,9776,10:51 ~ 11:30,11:30 ~ 12:13
Aeroporto de Frankfurt,Aeroporto Internacional do Recife,7693,08:32 ~ 09:03,09:03 ~ 09:36
Aeroporto de Frankfurt,Aeroporto Internacional de Salvador,8336,09:15 ~ 09:48,09:48 ~ 10:25
Aeroporto de Frankfurt,Aeroporto Internacional de Natal,7482,08:18 ~ 08:48,08:48 ~ 09:21
Aeroporto de Frankfurt,Aeroporto Internacional de São Luís,7697,08:33 ~ 09:03,09:03 ~ 09:37
Aeroporto de Frankfurt,Aeroporto Internacional Pinto Martins,7471,08:18 ~ 08:47,08:47 ~ 09:20
Aeroporto de Frankfurt,Aeroporto Internacional de Nursultan Nazarbayev,4322,04:48 ~ 05:05,05:05 ~ 05:24
Aeroporto de Frankfurt,Aeroporto Internacional de Xangai Pudong,8878,09:51 ~ 10:26,10:26 ~ 11:05
Aeroporto de Frankfurt,Aeroporto Internacional de Pequim Capital,7809,08:40 ~ 09:11,09:11 ~ 09:45
Aeroporto de Frankfurt,Aeroporto Internacional de Pyongyang Sunan,8367,09:17 ~ 09:50,09:50 ~ 10:27
Aeroporto de Frankfurt,Aeroporto Internacional de Incheon,8566,09:31 ~ 10:04,10:04 ~ 10:42
Aeroporto de Frankfurt,Aeroporto Internacional Ninoy Aquino,10310,11:27 ~ 12:07,12:07 ~ 12:53
Aeroporto de Frankfurt,Aeroporto Internacional de Hong Kong,9169,10:11 ~ 10:47,10:47 ~ 11:27
Aeroporto de Frankfurt,Aeroporto Internacional Indira Gandhi,6133,06:48 ~ 07:12,07:12 ~ 07:39
Aeroporto de Frankfurt,Aeroporto Internacional Soekarno-Hatta (Jacarta),11106,12:20 ~ 13:03,13:03 ~ 13:52
Aeroporto de Frankfurt,Aeroporto Internacional Ngurah Rai (Bali),11935,13:15 ~ 14:02,14:02 ~ 14:55
Aeroporto de Frankfurt,Aeroporto Internacional de Narita (Tóquio),9390,10:26 ~ 11:02,11:02 ~ 11:44
Aeroporto de Frankfurt,Aeroporto Internacional de Haneda (Tóquio),9384,10:25 ~ 11:02,11:02 ~ 11:43
Aeroporto de Frankfurt,Aeroporto Internacional de Kansai (Osaka),9282,10:18 ~ 10:55,10:55 ~ 11:36
Aeroporto de Frankfurt,Aeroporto Internacional de Wattay (Vientiane),8776,09:45 ~ 10:19,10:19 ~ 10:58
Aeroporto de Frankfurt,Aeroporto Internacional de Kuala Lumpur (Sepang),10001,11:06 ~ 11:45,11:45 ~ 12:30
Aeroporto de Frankfurt,Aeroporto Internacional de Penang (Penang),9683,10:45 ~ 11:23,11:23 ~ 12:06
Aeroporto de Frankfurt,Aeroporto Internacional de Malé,7881,08:45 ~ 09:16,09:16 ~ 09:51
Aeroporto de Frankfurt,Aeroporto Internacional de Changi,10281,11:25 ~ 12:05,12:05 ~ 12:51
Aeroporto de Frankfurt,Aeroporto Internacional de Suvarnabhumi,9008,10:00 ~ 10:35,10:35 ~ 11:15
Aeroporto de Frankfurt,Aeroporto Internacional Don Mueang,8979,09:58 ~ 10:33,10:33 ~ 11:13
Aeroporto de Frankfurt,Aeroporto Internacional de Taiwan Taoyuan,9382,10:25 ~ 11:02,11:02 ~ 11:43
Aeroporto de Frankfurt,Aeroporto Internacional de Tan Son Nhat,9665,10:44 ~ 11:22,11:22 ~ 12:04
Aeroporto de Frankfurt,Aeroporto Internacional de Noi Bai,8726,09:41 ~ 10:15,10:15 ~ 10:54
Aeroporto de Frankfurt,Aeroporto de Dublin,1088,01:12 ~ 01:16,01:16 ~ 01:21
Aeroporto de Frankfurt,Aeroporto de Varsóvia Chopin,899,00:59 ~ 01:03,01:03 ~ 01:07
Aeroporto de Frankfurt,Aeroporto de Oslo-Gardermoen,1144,01:16 ~ 01:20,01:20 ~ 01:25
Aeroporto de Frankfurt,Aeroporto de Roma-Fiumicino,958,01:03 ~ 01:07,01:07 ~ 01:11
Aeroporto de Frankfurt,Aeroporto de Milão-Malpensa,490,00:32 ~ 00:34,00:34 ~ 00:36
Aeroporto de Frankfurt,Aeroporto de Praga,407,00:27 ~ 00:28,00:28 ~ 00:30
Aeroporto de Frankfurt,Aeroporto de Heathrow (Londres),657,00:43 ~ 00:46,00:46 ~ 00:49
Aeroporto de Frankfurt,Aeroporto de Gatwick (Londres),632,00:42 ~ 00:44,00:44 ~ 00:47
Aeroporto de Frankfurt,Aeroporto Internacional de Budapeste Ferenc Liszt,836,00:55 ~ 00:59,00:59 ~ 01:02
Aeroporto de Frankfurt,Aeroporto de Schiphol (Amsterdã),367,00:24 ~ 00:25,00:25 ~ 00:27
Aeroporto de Frankfurt,Aeroporto Internacional de Boryspil (Kiev),1589,01:45 ~ 01:52,01:52 ~ 01:59
Aeroporto de Frankfurt,Aeroporto de Istambul,1866,02:04 ~ 02:11,02:11 ~ 02:19
Aeroporto de Frankfurt,Aeroporto de Zurique,286,00:19 ~ 00:20,00:20 ~ 00:21
Aeroporto de Frankfurt,Aeroporto de Estocolmo-Arlanda,1225,01:21 ~ 01:26,01:26 ~ 01:31
Aeroporto de Frankfurt,Aeroporto Nikola Tesla (Belgrado),1055,01:10 ~ 01:14,01:14 ~ 01:19
Aeroporto de Frankfurt,Aeroporto Internacional Sheremetyevo (Moscou),2028,02:15 ~ 02:23,02:23 ~ 02:32
Aeroporto de Frankfurt,Aeroporto de Pulkovo (São Petersburgo),1752,01:56 ~ 02:03,02:03 ~ 02:11
Aeroporto de Frankfurt,Aeroporto Internacional Henri Coand? (Bucareste),1454,01:36 ~ 01:42,01:42 ~ 01:49
Aeroporto de Frankfurt,Aeroporto Humberto Delgado (Lisboa),1877,02:05 ~ 02:12,02:12 ~ 02:20
Aeroporto de Frankfurt,Aeroporto Francisco Sá Carneiro (Porto),1656,01:50 ~ 01:56,01:56 ~ 02:04
Aeroporto de Frankfurt,Aeroporto Internacional de Malta,1645,01:49 ~ 01:56,01:56 ~ 02:03
Aeroporto de Frankfurt,Aeroporto de Luxemburgo,176,00:11 ~ 00:12,00:12 ~ 00:13
Aeroporto de Frankfurt,Aeroporto Internacional de Vilnius,1246,01:23 ~ 01:27,01:27 ~ 01:33
Aeroporto de Frankfurt,Aeroporto Internacional de Riga,1274,01:24 ~ 01:29,01:29 ~ 01:35
Aeroporto de Frankfurt,Aeroporto Internacional Madre Teresa (Tirana),1290,01:26 ~ 01:31,01:31 ~ 01:36
Aeroporto de Frankfurt,Aeroporto de Barcelona-El Prat (Espanha),1095,01:12 ~ 01:17,01:17 ~ 01:22
Aeroporto de Frankfurt,Aeroporto de Toulouse-Blagnac (França),897,00:59 ~ 01:03,01:03 ~ 01:07
Aeroporto de Frankfurt,Aeroporto Internacional de Viena,622,00:41 ~ 00:43,00:43 ~ 00:46
Aeroporto de Frankfurt,Aeroporto de Bruxelas,306,00:20 ~ 00:21,00:21 ~ 00:22
Aeroporto de Frankfurt,Aeroporto de Sófia,1399,01:33 ~ 01:38,01:38 ~ 01:44
Aeroporto de Frankfurt,Aeroporto de Bratislava,663,00:44 ~ 00:46,00:46 ~ 00:49
Aeroporto de Frankfurt,Aeroporto de Ljubljana Joe Pu?nik,609,00:40 ~ 00:42,00:42 ~ 00:45
Aeroporto de Frankfurt,Aeroporto Adolfo Suárez Madrid-Barajas,1422,01:34 ~ 01:40,01:40 ~ 01:46
Aeroporto de Frankfurt,Aeroporto de Barcelona-El Prat,1094,01:12 ~ 01:17,01:17 ~ 01:22
Aeroporto de Frankfurt,Aeroporto de Tallinn,1470,01:38 ~ 01:43,01:43 ~ 01:50
Aeroporto de Frankfurt,Aeroporto de Vágar,1655,01:50 ~ 01:56,01:56 ~ 02:04
Aeroporto de Frankfurt,Aeroporto de Helsinque,1542,01:42 ~ 01:48,01:48 ~ 01:55
Aeroporto de Frankfurt,Aeroporto Internacional de Brasília,9150,10:09 ~ 10:45,10:45 ~ 11:26
Aeroporto de Frankfurt,Aeroporto Internacional de Várzea Grande,9644,10:42 ~ 11:20,11:20 ~ 12:03
Aeroporto de Frankfurt,Aeroporto Internacional de Belém,7851,08:43 ~ 09:14,09:14 ~ 09:48
Aeroporto de Frankfurt,Aeroporto Internacional de Tabatinga,9217,10:14 ~ 10:50,10:50 ~ 11:31
Aeroporto de Frankfurt,Aeroporto Internacional de Manaus,8763,09:44 ~ 10:18,10:18 ~ 10:57
Aeroporto de Frankfurt,Aeroporto Internacional de Macapá,7891,08:46 ~ 09:17,09:17 ~ 09:51
Aeroporto de Frankfurt,Aeroporto Internacional de Fortaleza,7472,08:18 ~ 08:47,08:47 ~ 09:20
Aeroporto de Frankfurt,Aeroporto Internacional de Maceió,7825,08:41 ~ 09:12,09:12 ~ 09:46
Aeroporto de Frankfurt,Aeroporto Internacional de Aracaju,8080,08:58 ~ 09:30,09:30 ~ 10:05
Aeroporto de Frankfurt,Aeroporto Internacional de Belo Horizonte,9242,10:16 ~ 10:52,10:52 ~ 11:33
Aeroporto de Frankfurt,Aeroporto Santos Dumont,9551,10:36 ~ 11:14,11:14 ~ 11:56
Aeroporto de Frankfurt,Aeroporto Internacional do Rio de Janeiro,9545,10:36 ~ 11:13,11:13 ~ 11:55
Aeroporto de Frankfurt,Aeroporto Internacional de Vitória,9148,10:09 ~ 10:45,10:45 ~ 11:26
Aeroporto de Frankfurt,Aeroporto Internacional de São José dos Campos,9722,10:48 ~ 11:26,11:26 ~ 12:09
Aeroporto de Frankfurt,Aeroporto Internacional de Viracopos,9830,10:55 ~ 11:33,11:33 ~ 12:17
Aeroporto de Frankfurt,Aeroporto Internacional de Curitiba,10093,11:12 ~ 11:52,11:52 ~ 12:36
Aeroporto de Frankfurt,Aeroporto Internacional de Florianópolis,10284,11:25 ~ 12:05,12:05 ~ 12:51
Aeroporto de Frankfurt,Aeroporto Internacional de Navegantes,10220,11:21 ~ 12:01,12:01 ~ 12:46
Aeroporto de Frankfurt,Aeroporto Internacional de Porto Alegre,10640,11:49 ~ 12:31,12:31 ~ 13:18
Aeroporto de Frankfurt,Aeroporto de Copenhague,1552,01:43 ~ 01:49,01:49 ~ 01:56
Aeroporto de Frankfurt,Aeroporto Internacional Hartsfield-Jackson Atlanta,7426,08:15 ~ 08:44,08:44 ~ 09:16
Aeroporto de Frankfurt,Aeroporto de Teresina,7842,08:42 ~ 09:13,09:13 ~ 09:48
Aeroporto de Frankfurt,Aeroporto Internacional de João Pessoa,7599,08:26 ~ 08:56,08:56 ~ 09:29
Aeroporto de Dublin,Aeroporto Internacional de Guarulhos,9355,10:23 ~ 11:00,11:00 ~ 11:41
Aeroporto de Dublin,Aeroporto Internacional do Recife,7337,08:09 ~ 08:37,08:37 ~ 09:10
Aeroporto de Dublin,Aeroporto Internacional de Salvador,7959,08:50 ~ 09:21,09:21 ~ 09:56
Aeroporto de Dublin,Aeroporto Internacional de Natal,7103,07:53 ~ 08:21,08:21 ~ 08:52
Aeroporto de Dublin,Aeroporto Internacional de São Luís,7141,07:56 ~ 08:24,08:24 ~ 08:55
Aeroporto de Dublin,Aeroporto Internacional Pinto Martins,7018,07:47 ~ 08:15,08:15 ~ 08:46
Aeroporto de Dublin,Aeroporto Internacional de Nursultan Nazarbayev,5047,05:36 ~ 05:56,05:56 ~ 06:18
Aeroporto de Dublin,Aeroporto Internacional de Xangai Pudong,9384,10:25 ~ 11:02,11:02 ~ 11:43
Aeroporto de Dublin,Aeroporto Internacional de Pequim Capital,8290,09:12 ~ 09:45,09:45 ~ 10:21
Aeroporto de Dublin,Aeroporto Internacional de Pyongyang Sunan,8752,09:43 ~ 10:17,10:17 ~ 10:56
Aeroporto de Dublin,Aeroporto Internacional de Incheon,8957,09:57 ~ 10:32,10:32 ~ 11:11
Aeroporto de Dublin,Aeroporto Internacional Ninoy Aquino,10969,12:11 ~ 12:54,12:54 ~ 13:42
Aeroporto de Dublin,Aeroporto Internacional de Hong Kong,9847,10:56 ~ 11:35,11:35 ~ 12:18
Aeroporto de Dublin,Aeroporto Internacional Indira Gandhi,7087,07:52 ~ 08:20,08:20 ~ 08:51
Aeroporto de Dublin,Aeroporto Internacional Soekarno-Hatta (Jacarta),12059,13:23 ~ 14:11,14:11 ~ 15:04
Aeroporto de Dublin,Aeroporto Internacional Ngurah Rai (Bali),12834,14:15 ~ 15:05,15:05 ~ 16:02
Aeroporto de Dublin,Aeroporto Internacional de Narita (Tóquio),9614,10:40 ~ 11:18,11:18 ~ 12:01
Aeroporto de Dublin,Aeroporto Internacional de Haneda (Tóquio),9618,10:41 ~ 11:18,11:18 ~ 12:01
Aeroporto de Dublin,Aeroporto Internacional de Kansai (Osaka),9587,10:39 ~ 11:16,11:16 ~ 11:59
Aeroporto de Dublin,Aeroporto Internacional de Wattay (Vientiane),9606,10:40 ~ 11:18,11:18 ~ 12:00
Aeroporto de Dublin,Aeroporto Internacional de Kuala Lumpur (Sepang),10940,12:09 ~ 12:52,12:52 ~ 13:40
Aeroporto de Dublin,Aeroporto Internacional de Penang (Penang),10618,11:47 ~ 12:29,12:29 ~ 13:16
Aeroporto de Dublin,Aeroporto Internacional de Malé,8957,09:57 ~ 10:32,10:32 ~ 11:11
Aeroporto de Dublin,Aeroporto Internacional de Changi,11211,12:27 ~ 13:11,13:11 ~ 14:00
Aeroporto de Dublin,Aeroporto Internacional de Suvarnabhumi,9886,10:59 ~ 11:37,11:37 ~ 12:21
Aeroporto de Dublin,Aeroporto Internacional Don Mueang,9856,10:57 ~ 11:35,11:35 ~ 12:19
Aeroporto de Dublin,Aeroporto Internacional de Taiwan Taoyuan,9950,11:03 ~ 11:42,11:42 ~ 12:26
Aeroporto de Dublin,Aeroporto Internacional de Tan Son Nhat,10509,11:40 ~ 12:21,12:21 ~ 13:08
Aeroporto de Dublin,Aeroporto Internacional de Noi Bai,9500,10:33 ~ 11:10,11:10 ~ 11:52
Aeroporto de Dublin,Aeroporto de Frankfurt,1088,01:12 ~ 01:16,01:16 ~ 01:21
Aeroporto de Dublin,Aeroporto de Varsóvia Chopin,1830,02:01 ~ 02:09,02:09 ~ 02:17
Aeroporto de Dublin,Aeroporto de Oslo-Gardermoen,1294,01:26 ~ 01:31,01:31 ~ 01:37
Aeroporto de Dublin,Aeroporto de Roma-Fiumicino,1887,02:05 ~ 02:13,02:13 ~ 02:21
Aeroporto de Dublin,Aeroporto de Milão-Malpensa,1383,01:32 ~ 01:37,01:37 ~ 01:43
Aeroporto de Dublin,Aeroporto de Praga,1457,01:37 ~ 01:42,01:42 ~ 01:49
Aeroporto de Dublin,Aeroporto de Heathrow (Londres),448,00:29 ~ 00:31,00:31 ~ 00:33
Aeroporto de Dublin,Aeroporto de Gatwick (Londres),484,00:32 ~ 00:34,00:34 ~ 00:36
Aeroporto de Dublin,Aeroporto Internacional de Budapeste Ferenc Liszt,1917,02:07 ~ 02:15,02:15 ~ 02:23
Aeroporto de Dublin,Aeroporto de Schiphol (Amsterdã),751,00:50 ~ 00:53,00:53 ~ 00:56
Aeroporto de Dublin,Aeroporto Internacional de Boryspil (Kiev),2551,02:50 ~ 03:00,03:00 ~ 03:11
Aeroporto de Dublin,Aeroporto de Istambul,2954,03:16 ~ 03:28,03:28 ~ 03:41
Aeroporto de Dublin,Aeroporto de Zurique,1239,01:22 ~ 01:27,01:27 ~ 01:32
Aeroporto de Dublin,Aeroporto de Estocolmo-Arlanda,1628,01:48 ~ 01:54,01:54 ~ 02:02
Aeroporto de Dublin,Aeroporto Nikola Tesla (Belgrado),2143,02:22 ~ 02:31,02:31 ~ 02:40
Aeroporto de Dublin,Aeroporto Internacional Sheremetyevo (Moscou),2782,03:05 ~ 03:16,03:16 ~ 03:28
Aeroporto de Dublin,Aeroporto de Pulkovo (São Petersburgo),2317,02:34 ~ 02:43,02:43 ~ 02:53
Aeroporto de Dublin,Aeroporto Internacional Henri Coand? (Bucareste),2536,02:49 ~ 02:59,02:59 ~ 03:10
Aeroporto de Dublin,Aeroporto Humberto Delgado (Lisboa),1643,01:49 ~ 01:55,01:55 ~ 02:03
Aeroporto de Dublin,Aeroporto Francisco Sá Carneiro (Porto),1367,01:31 ~ 01:36,01:36 ~ 01:42
Aeroporto de Dublin,Aeroporto Internacional de Malta,2532,02:48 ~ 02:58,02:58 ~ 03:09
Aeroporto de Dublin,Aeroporto de Luxemburgo,960,01:03 ~ 01:07,01:07 ~ 01:11
Aeroporto de Dublin,Aeroporto Internacional de Vilnius,2053,02:16 ~ 02:24,02:24 ~ 02:33
Aeroporto de Dublin,Aeroporto Internacional de Riga,1947,02:09 ~ 02:17,02:17 ~ 02:26
Aeroporto de Dublin,Aeroporto Internacional Madre Teresa (Tirana),2350,02:36 ~ 02:45,02:45 ~ 02:56
Aeroporto de Dublin,Aeroporto de Barcelona-El Prat (Espanha),1486,01:39 ~ 01:44,01:44 ~ 01:51
Aeroporto de Dublin,Aeroporto de Toulouse-Blagnac (França),1222,01:21 ~ 01:26,01:26 ~ 01:31
Aeroporto de Dublin,Aeroporto Internacional de Viena,1706,01:53 ~ 02:00,02:00 ~ 02:07
Aeroporto de Dublin,Aeroporto de Bruxelas,785,00:52 ~ 00:55,00:55 ~ 00:58
Aeroporto de Dublin,Aeroporto de Sófia,2486,02:45 ~ 02:55,02:55 ~ 03:06
Aeroporto de Dublin,Aeroporto de Bratislava,1744,01:56 ~ 02:03,02:03 ~ 02:10
Aeroporto de Dublin,Aeroporto de Ljubljana Joe Pu?nik,1683,01:52 ~ 01:58,01:58 ~ 02:06
Aeroporto de Dublin,Aeroporto Adolfo Suárez Madrid-Barajas,1453,01:36 ~ 01:42,01:42 ~ 01:48
Aeroporto de Dublin,Aeroporto de Barcelona-El Prat,1485,01:38 ~ 01:44,01:44 ~ 01:51
Aeroporto de Dublin,Aeroporto de Tallinn,2007,02:13 ~ 02:21,02:21 ~ 02:30
Aeroporto de Dublin,Aeroporto de Vágar,965,01:04 ~ 01:08,01:08 ~ 01:12
Aeroporto de Dublin,Aeroporto de Helsinque,2028,02:15 ~ 02:23,02:23 ~ 02:32
Aeroporto de Dublin,Aeroporto Internacional de Brasília,8648,09:36 ~ 10:10,10:10 ~ 10:48
Aeroporto de Dublin,Aeroporto Internacional de Várzea Grande,9023,10:01 ~ 10:36,10:36 ~ 11:16
Aeroporto de Dublin,Aeroporto Internacional de Belém,7221,08:01 ~ 08:29,08:29 ~ 09:01
Aeroporto de Dublin,Aeroporto Internacional de Tabatinga,8386,09:19 ~ 09:51,09:51 ~ 10:28
Aeroporto de Dublin,Aeroporto Internacional de Manaus,7996,08:53 ~ 09:24,09:24 ~ 09:59
Aeroporto de Dublin,Aeroporto Internacional de Macapá,7213,08:00 ~ 08:29,08:29 ~ 09:00
Aeroporto de Dublin,Aeroporto Internacional de Fortaleza,7019,07:47 ~ 08:15,08:15 ~ 08:46
Aeroporto de Dublin,Aeroporto Internacional de Maceió,7462,08:17 ~ 08:46,08:46 ~ 09:19
Aeroporto de Dublin,Aeroporto Internacional de Aracaju,7708,08:33 ~ 09:04,09:04 ~ 09:38
Aeroporto de Dublin,Aeroporto Internacional de Belo Horizonte,8838,09:49 ~ 10:23,10:23 ~ 11:02
Aeroporto de Dublin,Aeroporto Santos Dumont,9175,10:11 ~ 10:47,10:47 ~ 11:28
Aeroporto de Dublin,Aeroporto Internacional do Rio de Janeiro,9167,10:11 ~ 10:47,10:47 ~ 11:27
Aeroporto de Dublin,Aeroporto Internacional de Vitória,8795,09:46 ~ 10:20,10:20 ~ 10:59
Aeroporto de Dublin,Aeroporto Internacional de São José dos Campos,9308,10:20 ~ 10:57,10:57 ~ 11:38
Aeroporto de Dublin,Aeroporto Internacional de Viracopos,9387,10:25 ~ 11:02,11:02 ~ 11:44
Aeroporto de Dublin,Aeroporto Internacional de Curitiba,9649,10:43 ~ 11:21,11:21 ~ 12:03
Aeroporto de Dublin,Aeroporto Internacional de Florianópolis,9869,10:57 ~ 11:36,11:36 ~ 12:20
Aeroporto de Dublin,Aeroporto Internacional de Navegantes,9797,10:53 ~ 11:31,11:31 ~ 12:14
Aeroporto de Dublin,Aeroporto Internacional de Porto Alegre,10209,11:20 ~ 12:00,12:00 ~ 12:45
Aeroporto de Dublin,Aeroporto de Copenhague,482,00:32 ~ 00:34,00:34 ~ 00:36
Aeroporto de Dublin,Aeroporto Internacional Hartsfield-Jackson Atlanta,6338,07:02 ~ 07:27,07:27 ~ 07:55
Aeroporto de Dublin,Aeroporto de Teresina,7329,08:08 ~ 08:37,08:37 ~ 09:09
Aeroporto de Dublin,Aeroporto Internacional de João Pessoa,7236,08:02 ~ 08:30,08:30 ~ 09:02
Aeroporto de Varsóvia Chopin,Aeroporto Internacional de Guarulhos,10615,11:47 ~ 12:29,12:29 ~ 13:16
Aeroporto de Varsóvia Chopin,Aeroporto Internacional do Recife,8523,09:28 ~ 10:01,10:01 ~ 10:39
Aeroporto de Varsóvia Chopin,Aeroporto Internacional de Salvador,9170,10:11 ~ 10:47,10:47 ~ 11:27
Aeroporto de Varsóvia Chopin,Aeroporto Internacional de Natal,8322,09:14 ~ 09:47,09:47 ~ 10:24
Aeroporto de Varsóvia Chopin,Aeroporto Internacional de São Luís,8578,09:31 ~ 10:05,10:05 ~ 10:43
Aeroporto de Varsóvia Chopin,Aeroporto Internacional Pinto Martins,8331,09:15 ~ 09:48,09:48 ~ 10:24
Aeroporto de Varsóvia Chopin,Aeroporto Internacional de Nursultan Nazarbayev,3430,03:48 ~ 04:02,04:02 ~ 04:17
Aeroporto de Varsóvia Chopin,Aeroporto Internacional de Xangai Pudong,8019,08:54 ~ 09:26,09:26 ~ 10:01
Aeroporto de Varsóvia Chopin,Aeroporto Internacional de Pequim Capital,6963,07:44 ~ 08:11,08:11 ~ 08:42
Aeroporto de Varsóvia Chopin,Aeroporto Internacional de Pyongyang Sunan,7552,08:23 ~ 08:53,08:53 ~ 09:26
Aeroporto de Varsóvia Chopin,Aeroporto Internacional de Incheon,7747,08:36 ~ 09:06,09:06 ~ 09:41
Aeroporto de Varsóvia Chopin,Aeroporto Internacional Ninoy Aquino,9417,10:27 ~ 11:04,11:04 ~ 11:46
Aeroporto de Varsóvia Chopin,Aeroporto Internacional de Hong Kong,8275,09:11 ~ 09:44,09:44 ~ 10:20
Aeroporto de Varsóvia Chopin,Aeroporto Internacional Indira Gandhi,5272,05:51 ~ 06:12,06:12 ~ 06:35
Aeroporto de Varsóvia Chopin,Aeroporto Internacional Soekarno-Hatta (Jacarta),10248,11:23 ~ 12:03,12:03 ~ 12:48
Aeroporto de Varsóvia Chopin,Aeroporto Internacional Ngurah Rai (Bali),11057,12:17 ~ 13:00,13:00 ~ 13:49
Aeroporto de Varsóvia Chopin,Aeroporto Internacional de Narita (Tóquio),8635,09:35 ~ 10:09,10:09 ~ 10:47
Aeroporto de Varsóvia Chopin,Aeroporto Internacional de Haneda (Tóquio),8624,09:34 ~ 10:08,10:08 ~ 10:46
Aeroporto de Varsóvia Chopin,Aeroporto Internacional de Kansai (Osaka),8492,09:26 ~ 09:59,09:59 ~ 10:36
Aeroporto de Varsóvia Chopin,Aeroporto Internacional de Wattay (Vientiane),7881,08:45 ~ 09:16,09:16 ~ 09:51
Aeroporto de Varsóvia Chopin,Aeroporto Internacional de Kuala Lumpur (Sepang),9136,10:09 ~ 10:44,10:44 ~ 11:25
Aeroporto de Varsóvia Chopin,Aeroporto Internacional de Penang (Penang),8816,09:47 ~ 10:22,10:22 ~ 11:01
Aeroporto de Varsóvia Chopin,Aeroporto Internacional de Malé,7172,07:58 ~ 08:26,08:26 ~ 08:57
Aeroporto de Varsóvia Chopin,Aeroporto Internacional de Changi,9413,10:27 ~ 11:04,11:04 ~ 11:45
Aeroporto de Varsóvia Chopin,Aeroporto Internacional de Suvarnabhumi,8122,09:01 ~ 09:33,09:33 ~ 10:09
Aeroporto de Varsóvia Chopin,Aeroporto Internacional Don Mueang,8093,08:59 ~ 09:31,09:31 ~ 10:06
Aeroporto de Varsóvia Chopin,Aeroporto Internacional de Taiwan Taoyuan,8506,09:27 ~ 10:00,10:00 ~ 10:37
Aeroporto de Varsóvia Chopin,Aeroporto Internacional de Tan Son Nhat,8773,09:44 ~ 10:19,10:19 ~ 10:57
Aeroporto de Varsóvia Chopin,Aeroporto Internacional de Noi Bai,7827,08:41 ~ 09:12,09:12 ~ 09:47
Aeroporto de Varsóvia Chopin,Aeroporto de Frankfurt,899,00:59 ~ 01:03,01:03 ~ 01:07
Aeroporto de Varsóvia Chopin,Aeroporto de Dublin,1830,02:01 ~ 02:09,02:09 ~ 02:17
Aeroporto de Varsóvia Chopin,Aeroporto de Oslo-Gardermoen,1083,01:12 ~ 01:16,01:16 ~ 01:21
Aeroporto de Varsóvia Chopin,Aeroporto de Roma-Fiumicino,1328,01:28 ~ 01:33,01:33 ~ 01:39
Aeroporto de Varsóvia Chopin,Aeroporto de Milão-Malpensa,1152,01:16 ~ 01:21,01:21 ~ 01:26
Aeroporto de Varsóvia Chopin,Aeroporto de Praga,522,00:34 ~ 00:36,00:36 ~ 00:39
Aeroporto de Varsóvia Chopin,Aeroporto de Heathrow (Londres),1474,01:38 ~ 01:44,01:44 ~ 01:50
Aeroporto de Varsóvia Chopin,Aeroporto de Gatwick (Londres),1463,01:37 ~ 01:43,01:43 ~ 01:49
Aeroporto de Varsóvia Chopin,Aeroporto Internacional de Budapeste Ferenc Liszt,540,00:36 ~ 00:38,00:38 ~ 00:40
Aeroporto de Varsóvia Chopin,Aeroporto de Schiphol (Amsterdã),1105,01:13 ~ 01:18,01:18 ~ 01:22
Aeroporto de Varsóvia Chopin,Aeroporto Internacional de Boryspil (Kiev),722,00:48 ~ 00:50,00:50 ~ 00:54
Aeroporto de Varsóvia Chopin,Aeroporto de Istambul,1380,01:32 ~ 01:37,01:37 ~ 01:43
Aeroporto de Varsóvia Chopin,Aeroporto de Zurique,1034,01:08 ~ 01:12,01:12 ~ 01:17
Aeroporto de Varsóvia Chopin,Aeroporto de Estocolmo-Arlanda,855,00:57 ~ 01:00,01:00 ~ 01:04
Aeroporto de Varsóvia Chopin,Aeroporto Nikola Tesla (Belgrado),818,00:54 ~ 00:57,00:57 ~ 01:01
Aeroporto de Varsóvia Chopin,Aeroporto Internacional Sheremetyevo (Moscou),1154,01:16 ~ 01:21,01:21 ~ 01:26
Aeroporto de Varsóvia Chopin,Aeroporto de Pulkovo (São Petersburgo),1027,01:08 ~ 01:12,01:12 ~ 01:17
Aeroporto de Varsóvia Chopin,Aeroporto Internacional Henri Coand? (Bucareste),926,01:01 ~ 01:05,01:05 ~ 01:09
Aeroporto de Varsóvia Chopin,Aeroporto Humberto Delgado (Lisboa),2755,03:03 ~ 03:14,03:14 ~ 03:26
Aeroporto de Varsóvia Chopin,Aeroporto Francisco Sá Carneiro (Porto),2546,02:49 ~ 02:59,02:59 ~ 03:10
Aeroporto de Varsóvia Chopin,Aeroporto Internacional de Malta,1883,02:05 ~ 02:12,02:12 ~ 02:21
Aeroporto de Varsóvia Chopin,Aeroporto de Luxemburgo,1074,01:11 ~ 01:15,01:15 ~ 01:20
Aeroporto de Varsóvia Chopin,Aeroporto Internacional de Vilnius,398,00:26 ~ 00:28,00:28 ~ 00:29
Aeroporto de Varsóvia Chopin,Aeroporto Internacional de Riga,565,00:37 ~ 00:39,00:39 ~ 00:42
Aeroporto de Varsóvia Chopin,Aeroporto Internacional Madre Teresa (Tirana),1198,01:19 ~ 01:24,01:24 ~ 01:29
Aeroporto de Varsóvia Chopin,Aeroporto de Barcelona-El Prat (Espanha),1873,02:04 ~ 02:12,02:12 ~ 02:20
Aeroporto de Varsóvia Chopin,Aeroporto de Toulouse-Blagnac (França),1736,01:55 ~ 02:02,02:02 ~ 02:10
Aeroporto de Varsóvia Chopin,Aeroporto Internacional de Viena,550,00:36 ~ 00:38,00:38 ~ 00:41
Aeroporto de Varsóvia Chopin,Aeroporto de Bruxelas,1150,01:16 ~ 01:21,01:21 ~ 01:26
Aeroporto de Varsóvia Chopin,Aeroporto de Sófia,1069,01:11 ~ 01:15,01:15 ~ 01:20
Aeroporto de Varsóvia Chopin,Aeroporto de Bratislava,518,00:34 ~ 00:36,00:36 ~ 00:38
Aeroporto de Varsóvia Chopin,Aeroporto de Ljubljana Joe Pu?nik,813,00:54 ~ 00:57,00:57 ~ 01:00
Aeroporto de Varsóvia Chopin,Aeroporto Adolfo Suárez Madrid-Barajas,2274,02:31 ~ 02:40,02:40 ~ 02:50
Aeroporto de Varsóvia Chopin,Aeroporto de Barcelona-El Prat,1873,02:04 ~ 02:12,02:12 ~ 02:20
Aeroporto de Varsóvia Chopin,Aeroporto de Tallinn,841,00:56 ~ 00:59,00:59 ~ 01:03
Aeroporto de Varsóvia Chopin,Aeroporto de Vágar,2011,02:14 ~ 02:21,02:21 ~ 02:30
Aeroporto de Varsóvia Chopin,Aeroporto de Helsinque,942,01:02 ~ 01:06,01:06 ~ 01:10
Aeroporto de Varsóvia Chopin,Aeroporto Internacional de Brasília,10016,11:07 ~ 11:47,11:47 ~ 12:31
Aeroporto de Varsóvia Chopin,Aeroporto Internacional de Várzea Grande,10532,11:42 ~ 12:23,12:23 ~ 13:09
Aeroporto de Varsóvia Chopin,Aeroporto Internacional de Belém,8744,09:42 ~ 10:17,10:17 ~ 10:55
Aeroporto de Varsóvia Chopin,Aeroporto Internacional de Tabatinga,10111,11:14 ~ 11:53,11:53 ~ 12:38
Aeroporto de Varsóvia Chopin,Aeroporto Internacional de Manaus,9661,10:44 ~ 11:21,11:21 ~ 12:04
Aeroporto de Varsóvia Chopin,Aeroporto Internacional de Macapá,8788,09:45 ~ 10:20,10:20 ~ 10:59
Aeroporto de Varsóvia Chopin,Aeroporto Internacional de Fortaleza,8332,09:15 ~ 09:48,09:48 ~ 10:24
Aeroporto de Varsóvia Chopin,Aeroporto Internacional de Maceió,8657,09:37 ~ 10:11,10:11 ~ 10:49
Aeroporto de Varsóvia Chopin,Aeroporto Internacional de Aracaju,8912,09:54 ~ 10:29,10:29 ~ 11:08
Aeroporto de Varsóvia Chopin,Aeroporto Internacional de Belo Horizonte,10078,11:11 ~ 11:51,11:51 ~ 12:35
Aeroporto de Varsóvia Chopin,Aeroporto Santos Dumont,10377,11:31 ~ 12:12,12:12 ~ 12:58
Aeroporto de Varsóvia Chopin,Aeroporto Internacional do Rio de Janeiro,10372,11:31 ~ 12:12,12:12 ~ 12:57
Aeroporto de Varsóvia Chopin,Aeroporto Internacional de Vitória,9968,11:04 ~ 11:43,11:43 ~ 12:27
Aeroporto de Varsóvia Chopin,Aeroporto Internacional de São José dos Campos,10559,11:43 ~ 12:25,12:25 ~ 13:11
Aeroporto de Varsóvia Chopin,Aeroporto Internacional de Viracopos,10676,11:51 ~ 12:33,12:33 ~ 13:20
Aeroporto de Varsóvia Chopin,Aeroporto Internacional de Curitiba,10938,12:09 ~ 12:52,12:52 ~ 13:40
Aeroporto de Varsóvia Chopin,Aeroporto Internacional de Florianópolis,11119,12:21 ~ 13:04,13:04 ~ 13:53
Aeroporto de Varsóvia Chopin,Aeroporto Internacional de Navegantes,11057,12:17 ~ 13:00,13:00 ~ 13:49
Aeroporto de Varsóvia Chopin,Aeroporto Internacional de Porto Alegre,11478,12:45 ~ 13:30,13:30 ~ 14:20
Aeroporto de Varsóvia Chopin,Aeroporto de Copenhague,2221,02:28 ~ 02:36,02:36 ~ 02:46
Aeroporto de Varsóvia Chopin,Aeroporto Internacional Hartsfield-Jackson Atlanta,8072,08:58 ~ 09:29,09:29 ~ 10:05
Aeroporto de Varsóvia Chopin,Aeroporto de Teresina,8715,09:41 ~ 10:15,10:15 ~ 10:53
Aeroporto de Varsóvia Chopin,Aeroporto Internacional de João Pessoa,8433,09:22 ~ 09:55,09:55 ~ 10:32
Aeroporto de Oslo-Gardermoen,Aeroporto Internacional de Guarulhos,10627,11:48 ~ 12:30,12:30 ~ 13:17
Aeroporto de Oslo-Gardermoen,Aeroporto Internacional do Recife,8585,09:32 ~ 10:05,10:05 ~ 10:43
Aeroporto de Oslo-Gardermoen,Aeroporto Internacional de Salvador,9216,10:14 ~ 10:50,10:50 ~ 11:31
Aeroporto de Oslo-Gardermoen,Aeroporto Internacional de Natal,8357,09:17 ~ 09:49,09:49 ~ 10:26
Aeroporto de Oslo-Gardermoen,Aeroporto Internacional de São Luís,8432,09:22 ~ 09:55,09:55 ~ 10:32
Aeroporto de Oslo-Gardermoen,Aeroporto Internacional Pinto Martins,8292,09:12 ~ 09:45,09:45 ~ 10:21
Aeroporto de Oslo-Gardermoen,Aeroporto Internacional de Nursultan Nazarbayev,3791,04:12 ~ 04:27,04:27 ~ 04:44
Aeroporto de Oslo-Gardermoen,Aeroporto Internacional de Xangai Pudong,8095,08:59 ~ 09:31,09:31 ~ 10:07
Aeroporto de Oslo-Gardermoen,Aeroporto Internacional de Pequim Capital,7002,07:46 ~ 08:14,08:14 ~ 08:45
Aeroporto de Oslo-Gardermoen,Aeroporto Internacional de Pyongyang Sunan,7484,08:18 ~ 08:48,08:48 ~ 09:21
Aeroporto de Oslo-Gardermoen,Aeroporto Internacional de Incheon,7688,08:32 ~ 09:02,09:02 ~ 09:36
Aeroporto de Oslo-Gardermoen,Aeroporto Internacional Ninoy Aquino,9677,10:45 ~ 11:23,11:23 ~ 12:05
Aeroporto de Oslo-Gardermoen,Aeroporto Internacional de Hong Kong,8559,09:30 ~ 10:04,10:04 ~ 10:41
Aeroporto de Oslo-Gardermoen,Aeroporto Internacional Indira Gandhi,5979,06:38 ~ 07:02,07:02 ~ 07:28
Aeroporto de Oslo-Gardermoen,Aeroporto Internacional Soekarno-Hatta (Jacarta),10901,12:06 ~ 12:49,12:49 ~ 13:37
Aeroporto de Oslo-Gardermoen,Aeroporto Internacional Ngurah Rai (Bali),11623,12:54 ~ 13:40,13:40 ~ 14:31
Aeroporto de Oslo-Gardermoen,Aeroporto Internacional de Narita (Tóquio),8406,09:20 ~ 09:53,09:53 ~ 10:30
Aeroporto de Oslo-Gardermoen,Aeroporto Internacional de Haneda (Tóquio),8406,09:20 ~ 09:53,09:53 ~ 10:30
Aeroporto de Oslo-Gardermoen,Aeroporto Internacional de Kansai (Osaka),8347,09:16 ~ 09:49,09:49 ~ 10:26
Aeroporto de Oslo-Gardermoen,Aeroporto Internacional de Wattay (Vientiane),8369,09:17 ~ 09:50,09:50 ~ 10:27
Aeroporto de Oslo-Gardermoen,Aeroporto Internacional de Kuala Lumpur (Sepang),9777,10:51 ~ 11:30,11:30 ~ 12:13
Aeroporto de Oslo-Gardermoen,Aeroporto Internacional de Penang (Penang),9454,10:30 ~ 11:07,11:07 ~ 11:49
Aeroporto de Oslo-Gardermoen,Aeroporto Internacional de Malé,8110,09:00 ~ 09:32,09:32 ~ 10:08
Aeroporto de Oslo-Gardermoen,Aeroporto Internacional de Changi,10036,11:09 ~ 11:48,11:48 ~ 12:32
Aeroporto de Oslo-Gardermoen,Aeroporto Internacional de Suvarnabhumi,8677,09:38 ~ 10:12,10:12 ~ 10:50
Aeroporto de Oslo-Gardermoen,Aeroporto Internacional Don Mueang,8648,09:36 ~ 10:10,10:10 ~ 10:48
Aeroporto de Oslo-Gardermoen,Aeroporto Internacional de Taiwan Taoyuan,8656,09:37 ~ 10:11,10:11 ~ 10:49
Aeroporto de Oslo-Gardermoen,Aeroporto Internacional de Tan Son Nhat,9275,10:18 ~ 10:54,10:54 ~ 11:35
Aeroporto de Oslo-Gardermoen,Aeroporto Internacional de Noi Bai,8237,09:09 ~ 09:41,09:41 ~ 10:17
Aeroporto de Oslo-Gardermoen,Aeroporto de Frankfurt,1144,01:16 ~ 01:20,01:20 ~ 01:25
Aeroporto de Oslo-Gardermoen,Aeroporto de Dublin,1294,01:26 ~ 01:31,01:31 ~ 01:37
Aeroporto de Oslo-Gardermoen,Aeroporto de Varsóvia Chopin,1083,01:12 ~ 01:16,01:16 ~ 01:21
Aeroporto de Oslo-Gardermoen,Aeroporto de Roma-Fiumicino,2049,02:16 ~ 02:24,02:24 ~ 02:33
Aeroporto de Oslo-Gardermoen,Aeroporto de Milão-Malpensa,1630,01:48 ~ 01:55,01:55 ~ 02:02
Aeroporto de Oslo-Gardermoen,Aeroporto de Praga,1143,01:16 ~ 01:20,01:20 ~ 01:25
Aeroporto de Oslo-Gardermoen,Aeroporto de Heathrow (Londres),1208,01:20 ~ 01:25,01:25 ~ 01:30
Aeroporto de Oslo-Gardermoen,Aeroporto de Gatwick (Londres),1230,01:22 ~ 01:26,01:26 ~ 01:32
Aeroporto de Oslo-Gardermoen,Aeroporto Internacional de Budapeste Ferenc Liszt,1517,01:41 ~ 01:47,01:47 ~ 01:53
Aeroporto de Oslo-Gardermoen,Aeroporto de Schiphol (Amsterdã),962,01:04 ~ 01:07,01:07 ~ 01:12
Aeroporto de Oslo-Gardermoen,Aeroporto Internacional de Boryspil (Kiev),1659,01:50 ~ 01:57,01:57 ~ 02:04
Aeroporto de Oslo-Gardermoen,Aeroporto de Istambul,2462,02:44 ~ 02:53,02:53 ~ 03:04
Aeroporto de Oslo-Gardermoen,Aeroporto de Zurique,1429,01:35 ~ 01:40,01:40 ~ 01:47
Aeroporto de Oslo-Gardermoen,Aeroporto de Estocolmo-Arlanda,386,00:25 ~ 00:27,00:27 ~ 00:28
Aeroporto de Oslo-Gardermoen,Aeroporto Nikola Tesla (Belgrado),1818,02:01 ~ 02:08,02:08 ~ 02:16
Aeroporto de Oslo-Gardermoen,Aeroporto Internacional Sheremetyevo (Moscou),1610,01:47 ~ 01:53,01:53 ~ 02:00
Aeroporto de Oslo-Gardermoen,Aeroporto de Pulkovo (São Petersburgo),1067,01:11 ~ 01:15,01:15 ~ 01:20
Aeroporto de Oslo-Gardermoen,Aeroporto Internacional Henri Coand? (Bucareste),2008,02:13 ~ 02:21,02:21 ~ 02:30
Aeroporto de Oslo-Gardermoen,Aeroporto Humberto Delgado (Lisboa),2773,03:04 ~ 03:15,03:15 ~ 03:27
Aeroporto de Oslo-Gardermoen,Aeroporto Francisco Sá Carneiro (Porto),2508,02:47 ~ 02:57,02:57 ~ 03:08
Aeroporto de Oslo-Gardermoen,Aeroporto Internacional de Malta,2718,03:01 ~ 03:11,03:11 ~ 03:23
Aeroporto de Oslo-Gardermoen,Aeroporto de Luxemburgo,1218,01:21 ~ 01:25,01:25 ~ 01:31
Aeroporto de Oslo-Gardermoen,Aeroporto Internacional de Vilnius,1051,01:10 ~ 01:14,01:14 ~ 01:18
Aeroporto de Oslo-Gardermoen,Aeroporto Internacional de Riga,832,00:55 ~ 00:58,00:58 ~ 01:02
Aeroporto de Oslo-Gardermoen,Aeroporto Internacional Madre Teresa (Tirana),2173,02:24 ~ 02:33,02:33 ~ 02:42
Aeroporto de Oslo-Gardermoen,Aeroporto de Barcelona-El Prat (Espanha),2194,02:26 ~ 02:34,02:34 ~ 02:44
Aeroporto de Oslo-Gardermoen,Aeroporto de Toulouse-Blagnac (França),1955,02:10 ~ 02:17,02:17 ~ 02:26
Aeroporto de Oslo-Gardermoen,Aeroporto Internacional de Viena,1392,01:32 ~ 01:38,01:38 ~ 01:44
Aeroporto de Oslo-Gardermoen,Aeroporto de Bruxelas,1115,01:14 ~ 01:18,01:18 ~ 01:23
Aeroporto de Oslo-Gardermoen,Aeroporto de Sófia,2120,02:21 ~ 02:29,02:29 ~ 02:38
Aeroporto de Oslo-Gardermoen,Aeroporto de Bratislava,1395,01:33 ~ 01:38,01:38 ~ 01:44
Aeroporto de Oslo-Gardermoen,Aeroporto de Ljubljana Joe Pu?nik,1572,01:44 ~ 01:50,01:50 ~ 01:57
Aeroporto de Oslo-Gardermoen,Aeroporto Adolfo Suárez Madrid-Barajas,2417,02:41 ~ 02:50,02:50 ~ 03:01
Aeroporto de Oslo-Gardermoen,Aeroporto de Barcelona-El Prat,2193,02:26 ~ 02:34,02:34 ~ 02:44
Aeroporto de Oslo-Gardermoen,Aeroporto de Tallinn,773,00:51 ~ 00:54,00:54 ~ 00:57
Aeroporto de Oslo-Gardermoen,Aeroporto de Vágar,1008,01:07 ~ 01:11,01:11 ~ 01:15
Aeroporto de Oslo-Gardermoen,Aeroporto de Helsinque,766,00:51 ~ 00:54,00:54 ~ 00:57
Aeroporto de Oslo-Gardermoen,Aeroporto Internacional de Brasília,9934,11:02 ~ 11:41,11:41 ~ 12:25
Aeroporto de Oslo-Gardermoen,Aeroporto Internacional de Várzea Grande,10317,11:27 ~ 12:08,12:08 ~ 12:53
Aeroporto de Oslo-Gardermoen,Aeroporto Internacional de Belém,8515,09:27 ~ 10:01,10:01 ~ 10:38
Aeroporto de Oslo-Gardermoen,Aeroporto Internacional de Tabatinga,9632,10:42 ~ 11:19,11:19 ~ 12:02
Aeroporto de Oslo-Gardermoen,Aeroporto Internacional de Manaus,9270,10:18 ~ 10:54,10:54 ~ 11:35
Aeroporto de Oslo-Gardermoen,Aeroporto Internacional de Macapá,8504,09:26 ~ 10:00,10:00 ~ 10:37
Aeroporto de Oslo-Gardermoen,Aeroporto Internacional de Fortaleza,8292,09:12 ~ 09:45,09:45 ~ 10:21
Aeroporto de Oslo-Gardermoen,Aeroporto Internacional de Maceió,8712,09:40 ~ 10:14,10:14 ~ 10:53
Aeroporto de Oslo-Gardermoen,Aeroporto Internacional de Aracaju,8962,09:57 ~ 10:32,10:32 ~ 11:12
Aeroporto de Oslo-Gardermoen,Aeroporto Internacional de Belo Horizonte,10105,11:13 ~ 11:53,11:53 ~ 12:37
Aeroporto de Oslo-Gardermoen,Aeroporto Santos Dumont,10434,11:35 ~ 12:16,12:16 ~ 13:02
Aeroporto de Oslo-Gardermoen,Aeroporto Internacional do Rio de Janeiro,10427,11:35 ~ 12:16,12:16 ~ 13:02
Aeroporto de Oslo-Gardermoen,Aeroporto Internacional de Vitória,10046,11:09 ~ 11:49,11:49 ~ 12:33
Aeroporto de Oslo-Gardermoen,Aeroporto Internacional de São José dos Campos,10578,11:45 ~ 12:26,12:26 ~ 13:13
Aeroporto de Oslo-Gardermoen,Aeroporto Internacional de Viracopos,10664,11:50 ~ 12:32,12:32 ~ 13:19
Aeroporto de Oslo-Gardermoen,Aeroporto Internacional de Curitiba,10927,12:08 ~ 12:51,12:51 ~ 13:39
Aeroporto de Oslo-Gardermoen,Aeroporto Internacional de Florianópolis,11141,12:22 ~ 13:06,13:06 ~ 13:55
Aeroporto de Oslo-Gardermoen,Aeroporto Internacional de Navegantes,11070,12:18 ~ 13:01,13:01 ~ 13:50
Aeroporto de Oslo-Gardermoen,Aeroporto Internacional de Porto Alegre,11485,12:45 ~ 13:30,13:30 ~ 14:21
Aeroporto de Oslo-Gardermoen,Aeroporto de Copenhague,1488,01:39 ~ 01:45,01:45 ~ 01:51
Aeroporto de Oslo-Gardermoen,Aeroporto Internacional Hartsfield-Jackson Atlanta,7114,07:54 ~ 08:22,08:22 ~ 08:53
Aeroporto de Oslo-Gardermoen,Aeroporto de Teresina,8615,09:34 ~ 10:08,10:08 ~ 10:46
Aeroporto de Oslo-Gardermoen,Aeroporto Internacional de João Pessoa,8486,09:25 ~ 09:59,09:59 ~ 10:36
Aeroporto de Roma-Fiumicino,Aeroporto Internacional de Guarulhos,9414,10:27 ~ 11:04,11:04 ~ 11:46
Aeroporto de Roma-Fiumicino,Aeroporto Internacional do Recife,7320,08:07 ~ 08:36,08:36 ~ 09:09
Aeroporto de Roma-Fiumicino,Aeroporto Internacional de Salvador,7967,08:51 ~ 09:22,09:22 ~ 09:57
Aeroporto de Roma-Fiumicino,Aeroporto Internacional de Natal,7136,07:55 ~ 08:23,08:23 ~ 08:55
Aeroporto de Roma-Fiumicino,Aeroporto Internacional de São Luís,7509,08:20 ~ 08:50,08:50 ~ 09:23
Aeroporto de Roma-Fiumicino,Aeroporto Internacional Pinto Martins,7191,07:59 ~ 08:27,08:27 ~ 08:59
Aeroporto de Roma-Fiumicino,Aeroporto Internacional de Nursultan Nazarbayev,4539,05:02 ~ 05:20,05:20 ~ 05:40
Aeroporto de Roma-Fiumicino,Aeroporto Internacional de Xangai Pudong,9190,10:12 ~ 10:48,10:48 ~ 11:29
Aeroporto de Roma-Fiumicino,Aeroporto Internacional de Pequim Capital,8169,09:04 ~ 09:36,09:36 ~ 10:12
Aeroporto de Roma-Fiumicino,Aeroporto Internacional de Pyongyang Sunan,8799,09:46 ~ 10:21,10:21 ~ 10:59
Aeroporto de Roma-Fiumicino,Aeroporto Internacional de Incheon,8988,09:59 ~ 10:34,10:34 ~ 11:14
Aeroporto de Roma-Fiumicino,Aeroporto Internacional Ninoy Aquino,10438,11:35 ~ 12:16,12:16 ~ 13:02
Aeroporto de Roma-Fiumicino,Aeroporto Internacional de Hong Kong,9299,10:19 ~ 10:56,10:56 ~ 11:37
Aeroporto de Roma-Fiumicino,Aeroporto Internacional Indira Gandhi,5946,06:36 ~ 06:59,06:59 ~ 07:25
Aeroporto de Roma-Fiumicino,Aeroporto Internacional Soekarno-Hatta (Jacarta),10828,12:01 ~ 12:44,12:44 ~ 13:32
Aeroporto de Roma-Fiumicino,Aeroporto Internacional Ngurah Rai (Bali),11726,13:01 ~ 13:47,13:47 ~ 14:39
Aeroporto de Roma-Fiumicino,Aeroporto Internacional de Narita (Tóquio),9929,11:01 ~ 11:40,11:40 ~ 12:24
Aeroporto de Roma-Fiumicino,Aeroporto Internacional de Haneda (Tóquio),9916,11:01 ~ 11:39,11:39 ~ 12:23
Aeroporto de Roma-Fiumicino,Aeroporto Internacional de Kansai (Osaka),9761,10:50 ~ 11:29,11:29 ~ 12:12
Aeroporto de Roma-Fiumicino,Aeroporto Internacional de Wattay (Vientiane),8726,09:41 ~ 10:15,10:15 ~ 10:54
Aeroporto de Roma-Fiumicino,Aeroporto Internacional de Kuala Lumpur (Sepang),9765,10:50 ~ 11:29,11:29 ~ 12:12
Aeroporto de Roma-Fiumicino,Aeroporto Internacional de Penang (Penang),9460,10:30 ~ 11:07,11:07 ~ 11:49
Aeroporto de Roma-Fiumicino,Aeroporto Internacional de Malé,7344,08:09 ~ 08:38,08:38 ~ 09:10
Aeroporto de Roma-Fiumicino,Aeroporto Internacional de Changi,10057,11:10 ~ 11:49,11:49 ~ 12:34
Aeroporto de Roma-Fiumicino,Aeroporto Internacional de Suvarnabhumi,8887,09:52 ~ 10:27,10:27 ~ 11:06
Aeroporto de Roma-Fiumicino,Aeroporto Internacional Don Mueang,8859,09:50 ~ 10:25,10:25 ~ 11:04
Aeroporto de Roma-Fiumicino,Aeroporto Internacional de Taiwan Taoyuan,9625,10:41 ~ 11:19,11:19 ~ 12:01
Aeroporto de Roma-Fiumicino,Aeroporto Internacional de Tan Son Nhat,9579,10:38 ~ 11:16,11:16 ~ 11:58
Aeroporto de Roma-Fiumicino,Aeroporto Internacional de Noi Bai,8753,09:43 ~ 10:17,10:17 ~ 10:56
Aeroporto de Roma-Fiumicino,Aeroporto de Frankfurt,958,01:03 ~ 01:07,01:07 ~ 01:11
Aeroporto de Roma-Fiumicino,Aeroporto de Dublin,1887,02:05 ~ 02:13,02:13 ~ 02:21
Aeroporto de Roma-Fiumicino,Aeroporto de Varsóvia Chopin,1328,01:28 ~ 01:33,01:33 ~ 01:39
Aeroporto de Roma-Fiumicino,Aeroporto de Oslo-Gardermoen,2049,02:16 ~ 02:24,02:24 ~ 02:33
Aeroporto de Roma-Fiumicino,Aeroporto de Milão-Malpensa,511,00:34 ~ 00:36,00:36 ~ 00:38
Aeroporto de Roma-Fiumicino,Aeroporto de Praga,936,01:02 ~ 01:06,01:06 ~ 01:10
Aeroporto de Roma-Fiumicino,Aeroporto de Heathrow (Londres),1446,01:36 ~ 01:42,01:42 ~ 01:48
Aeroporto de Roma-Fiumicino,Aeroporto de Gatwick (Londres),1407,01:33 ~ 01:39,01:39 ~ 01:45
Aeroporto de Roma-Fiumicino,Aeroporto Internacional de Budapeste Ferenc Liszt,838,00:55 ~ 00:59,00:59 ~ 01:02
Aeroporto de Roma-Fiumicino,Aeroporto de Schiphol (Amsterdã),1297,01:26 ~ 01:31,01:31 ~ 01:37
Aeroporto de Roma-Fiumicino,Aeroporto Internacional de Boryspil (Kiev),1721,01:54 ~ 02:01,02:01 ~ 02:09
Aeroporto de Roma-Fiumicino,Aeroporto de Istambul,1387,01:32 ~ 01:37,01:37 ~ 01:44
Aeroporto de Roma-Fiumicino,Aeroporto de Zurique,693,00:46 ~ 00:48,00:48 ~ 00:51
Aeroporto de Roma-Fiumicino,Aeroporto de Estocolmo-Arlanda,2024,02:14 ~ 02:22,02:22 ~ 02:31
Aeroporto de Roma-Fiumicino,Aeroporto Nikola Tesla (Belgrado),734,00:48 ~ 00:51,00:51 ~ 00:55
Aeroporto de Roma-Fiumicino,Aeroporto Internacional Sheremetyevo (Moscou),2403,02:40 ~ 02:49,02:49 ~ 03:00
Aeroporto de Roma-Fiumicino,Aeroporto de Pulkovo (São Petersburgo),2355,02:37 ~ 02:46,02:46 ~ 02:56
Aeroporto de Roma-Fiumicino,Aeroporto Internacional Henri Coand? (Bucareste),1167,01:17 ~ 01:22,01:22 ~ 01:27
Aeroporto de Roma-Fiumicino,Aeroporto Humberto Delgado (Lisboa),1844,02:02 ~ 02:10,02:10 ~ 02:18
Aeroporto de Roma-Fiumicino,Aeroporto Francisco Sá Carneiro (Porto),1742,01:56 ~ 02:02,02:02 ~ 02:10
Aeroporto de Roma-Fiumicino,Aeroporto Internacional de Malta,687,00:45 ~ 00:48,00:48 ~ 00:51
Aeroporto de Roma-Fiumicino,Aeroporto de Luxemburgo,988,01:05 ~ 01:09,01:09 ~ 01:14
Aeroporto de Roma-Fiumicino,Aeroporto Internacional de Vilnius,1720,01:54 ~ 02:01,02:01 ~ 02:08
Aeroporto de Roma-Fiumicino,Aeroporto Internacional de Riga,1880,02:05 ~ 02:12,02:12 ~ 02:21
Aeroporto de Roma-Fiumicino,Aeroporto Internacional Madre Teresa (Tirana),626,00:41 ~ 00:44,00:44 ~ 00:46
Aeroporto de Roma-Fiumicino,Aeroporto de Barcelona-El Prat (Espanha),849,00:56 ~ 00:59,00:59 ~ 01:03
Aeroporto de Roma-Fiumicino,Aeroporto de Toulouse-Blagnac (França),913,01:00 ~ 01:04,01:04 ~ 01:08
Aeroporto de Roma-Fiumicino,Aeroporto Internacional de Viena,780,00:52 ~ 00:55,00:55 ~ 00:58
Aeroporto de Roma-Fiumicino,Aeroporto de Bruxelas,1173,01:18 ~ 01:22,01:22 ~ 01:27
Aeroporto de Roma-Fiumicino,Aeroporto de Sófia,926,01:01 ~ 01:05,01:05 ~ 01:09
Aeroporto de Roma-Fiumicino,Aeroporto de Bratislava,810,00:54 ~ 00:57,00:57 ~ 01:00
Aeroporto de Roma-Fiumicino,Aeroporto de Ljubljana Joe Pu?nik,522,00:34 ~ 00:36,00:36 ~ 00:39
Aeroporto de Roma-Fiumicino,Aeroporto Adolfo Suárez Madrid-Barajas,1332,01:28 ~ 01:34,01:34 ~ 01:39
Aeroporto de Roma-Fiumicino,Aeroporto de Barcelona-El Prat,849,00:56 ~ 00:59,00:59 ~ 01:03
Aeroporto de Roma-Fiumicino,Aeroporto de Tallinn,2143,02:22 ~ 02:31,02:31 ~ 02:40
Aeroporto de Roma-Fiumicino,Aeroporto de Vágar,2601,02:53 ~ 03:03,03:03 ~ 03:15
Aeroporto de Roma-Fiumicino,Aeroporto de Helsinque,2237,02:29 ~ 02:37,02:37 ~ 02:47
Aeroporto de Roma-Fiumicino,Aeroporto Internacional de Brasília,8877,09:51 ~ 10:26,10:26 ~ 11:05
Aeroporto de Roma-Fiumicino,Aeroporto Internacional de Várzea Grande,9477,10:31 ~ 11:08,11:08 ~ 11:50
Aeroporto de Roma-Fiumicino,Aeroporto Internacional de Belém,7735,08:35 ~ 09:05,09:05 ~ 09:40
Aeroporto de Roma-Fiumicino,Aeroporto Internacional de Tabatinga,9308,10:20 ~ 10:57,10:57 ~ 11:38
Aeroporto de Roma-Fiumicino,Aeroporto Internacional de Manaus,8780,09:45 ~ 10:19,10:19 ~ 10:58
Aeroporto de Roma-Fiumicino,Aeroporto Internacional de Macapá,7826,08:41 ~ 09:12,09:12 ~ 09:46
Aeroporto de Roma-Fiumicino,Aeroporto Internacional de Fortaleza,7191,07:59 ~ 08:27,08:27 ~ 08:59
Aeroporto de Roma-Fiumicino,Aeroporto Internacional de Maceió,7455,08:16 ~ 08:46,08:46 ~ 09:19
Aeroporto de Roma-Fiumicino,Aeroporto Internacional de Aracaju,7711,08:34 ~ 09:04,09:04 ~ 09:38
Aeroporto de Roma-Fiumicino,Aeroporto Internacional de Belo Horizonte,8875,09:51 ~ 10:26,10:26 ~ 11:05
Aeroporto de Roma-Fiumicino,Aeroporto Santos Dumont,9155,10:10 ~ 10:46,10:46 ~ 11:26
Aeroporto de Roma-Fiumicino,Aeroporto Internacional do Rio de Janeiro,9151,10:10 ~ 10:45,10:45 ~ 11:26
Aeroporto de Roma-Fiumicino,Aeroporto Internacional de Vitória,8740,09:42 ~ 10:16,10:16 ~ 10:55
Aeroporto de Roma-Fiumicino,Aeroporto Internacional de São José dos Campos,9355,10:23 ~ 11:00,11:00 ~ 11:41
Aeroporto de Roma-Fiumicino,Aeroporto Internacional de Viracopos,9487,10:32 ~ 11:09,11:09 ~ 11:51
Aeroporto de Roma-Fiumicino,Aeroporto Internacional de Curitiba,9745,10:49 ~ 11:27,11:27 ~ 12:10
Aeroporto de Roma-Fiumicino,Aeroporto Internacional de Florianópolis,9907,11:00 ~ 11:39,11:39 ~ 12:23
Aeroporto de Roma-Fiumicino,Aeroporto Internacional de Navegantes,9850,10:56 ~ 11:35,11:35 ~ 12:18
Aeroporto de Roma-Fiumicino,Aeroporto Internacional de Porto Alegre,10269,11:24 ~ 12:04,12:04 ~ 12:50
Aeroporto de Roma-Fiumicino,Aeroporto de Copenhague,2368,02:37 ~ 02:47,02:47 ~ 02:57
Aeroporto de Roma-Fiumicino,Aeroporto Internacional Hartsfield-Jackson Atlanta,8103,09:00 ~ 09:31,09:31 ~ 10:07
Aeroporto de Roma-Fiumicino,Aeroporto de Teresina,7609,08:27 ~ 08:57,08:57 ~ 09:30
Aeroporto de Roma-Fiumicino,Aeroporto Internacional de João Pessoa,7236,08:02 ~ 08:30,08:30 ~ 09:02
Aeroporto de Milão-Malpensa,Aeroporto Internacional de Guarulhos,9464,10:30 ~ 11:08,11:08 ~ 11:49
Aeroporto de Milão-Malpensa,Aeroporto Internacional do Recife,7371,08:11 ~ 08:40,08:40 ~ 09:12
Aeroporto de Milão-Malpensa,Aeroporto Internacional de Salvador,8018,08:54 ~ 09:25,09:25 ~ 10:01
Aeroporto de Milão-Malpensa,Aeroporto Internacional de Natal,7171,07:58 ~ 08:26,08:26 ~ 08:57
Aeroporto de Milão-Malpensa,Aeroporto Internacional de São Luís,7456,08:17 ~ 08:46,08:46 ~ 09:19
Aeroporto de Milão-Malpensa,Aeroporto Internacional Pinto Martins,7189,07:59 ~ 08:27,08:27 ~ 08:59
Aeroporto de Milão-Malpensa,Aeroporto Internacional de Nursultan Nazarbayev,4548,05:03 ~ 05:21,05:21 ~ 05:41
Aeroporto de Milão-Malpensa,Aeroporto Internacional de Xangai Pudong,9165,10:11 ~ 10:46,10:46 ~ 11:27
Aeroporto de Milão-Malpensa,Aeroporto Internacional de Pequim Capital,8114,09:00 ~ 09:32,09:32 ~ 10:08
Aeroporto de Milão-Malpensa,Aeroporto Internacional de Pyongyang Sunan,8704,09:40 ~ 10:14,10:14 ~ 10:52
Aeroporto de Milão-Malpensa,Aeroporto Internacional de Incheon,8899,09:53 ~ 10:28,10:28 ~ 11:07
Aeroporto de Milão-Malpensa,Aeroporto Internacional Ninoy Aquino,10518,11:41 ~ 12:22,12:22 ~ 13:08
Aeroporto de Milão-Malpensa,Aeroporto Internacional de Hong Kong,9374,10:24 ~ 11:01,11:01 ~ 11:43
Aeroporto de Milão-Malpensa,Aeroporto Internacional Indira Gandhi,6171,06:51 ~ 07:15,07:15 ~ 07:42
Aeroporto de Milão-Malpensa,Aeroporto Internacional Soekarno-Hatta (Jacarta),11111,12:20 ~ 13:04,13:04 ~ 13:53
Aeroporto de Milão-Malpensa,Aeroporto Internacional Ngurah Rai (Bali),11979,13:18 ~ 14:05,14:05 ~ 14:58
Aeroporto de Milão-Malpensa,Aeroporto Internacional de Narita (Tóquio),9772,10:51 ~ 11:29,11:29 ~ 12:12
Aeroporto de Milão-Malpensa,Aeroporto Internacional de Haneda (Tóquio),9763,10:50 ~ 11:29,11:29 ~ 12:12
Aeroporto de Milão-Malpensa,Aeroporto Internacional de Kansai (Osaka),9641,10:42 ~ 11:20,11:20 ~ 12:03
Aeroporto de Milão-Malpensa,Aeroporto Internacional de Wattay (Vientiane),8893,09:52 ~ 10:27,10:27 ~ 11:06
Aeroporto de Milão-Malpensa,Aeroporto Internacional de Kuala Lumpur (Sepang),10026,11:08 ~ 11:47,11:47 ~ 12:31
Aeroporto de Milão-Malpensa,Aeroporto Internacional de Penang (Penang),9714,10:47 ~ 11:25,11:25 ~ 12:08
Aeroporto de Milão-Malpensa,Aeroporto Internacional de Malé,7734,08:35 ~ 09:05,09:05 ~ 09:40
Aeroporto de Milão-Malpensa,Aeroporto Internacional de Changi,10313,11:27 ~ 12:07,12:07 ~ 12:53
Aeroporto de Milão-Malpensa,Aeroporto Internacional de Suvarnabhumi,9090,10:05 ~ 10:41,10:41 ~ 11:21
Aeroporto de Milão-Malpensa,Aeroporto Internacional Don Mueang,9061,10:04 ~ 10:39,10:39 ~ 11:19
Aeroporto de Milão-Malpensa,Aeroporto Internacional de Taiwan Taoyuan,9640,10:42 ~ 11:20,11:20 ~ 12:03
Aeroporto de Milão-Malpensa,Aeroporto Internacional de Tan Son Nhat,9766,10:51 ~ 11:29,11:29 ~ 12:12
Aeroporto de Milão-Malpensa,Aeroporto Internacional de Noi Bai,8880,09:52 ~ 10:26,10:26 ~ 11:05
Aeroporto de Milão-Malpensa,Aeroporto de Frankfurt,490,00:32 ~ 00:34,00:34 ~ 00:36
Aeroporto de Milão-Malpensa,Aeroporto de Dublin,1383,01:32 ~ 01:37,01:37 ~ 01:43
Aeroporto de Milão-Malpensa,Aeroporto de Varsóvia Chopin,1152,01:16 ~ 01:21,01:21 ~ 01:26
Aeroporto de Milão-Malpensa,Aeroporto de Oslo-Gardermoen,1630,01:48 ~ 01:55,01:55 ~ 02:02
Aeroporto de Milão-Malpensa,Aeroporto de Roma-Fiumicino,511,00:34 ~ 00:36,00:36 ~ 00:38
Aeroporto de Milão-Malpensa,Aeroporto de Praga,647,00:43 ~ 00:45,00:45 ~ 00:48
Aeroporto de Milão-Malpensa,Aeroporto de Heathrow (Londres),938,01:02 ~ 01:06,01:06 ~ 01:10
Aeroporto de Milão-Malpensa,Aeroporto de Gatwick (Londres),900,01:00 ~ 01:03,01:03 ~ 01:07
Aeroporto de Milão-Malpensa,Aeroporto Internacional de Budapeste Ferenc Liszt,832,00:55 ~ 00:58,00:58 ~ 01:02
Aeroporto de Milão-Malpensa,Aeroporto de Schiphol (Amsterdã),797,00:53 ~ 00:56,00:56 ~ 00:59
Aeroporto de Milão-Malpensa,Aeroporto Internacional de Boryspil (Kiev),1729,01:55 ~ 02:02,02:02 ~ 02:09
Aeroporto de Milão-Malpensa,Aeroporto de Istambul,1705,01:53 ~ 02:00,02:00 ~ 02:07
Aeroporto de Milão-Malpensa,Aeroporto de Zurique,204,00:13 ~ 00:14,00:14 ~ 00:15
Aeroporto de Milão-Malpensa,Aeroporto de Estocolmo-Arlanda,1676,01:51 ~ 01:58,01:58 ~ 02:05
Aeroporto de Milão-Malpensa,Aeroporto Nikola Tesla (Belgrado),912,01:00 ~ 01:04,01:04 ~ 01:08
Aeroporto de Milão-Malpensa,Aeroporto Internacional Sheremetyevo (Moscou),2303,02:33 ~ 02:42,02:42 ~ 02:52
Aeroporto de Milão-Malpensa,Aeroporto de Pulkovo (São Petersburgo),2127,02:21 ~ 02:30,02:30 ~ 02:39
Aeroporto de Milão-Malpensa,Aeroporto Internacional Henri Coand? (Bucareste),1371,01:31 ~ 01:36,01:36 ~ 01:42
Aeroporto de Milão-Malpensa,Aeroporto Humberto Delgado (Lisboa),1656,01:50 ~ 01:56,01:56 ~ 02:04
Aeroporto de Milão-Malpensa,Aeroporto Francisco Sá Carneiro (Porto),1487,01:39 ~ 01:44,01:44 ~ 01:51
Aeroporto de Milão-Malpensa,Aeroporto Internacional de Malta,1188,01:19 ~ 01:23,01:23 ~ 01:29
Aeroporto de Milão-Malpensa,Aeroporto de Luxemburgo,483,00:32 ~ 00:34,00:34 ~ 00:36
Aeroporto de Milão-Malpensa,Aeroporto Internacional de Vilnius,1545,01:42 ~ 01:49,01:49 ~ 01:55
Aeroporto de Milão-Malpensa,Aeroporto Internacional de Riga,1639,01:49 ~ 01:55,01:55 ~ 02:02
Aeroporto de Milão-Malpensa,Aeroporto Internacional Madre Teresa (Tirana),1004,01:06 ~ 01:10,01:10 ~ 01:15
Aeroporto de Milão-Malpensa,Aeroporto de Barcelona-El Prat (Espanha),722,00:48 ~ 00:50,00:50 ~ 00:54
Aeroporto de Milão-Malpensa,Aeroporto de Toulouse-Blagnac (França),623,00:41 ~ 00:43,00:43 ~ 00:46
Aeroporto de Milão-Malpensa,Aeroporto Internacional de Viena,658,00:43 ~ 00:46,00:46 ~ 00:49
Aeroporto de Milão-Malpensa,Aeroporto de Bruxelas,665,00:44 ~ 00:46,00:46 ~ 00:49
Aeroporto de Milão-Malpensa,Aeroporto de Sófia,1217,01:21 ~ 01:25,01:25 ~ 01:31
Aeroporto de Milão-Malpensa,Aeroporto de Bratislava,706,00:47 ~ 00:49,00:49 ~ 00:52
Aeroporto de Milão-Malpensa,Aeroporto de Ljubljana Joe Pu?nik,450,00:30 ~ 00:31,00:31 ~ 00:33
Aeroporto de Milão-Malpensa,Aeroporto Adolfo Suárez Madrid-Barajas,1150,01:16 ~ 01:21,01:21 ~ 01:26
Aeroporto de Milão-Malpensa,Aeroporto de Barcelona-El Prat,721,00:48 ~ 00:50,00:50 ~ 00:54
Aeroporto de Milão-Malpensa,Aeroporto de Tallinn,1872,02:04 ~ 02:12,02:12 ~ 02:20
Aeroporto de Milão-Malpensa,Aeroporto de Vágar,2098,02:19 ~ 02:28,02:28 ~ 02:37
Aeroporto de Milão-Malpensa,Aeroporto de Helsinque,1954,02:10 ~ 02:17,02:17 ~ 02:26
Aeroporto de Milão-Malpensa,Aeroporto Internacional de Brasília,8875,09:51 ~ 10:26,10:26 ~ 11:05
Aeroporto de Milão-Malpensa,Aeroporto Internacional de Várzea Grande,9419,10:27 ~ 11:04,11:04 ~ 11:46
Aeroporto de Milão-Malpensa,Aeroporto Internacional de Belém,7644,08:29 ~ 08:59,08:59 ~ 09:33
Aeroporto de Milão-Malpensa,Aeroporto Internacional de Tabatinga,9115,10:07 ~ 10:43,10:43 ~ 11:23
Aeroporto de Milão-Malpensa,Aeroporto Internacional de Manaus,8623,09:34 ~ 10:08,10:08 ~ 10:46
Aeroporto de Milão-Malpensa,Aeroporto Internacional de Macapá,7709,08:33 ~ 09:04,09:04 ~ 09:38
Aeroporto de Milão-Malpensa,Aeroporto Internacional de Fortaleza,7189,07:59 ~ 08:27,08:27 ~ 08:59
Aeroporto de Milão-Malpensa,Aeroporto Internacional de Maceió,7505,08:20 ~ 08:49,08:49 ~ 09:22
Aeroporto de Milão-Malpensa,Aeroporto Internacional de Aracaju,7761,08:37 ~ 09:07,09:07 ~ 09:42
Aeroporto de Milão-Malpensa,Aeroporto Internacional de Belo Horizonte,8927,09:55 ~ 10:30,10:30 ~ 11:09
Aeroporto de Milão-Malpensa,Aeroporto Santos Dumont,9224,10:14 ~ 10:51,10:51 ~ 11:31
Aeroporto de Milão-Malpensa,Aeroporto Internacional do Rio de Janeiro,9219,10:14 ~ 10:50,10:50 ~ 11:31
Aeroporto de Milão-Malpensa,Aeroporto Internacional de Vitória,8815,09:47 ~ 10:22,10:22 ~ 11:01
Aeroporto de Milão-Malpensa,Aeroporto Internacional de São José dos Campos,9408,10:27 ~ 11:04,11:04 ~ 11:45
Aeroporto de Milão-Malpensa,Aeroporto Internacional de Viracopos,9526,10:35 ~ 11:12,11:12 ~ 11:54
Aeroporto de Milão-Malpensa,Aeroporto Internacional de Curitiba,9788,10:52 ~ 11:30,11:30 ~ 12:14
Aeroporto de Milão-Malpensa,Aeroporto Internacional de Florianópolis,9967,11:04 ~ 11:43,11:43 ~ 12:27
Aeroporto de Milão-Malpensa,Aeroporto Internacional de Navegantes,9906,11:00 ~ 11:39,11:39 ~ 12:22
Aeroporto de Milão-Malpensa,Aeroporto Internacional de Porto Alegre,10326,11:28 ~ 12:08,12:08 ~ 12:54
Aeroporto de Milão-Malpensa,Aeroporto de Copenhague,1864,02:04 ~ 02:11,02:11 ~ 02:19
Aeroporto de Milão-Malpensa,Aeroporto Internacional Hartsfield-Jackson Atlanta,7651,08:30 ~ 09:00,09:00 ~ 09:33
Aeroporto de Milão-Malpensa,Aeroporto de Teresina,7581,08:25 ~ 08:55,08:55 ~ 09:28
Aeroporto de Milão-Malpensa,Aeroporto Internacional de João Pessoa,7281,08:05 ~ 08:33,08:33 ~ 09:06
Aeroporto de Praga,Aeroporto Internacional de Guarulhos,10098,11:13 ~ 11:52,11:52 ~ 12:37
Aeroporto de Praga,Aeroporto Internacional do Recife,8007,08:53 ~ 09:25,09:25 ~ 10:00
Aeroporto de Praga,Aeroporto Internacional de Salvador,8653,09:36 ~ 10:10,10:10 ~ 10:48
Aeroporto de Praga,Aeroporto Internacional de Natal,7804,08:40 ~ 09:10,09:10 ~ 09:45
Aeroporto de Praga,Aeroporto Internacional de São Luís,8056,08:57 ~ 09:28,09:28 ~ 10:04
Aeroporto de Praga,Aeroporto Internacional Pinto Martins,7810,08:40 ~ 09:11,09:11 ~ 09:45
Aeroporto de Praga,Aeroporto Internacional de Nursultan Nazarbayev,3951,04:23 ~ 04:38,04:38 ~ 04:56
Aeroporto de Praga,Aeroporto Internacional de Xangai Pudong,8540,09:29 ~ 10:02,10:02 ~ 10:40
Aeroporto de Praga,Aeroporto Internacional de Pequim Capital,7482,08:18 ~ 08:48,08:48 ~ 09:21
Aeroporto de Praga,Aeroporto Internacional de Pyongyang Sunan,8063,08:57 ~ 09:29,09:29 ~ 10:04
Aeroporto de Praga,Aeroporto Internacional de Incheon,8258,09:10 ~ 09:42,09:42 ~ 10:19
Aeroporto de Praga,Aeroporto Internacional Ninoy Aquino,9936,11:02 ~ 11:41,11:41 ~ 12:25
Aeroporto de Praga,Aeroporto Internacional de Hong Kong,8793,09:46 ~ 10:20,10:20 ~ 10:59
Aeroporto de Praga,Aeroporto Internacional Indira Gandhi,5726,06:21 ~ 06:44,06:44 ~ 07:09
Aeroporto de Praga,Aeroporto Internacional Soekarno-Hatta (Jacarta),10699,11:53 ~ 12:35,12:35 ~ 13:22
Aeroporto de Praga,Aeroporto Internacional Ngurah Rai (Bali),11528,12:48 ~ 13:33,13:33 ~ 14:24
Aeroporto de Praga,Aeroporto Internacional de Narita (Tóquio),9125,10:08 ~ 10:44,10:44 ~ 11:24
Aeroporto de Praga,Aeroporto Internacional de Haneda (Tóquio),9117,10:07 ~ 10:43,10:43 ~ 11:23
Aeroporto de Praga,Aeroporto Internacional de Kansai (Osaka),8995,09:59 ~ 10:34,10:34 ~ 11:14
Aeroporto de Praga,Aeroporto Internacional de Wattay (Vientiane),8377,09:18 ~ 09:51,09:51 ~ 10:28
Aeroporto de Praga,Aeroporto Internacional de Kuala Lumpur (Sepang),9594,10:39 ~ 11:17,11:17 ~ 11:59
Aeroporto de Praga,Aeroporto Internacional de Penang (Penang),9276,10:18 ~ 10:54,10:54 ~ 11:35
Aeroporto de Praga,Aeroporto Internacional de Malé,7500,08:20 ~ 08:49,08:49 ~ 09:22
Aeroporto de Praga,Aeroporto Internacional de Changi,9874,10:58 ~ 11:36,11:36 ~ 12:20
Aeroporto de Praga,Aeroporto Internacional de Suvarnabhumi,8604,09:33 ~ 10:07,10:07 ~ 10:45
Aeroporto de Praga,Aeroporto Internacional Don Mueang,8575,09:31 ~ 10:05,10:05 ~ 10:43
Aeroporto de Praga,Aeroporto Internacional de Taiwan Taoyuan,9029,10:01 ~ 10:37,10:37 ~ 11:17
Aeroporto de Praga,Aeroporto Internacional de Tan Son Nhat,9264,10:17 ~ 10:53,10:53 ~ 11:34
Aeroporto de Praga,Aeroporto Internacional de Noi Bai,8335,09:15 ~ 09:48,09:48 ~ 10:25
Aeroporto de Praga,Aeroporto de Frankfurt,407,00:27 ~ 00:28,00:28 ~ 00:30
Aeroporto de Praga,Aeroporto de Dublin,1457,01:37 ~ 01:42,01:42 ~ 01:49
Aeroporto de Praga,Aeroporto de Varsóvia Chopin,522,00:34 ~ 00:36,00:36 ~ 00:39
Aeroporto de Praga,Aeroporto de Oslo-Gardermoen,1143,01:16 ~ 01:20,01:20 ~ 01:25
Aeroporto de Praga,Aeroporto de Roma-Fiumicino,936,01:02 ~ 01:06,01:06 ~ 01:10
Aeroporto de Praga,Aeroporto de Milão-Malpensa,647,00:43 ~ 00:45,00:45 ~ 00:48
Aeroporto de Praga,Aeroporto de Heathrow (Londres),1047,01:09 ~ 01:13,01:13 ~ 01:18
Aeroporto de Praga,Aeroporto de Gatwick (Londres),1027,01:08 ~ 01:12,01:12 ~ 01:17
Aeroporto de Praga,Aeroporto Internacional de Budapeste Ferenc Liszt,471,00:31 ~ 00:33,00:33 ~ 00:35
Aeroporto de Praga,Aeroporto de Schiphol (Amsterdã),707,00:47 ~ 00:49,00:49 ~ 00:53
Aeroporto de Praga,Aeroporto Internacional de Boryspil (Kiev),1185,01:19 ~ 01:23,01:23 ~ 01:28
Aeroporto de Praga,Aeroporto de Istambul,1518,01:41 ~ 01:47,01:47 ~ 01:53
Aeroporto de Praga,Aeroporto de Zurique,512,00:34 ~ 00:36,00:36 ~ 00:38
Aeroporto de Praga,Aeroporto de Estocolmo-Arlanda,1088,01:12 ~ 01:16,01:16 ~ 01:21
Aeroporto de Praga,Aeroporto Nikola Tesla (Belgrado),742,00:49 ~ 00:52,00:52 ~ 00:55
Aeroporto de Praga,Aeroporto Internacional Sheremetyevo (Moscou),1675,01:51 ~ 01:58,01:58 ~ 02:05
Aeroporto de Praga,Aeroporto de Pulkovo (São Petersburgo),1482,01:38 ~ 01:44,01:44 ~ 01:51
Aeroporto de Praga,Aeroporto Internacional Henri Coand? (Bucareste),1084,01:12 ~ 01:16,01:16 ~ 01:21
Aeroporto de Praga,Aeroporto Humberto Delgado (Lisboa),2234,02:28 ~ 02:37,02:37 ~ 02:47
Aeroporto de Praga,Aeroporto Francisco Sá Carneiro (Porto),2029,02:15 ~ 02:23,02:23 ~ 02:32
Aeroporto de Praga,Aeroporto Internacional de Malta,1582,01:45 ~ 01:51,01:51 ~ 01:58
Aeroporto de Praga,Aeroporto de Luxemburgo,581,00:38 ~ 00:41,00:41 ~ 00:43
Aeroporto de Praga,Aeroporto Internacional de Vilnius,904,01:00 ~ 01:03,01:03 ~ 01:07
Aeroporto de Praga,Aeroporto Internacional de Riga,994,01:06 ~ 01:10,01:10 ~ 01:14
Aeroporto de Praga,Aeroporto Internacional Madre Teresa (Tirana),1054,01:10 ~ 01:14,01:14 ~ 01:19
Aeroporto de Praga,Aeroporto de Barcelona-El Prat (Espanha),1360,01:30 ~ 01:36,01:36 ~ 01:42
Aeroporto de Praga,Aeroporto de Toulouse-Blagnac (França),1214,01:20 ~ 01:25,01:25 ~ 01:31
Aeroporto de Praga,Aeroporto Internacional de Viena,278,00:18 ~ 00:19,00:19 ~ 00:20
Aeroporto de Praga,Aeroporto de Bruxelas,699,00:46 ~ 00:49,00:49 ~ 00:52
Aeroporto de Praga,Aeroporto de Sófia,1081,01:12 ~ 01:16,01:16 ~ 01:21
Aeroporto de Praga,Aeroporto de Bratislava,303,00:20 ~ 00:21,00:21 ~ 00:22
Aeroporto de Praga,Aeroporto de Ljubljana Joe Pu?nik,432,00:28 ~ 00:30,00:30 ~ 00:32
Aeroporto de Praga,Aeroporto Adolfo Suárez Madrid-Barajas,1752,01:56 ~ 02:03,02:03 ~ 02:11
Aeroporto de Praga,Aeroporto de Barcelona-El Prat,1360,01:30 ~ 01:36,01:36 ~ 01:42
Aeroporto de Praga,Aeroporto de Tallinn,1236,01:22 ~ 01:27,01:27 ~ 01:32
Aeroporto de Praga,Aeroporto de Vágar,1873,02:04 ~ 02:12,02:12 ~ 02:20
Aeroporto de Praga,Aeroporto de Helsinque,1323,01:28 ~ 01:33,01:33 ~ 01:39
Aeroporto de Praga,Aeroporto Internacional de Brasília,9494,10:32 ~ 11:10,11:10 ~ 11:52
Aeroporto de Praga,Aeroporto Internacional de Várzea Grande,10011,11:07 ~ 11:46,11:46 ~ 12:30
Aeroporto de Praga,Aeroporto Internacional de Belém,8224,09:08 ~ 09:40,09:40 ~ 10:16
Aeroporto de Praga,Aeroporto Internacional de Tabatinga,9618,10:41 ~ 11:18,11:18 ~ 12:01
Aeroporto de Praga,Aeroporto Internacional de Manaus,9156,10:10 ~ 10:46,10:46 ~ 11:26
Aeroporto de Praga,Aeroporto Internacional de Macapá,8273,09:11 ~ 09:43,09:43 ~ 10:20
Aeroporto de Praga,Aeroporto Internacional de Fortaleza,7810,08:40 ~ 09:11,09:11 ~ 09:45
Aeroporto de Praga,Aeroporto Internacional de Maceió,8141,09:02 ~ 09:34,09:34 ~ 10:10
Aeroporto de Praga,Aeroporto Internacional de Aracaju,8396,09:19 ~ 09:52,09:52 ~ 10:29
Aeroporto de Praga,Aeroporto Internacional de Belo Horizonte,9561,10:37 ~ 11:14,11:14 ~ 11:57
Aeroporto de Praga,Aeroporto Santos Dumont,9863,10:57 ~ 11:36,11:36 ~ 12:19
Aeroporto de Praga,Aeroporto Internacional do Rio de Janeiro,9858,10:57 ~ 11:35,11:35 ~ 12:19
Aeroporto de Praga,Aeroporto Internacional de Vitória,9455,10:30 ~ 11:07,11:07 ~ 11:49
Aeroporto de Praga,Aeroporto Internacional de São José dos Campos,10043,11:09 ~ 11:48,11:48 ~ 12:33
Aeroporto de Praga,Aeroporto Internacional de Viracopos,10157,11:17 ~ 11:56,11:56 ~ 12:41
Aeroporto de Praga,Aeroporto Internacional de Curitiba,10420,11:34 ~ 12:15,12:15 ~ 13:01
Aeroporto de Praga,Aeroporto Internacional de Florianópolis,10603,11:46 ~ 12:28,12:28 ~ 13:15
Aeroporto de Praga,Aeroporto Internacional de Navegantes,10540,11:42 ~ 12:24,12:24 ~ 13:10
Aeroporto de Praga,Aeroporto Internacional de Porto Alegre,10961,12:10 ~ 12:53,12:53 ~ 13:42
Aeroporto de Praga,Aeroporto de Copenhague,1900,02:06 ~ 02:14,02:14 ~ 02:22
Aeroporto de Praga,Aeroporto Internacional Hartsfield-Jackson Atlanta,7786,08:39 ~ 09:09,09:09 ~ 09:43
Aeroporto de Praga,Aeroporto de Teresina,8192,09:06 ~ 09:38,09:38 ~ 10:14
Aeroporto de Praga,Aeroporto Internacional de João Pessoa,7916,08:47 ~ 09:18,09:18 ~ 09:53
Aeroporto de Heathrow (Londres),Aeroporto Internacional de Guarulhos,9436,10:29 ~ 11:06,11:06 ~ 11:47
Aeroporto de Heathrow (Londres),Aeroporto Internacional do Recife,7382,08:12 ~ 08:41,08:41 ~ 09:13
Aeroporto de Heathrow (Londres),Aeroporto Internacional de Salvador,8016,08:54 ~ 09:25,09:25 ~ 10:01
Aeroporto de Heathrow (Londres),Aeroporto Internacional de Natal,7157,07:57 ~ 08:25,08:25 ~ 08:56
Aeroporto de Heathrow (Londres),Aeroporto Internacional de São Luís,7276,08:05 ~ 08:33,08:33 ~ 09:05
Aeroporto de Heathrow (Londres),Aeroporto Internacional Pinto Martins,7106,07:53 ~ 08:21,08:21 ~ 08:52
Aeroporto de Heathrow (Londres),Aeroporto Internacional de Nursultan Nazarbayev,4812,05:20 ~ 05:39,05:39 ~ 06:00
Aeroporto de Heathrow (Londres),Aeroporto Internacional de Xangai Pudong,9262,10:17 ~ 10:53,10:53 ~ 11:34
Aeroporto de Heathrow (Londres),Aeroporto Internacional de Pequim Capital,8176,09:05 ~ 09:37,09:37 ~ 10:13
Aeroporto de Heathrow (Londres),Aeroporto Internacional de Pyongyang Sunan,8681,09:38 ~ 10:12,10:12 ~ 10:51
Aeroporto de Heathrow (Londres),Aeroporto Internacional de Incheon,8884,09:52 ~ 10:27,10:27 ~ 11:06
Aeroporto de Heathrow (Londres),Aeroporto Internacional Ninoy Aquino,10781,11:58 ~ 12:41,12:41 ~ 13:28
Aeroporto de Heathrow (Londres),Aeroporto Internacional de Hong Kong,9647,10:43 ~ 11:20,11:20 ~ 12:03
Aeroporto de Heathrow (Londres),Aeroporto Internacional Indira Gandhi,6745,07:29 ~ 07:56,07:56 ~ 08:25
Aeroporto de Heathrow (Londres),Aeroporto Internacional Soekarno-Hatta (Jacarta),11722,13:01 ~ 13:47,13:47 ~ 14:39
Aeroporto de Heathrow (Londres),Aeroporto Internacional Ngurah Rai (Bali),12528,13:55 ~ 14:44,14:44 ~ 15:39
Aeroporto de Heathrow (Londres),Aeroporto Internacional de Narita (Tóquio),9614,10:40 ~ 11:18,11:18 ~ 12:01
Aeroporto de Heathrow (Londres),Aeroporto Internacional de Haneda (Tóquio),9614,10:40 ~ 11:18,11:18 ~ 12:01
Aeroporto de Heathrow (Londres),Aeroporto Internacional de Kansai (Osaka),9553,10:36 ~ 11:14,11:14 ~ 11:56
Aeroporto de Heathrow (Londres),Aeroporto Internacional de Wattay (Vientiane),9332,10:22 ~ 10:58,10:58 ~ 11:39
Aeroporto de Heathrow (Londres),Aeroporto Internacional de Kuala Lumpur (Sepang),10610,11:47 ~ 12:28,12:28 ~ 13:15
Aeroporto de Heathrow (Londres),Aeroporto Internacional de Penang (Penang),10290,11:26 ~ 12:06,12:06 ~ 12:51
Aeroporto de Heathrow (Londres),Aeroporto Internacional de Malé,8538,09:29 ~ 10:02,10:02 ~ 10:40
Aeroporto de Heathrow (Londres),Aeroporto Internacional de Changi,10887,12:05 ~ 12:48,12:48 ~ 13:36
Aeroporto de Heathrow (Londres),Aeroporto Internacional de Suvarnabhumi,9588,10:39 ~ 11:16,11:16 ~ 11:59
Aeroporto de Heathrow (Londres),Aeroporto Internacional Don Mueang,9558,10:37 ~ 11:14,11:14 ~ 11:56
Aeroporto de Heathrow (Londres),Aeroporto Internacional de Taiwan Taoyuan,9801,10:53 ~ 11:31,11:31 ~ 12:15
Aeroporto de Heathrow (Londres),Aeroporto Internacional de Tan Son Nhat,10229,11:21 ~ 12:02,12:02 ~ 12:47
Aeroporto de Heathrow (Londres),Aeroporto Internacional de Noi Bai,9253,10:16 ~ 10:53,10:53 ~ 11:33
Aeroporto de Heathrow (Londres),Aeroporto de Frankfurt,657,00:43 ~ 00:46,00:46 ~ 00:49
Aeroporto de Heathrow (Londres),Aeroporto de Dublin,448,00:29 ~ 00:31,00:31 ~ 00:33
Aeroporto de Heathrow (Londres),Aeroporto de Varsóvia Chopin,1474,01:38 ~ 01:44,01:44 ~ 01:50
Aeroporto de Heathrow (Londres),Aeroporto de Oslo-Gardermoen,1208,01:20 ~ 01:25,01:25 ~ 01:30
Aeroporto de Heathrow (Londres),Aeroporto de Roma-Fiumicino,1446,01:36 ~ 01:42,01:42 ~ 01:48
Aeroporto de Heathrow (Londres),Aeroporto de Milão-Malpensa,938,01:02 ~ 01:06,01:06 ~ 01:10
Aeroporto de Heathrow (Londres),Aeroporto de Praga,1047,01:09 ~ 01:13,01:13 ~ 01:18
Aeroporto de Heathrow (Londres),Aeroporto de Gatwick (Londres),41,00:02 ~ 00:02,00:02 ~ 00:03
Aeroporto de Heathrow (Londres),Aeroporto Internacional de Budapeste Ferenc Liszt,1493,01:39 ~ 01:45,01:45 ~ 01:51
Aeroporto de Heathrow (Londres),Aeroporto de Schiphol (Amsterdã),371,00:24 ~ 00:26,00:26 ~ 00:27
Aeroporto de Heathrow (Londres),Aeroporto Internacional de Boryspil (Kiev),2192,02:26 ~ 02:34,02:34 ~ 02:44
Aeroporto de Heathrow (Londres),Aeroporto de Istambul,2519,02:47 ~ 02:57,02:57 ~ 03:08
Aeroporto de Heathrow (Londres),Aeroporto de Zurique,791,00:52 ~ 00:55,00:55 ~ 00:59
Aeroporto de Heathrow (Londres),Aeroporto de Estocolmo-Arlanda,1466,01:37 ~ 01:43,01:43 ~ 01:49
Aeroporto de Heathrow (Londres),Aeroporto Nikola Tesla (Belgrado),1704,01:53 ~ 02:00,02:00 ~ 02:07
Aeroporto de Heathrow (Londres),Aeroporto Internacional Sheremetyevo (Moscou),2516,02:47 ~ 02:57,02:57 ~ 03:08
Aeroporto de Heathrow (Londres),Aeroporto de Pulkovo (São Petersburgo),2120,02:21 ~ 02:29,02:29 ~ 02:38
Aeroporto de Heathrow (Londres),Aeroporto Internacional Henri Coand? (Bucareste),2111,02:20 ~ 02:29,02:29 ~ 02:38
Aeroporto de Heathrow (Londres),Aeroporto Humberto Delgado (Lisboa),1566,01:44 ~ 01:50,01:50 ~ 01:57
Aeroporto de Heathrow (Londres),Aeroporto Francisco Sá Carneiro (Porto),1300,01:26 ~ 01:31,01:31 ~ 01:37
Aeroporto de Heathrow (Londres),Aeroporto Internacional de Malta,2103,02:20 ~ 02:28,02:28 ~ 02:37
Aeroporto de Heathrow (Londres),Aeroporto de Luxemburgo,515,00:34 ~ 00:36,00:36 ~ 00:38
Aeroporto de Heathrow (Londres),Aeroporto Internacional de Vilnius,1752,01:56 ~ 02:03,02:03 ~ 02:11
Aeroporto de Heathrow (Londres),Aeroporto Internacional de Riga,1695,01:53 ~ 01:59,01:59 ~ 02:07
Aeroporto de Heathrow (Londres),Aeroporto Internacional Madre Teresa (Tirana),1902,02:06 ~ 02:14,02:14 ~ 02:22
Aeroporto de Heathrow (Londres),Aeroporto de Barcelona-El Prat (Espanha),1149,01:16 ~ 01:21,01:21 ~ 01:26
Aeroporto de Heathrow (Londres),Aeroporto de Toulouse-Blagnac (França),881,00:58 ~ 01:02,01:02 ~ 01:06
Aeroporto de Heathrow (Londres),Aeroporto Internacional de Viena,1279,01:25 ~ 01:30,01:30 ~ 01:35
Aeroporto de Heathrow (Londres),Aeroporto de Bruxelas,351,00:23 ~ 00:24,00:24 ~ 00:26
Aeroporto de Heathrow (Londres),Aeroporto de Sófia,2045,02:16 ~ 02:24,02:24 ~ 02:33
Aeroporto de Heathrow (Londres),Aeroporto de Bratislava,1320,01:27 ~ 01:33,01:33 ~ 01:38
Aeroporto de Heathrow (Londres),Aeroporto de Ljubljana Joe Pu?nik,1238,01:22 ~ 01:27,01:27 ~ 01:32
Aeroporto de Heathrow (Londres),Aeroporto Adolfo Suárez Madrid-Barajas,1245,01:23 ~ 01:27,01:27 ~ 01:33
Aeroporto de Heathrow (Londres),Aeroporto de Barcelona-El Prat,1148,01:16 ~ 01:21,01:21 ~ 01:26
Aeroporto de Heathrow (Londres),Aeroporto de Tallinn,1811,02:00 ~ 02:07,02:07 ~ 02:15
Aeroporto de Heathrow (Londres),Aeroporto de Vágar,1249,01:23 ~ 01:28,01:28 ~ 01:33
Aeroporto de Heathrow (Londres),Aeroporto de Helsinque,1853,02:03 ~ 02:10,02:10 ~ 02:18
Aeroporto de Heathrow (Londres),Aeroporto Internacional de Brasília,8763,09:44 ~ 10:18,10:18 ~ 10:57
Aeroporto de Heathrow (Londres),Aeroporto Internacional de Várzea Grande,9194,10:12 ~ 10:48,10:48 ~ 11:29
Aeroporto de Heathrow (Londres),Aeroporto Internacional de Belém,7391,08:12 ~ 08:41,08:41 ~ 09:14
Aeroporto de Heathrow (Londres),Aeroporto Internacional de Tabatinga,8658,09:37 ~ 10:11,10:11 ~ 10:49
Aeroporto de Heathrow (Londres),Aeroporto Internacional de Manaus,8235,09:09 ~ 09:41,09:41 ~ 10:17
Aeroporto de Heathrow (Londres),Aeroporto Internacional de Macapá,7406,08:13 ~ 08:42,08:42 ~ 09:15
Aeroporto de Heathrow (Londres),Aeroporto Internacional de Fortaleza,7106,07:53 ~ 08:21,08:21 ~ 08:52
Aeroporto de Heathrow (Londres),Aeroporto Internacional de Maceió,7511,08:20 ~ 08:50,08:50 ~ 09:23
Aeroporto de Heathrow (Londres),Aeroporto Internacional de Aracaju,7762,08:37 ~ 09:07,09:07 ~ 09:42
Aeroporto de Heathrow (Londres),Aeroporto Internacional de Belo Horizonte,8910,09:54 ~ 10:28,10:28 ~ 11:08
Aeroporto de Heathrow (Londres),Aeroporto Santos Dumont,9235,10:15 ~ 10:51,10:51 ~ 11:32
Aeroporto de Heathrow (Londres),Aeroporto Internacional do Rio de Janeiro,9228,10:15 ~ 10:51,10:51 ~ 11:32
Aeroporto de Heathrow (Londres),Aeroporto Internacional de Vitória,8844,09:49 ~ 10:24,10:24 ~ 11:03
Aeroporto de Heathrow (Londres),Aeroporto Internacional de São José dos Campos,9385,10:25 ~ 11:02,11:02 ~ 11:43
Aeroporto de Heathrow (Londres),Aeroporto Internacional de Viracopos,9478,10:31 ~ 11:09,11:09 ~ 11:50
Aeroporto de Heathrow (Londres),Aeroporto Internacional de Curitiba,9741,10:49 ~ 11:27,11:27 ~ 12:10
Aeroporto de Heathrow (Londres),Aeroporto Internacional de Florianópolis,9949,11:03 ~ 11:42,11:42 ~ 12:26
Aeroporto de Heathrow (Londres),Aeroporto Internacional de Navegantes,9879,10:58 ~ 11:37,11:37 ~ 12:20
Aeroporto de Heathrow (Londres),Aeroporto Internacional de Porto Alegre,10297,11:26 ~ 12:06,12:06 ~ 12:52
Aeroporto de Heathrow (Londres),Aeroporto de Copenhague,929,01:01 ~ 01:05,01:05 ~ 01:09
Aeroporto de Heathrow (Londres),Aeroporto Internacional Hartsfield-Jackson Atlanta,6775,07:31 ~ 07:58,07:58 ~ 08:28
Aeroporto de Heathrow (Londres),Aeroporto de Teresina,7444,08:16 ~ 08:45,08:45 ~ 09:18
Aeroporto de Heathrow (Londres),Aeroporto Internacional de João Pessoa,7284,08:05 ~ 08:34,08:34 ~ 09:06
Aeroporto de Gatwick (Londres),Aeroporto Internacional de Guarulhos,9421,10:28 ~ 11:05,11:05 ~ 11:46
Aeroporto de Gatwick (Londres),Aeroporto Internacional do Recife,7365,08:11 ~ 08:39,08:39 ~ 09:12
Aeroporto de Gatwick (Londres),Aeroporto Internacional de Salvador,7999,08:53 ~ 09:24,09:24 ~ 09:59
Aeroporto de Gatwick (Londres),Aeroporto Internacional de Natal,7141,07:56 ~ 08:24,08:24 ~ 08:55
Aeroporto de Gatwick (Londres),Aeroporto Internacional de São Luís,7266,08:04 ~ 08:32,08:32 ~ 09:04
Aeroporto de Gatwick (Londres),Aeroporto Internacional Pinto Martins,7092,07:52 ~ 08:20,08:20 ~ 08:51
Aeroporto de Gatwick (Londres),Aeroporto Internacional de Nursultan Nazarbayev,4813,05:20 ~ 05:39,05:39 ~ 06:00
Aeroporto de Gatwick (Londres),Aeroporto Internacional de Xangai Pudong,9273,10:18 ~ 10:54,10:54 ~ 11:35
Aeroporto de Gatwick (Londres),Aeroporto Internacional de Pequim Capital,8188,09:05 ~ 09:37,09:37 ~ 10:14
Aeroporto de Gatwick (Londres),Aeroporto Internacional de Pyongyang Sunan,8697,09:39 ~ 10:13,10:13 ~ 10:52
Aeroporto de Gatwick (Londres),Aeroporto Internacional de Incheon,8900,09:53 ~ 10:28,10:28 ~ 11:07
Aeroporto de Gatwick (Londres),Aeroporto Internacional Ninoy Aquino,10785,11:58 ~ 12:41,12:41 ~ 13:28
Aeroporto de Gatwick (Londres),Aeroporto Internacional de Hong Kong,9651,10:43 ~ 11:21,11:21 ~ 12:03
Aeroporto de Gatwick (Londres),Aeroporto Internacional Indira Gandhi,6733,07:28 ~ 07:55,07:55 ~ 08:24
Aeroporto de Gatwick (Londres),Aeroporto Internacional Soekarno-Hatta (Jacarta),11710,13:00 ~ 13:46,13:46 ~ 14:38
Aeroporto de Gatwick (Londres),Aeroporto Internacional Ngurah Rai (Bali),12519,13:54 ~ 14:43,14:43 ~ 15:38
Aeroporto de Gatwick (Londres),Aeroporto Internacional de Narita (Tóquio),9636,10:42 ~ 11:20,11:20 ~ 12:02
Aeroporto de Gatwick (Londres),Aeroporto Internacional de Haneda (Tóquio),9636,10:42 ~ 11:20,11:20 ~ 12:02
Aeroporto de Gatwick (Londres),Aeroporto Internacional de Kansai (Osaka),9572,10:38 ~ 11:15,11:15 ~ 11:57
Aeroporto de Gatwick (Londres),Aeroporto Internacional de Wattay (Vientiane),9327,10:21 ~ 10:58,10:58 ~ 11:39
Aeroporto de Gatwick (Londres),Aeroporto Internacional de Kuala Lumpur (Sepang),10599,11:46 ~ 12:28,12:28 ~ 13:14
Aeroporto de Gatwick (Londres),Aeroporto Internacional de Penang (Penang),10279,11:25 ~ 12:05,12:05 ~ 12:50
Aeroporto de Gatwick (Londres),Aeroporto Internacional de Malé,8513,09:27 ~ 10:00,10:00 ~ 10:38
Aeroporto de Gatwick (Londres),Aeroporto Internacional de Changi,10876,12:05 ~ 12:47,12:47 ~ 13:35
Aeroporto de Gatwick (Londres),Aeroporto Internacional de Suvarnabhumi,9581,10:38 ~ 11:16,11:16 ~ 11:58
Aeroporto de Gatwick (Londres),Aeroporto Internacional Don Mueang,9551,10:36 ~ 11:14,11:14 ~ 11:56
Aeroporto de Gatwick (Londres),Aeroporto Internacional de Taiwan Taoyuan,9810,10:54 ~ 11:32,11:32 ~ 12:15
Aeroporto de Gatwick (Londres),Aeroporto Internacional de Tan Son Nhat,10224,11:21 ~ 12:01,12:01 ~ 12:46
Aeroporto de Gatwick (Londres),Aeroporto Internacional de Noi Bai,9252,10:16 ~ 10:53,10:53 ~ 11:33
Aeroporto de Gatwick (Londres),Aeroporto de Frankfurt,632,00:42 ~ 00:44,00:44 ~ 00:47
Aeroporto de Gatwick (Londres),Aeroporto de Dublin,484,00:32 ~ 00:34,00:34 ~ 00:36
Aeroporto de Gatwick (Londres),Aeroporto de Varsóvia Chopin,1463,01:37 ~ 01:43,01:43 ~ 01:49
Aeroporto de Gatwick (Londres),Aeroporto de Oslo-Gardermoen,1230,01:22 ~ 01:26,01:26 ~ 01:32
Aeroporto de Gatwick (Londres),Aeroporto de Roma-Fiumicino,1407,01:33 ~ 01:39,01:39 ~ 01:45
Aeroporto de Gatwick (Londres),Aeroporto de Milão-Malpensa,900,01:00 ~ 01:03,01:03 ~ 01:07
Aeroporto de Gatwick (Londres),Aeroporto de Praga,1027,01:08 ~ 01:12,01:12 ~ 01:17
Aeroporto de Gatwick (Londres),Aeroporto de Heathrow (Londres),41,00:02 ~ 00:02,00:02 ~ 00:03
Aeroporto de Gatwick (Londres),Aeroporto Internacional de Budapeste Ferenc Liszt,1468,01:37 ~ 01:43,01:43 ~ 01:50
Aeroporto de Gatwick (Londres),Aeroporto de Schiphol (Amsterdã),366,00:24 ~ 00:25,00:25 ~ 00:27
Aeroporto de Gatwick (Londres),Aeroporto Internacional de Boryspil (Kiev),2180,02:25 ~ 02:33,02:33 ~ 02:43
Aeroporto de Gatwick (Londres),Aeroporto de Istambul,2490,02:46 ~ 02:55,02:55 ~ 03:06
Aeroporto de Gatwick (Londres),Aeroporto de Zurique,756,00:50 ~ 00:53,00:53 ~ 00:56
Aeroporto de Gatwick (Londres),Aeroporto de Estocolmo-Arlanda,1479,01:38 ~ 01:44,01:44 ~ 01:50
Aeroporto de Gatwick (Londres),Aeroporto Nikola Tesla (Belgrado),1675,01:51 ~ 01:58,01:58 ~ 02:05
Aeroporto de Gatwick (Londres),Aeroporto Internacional Sheremetyevo (Moscou),2516,02:47 ~ 02:57,02:57 ~ 03:08
Aeroporto de Gatwick (Londres),Aeroporto de Pulkovo (São Petersburgo),2127,02:21 ~ 02:30,02:30 ~ 02:39
Aeroporto de Gatwick (Londres),Aeroporto Internacional Henri Coand? (Bucareste),2086,02:19 ~ 02:27,02:27 ~ 02:36
Aeroporto de Gatwick (Londres),Aeroporto Humberto Delgado (Lisboa),1543,01:42 ~ 01:48,01:48 ~ 01:55
Aeroporto de Gatwick (Londres),Aeroporto Francisco Sá Carneiro (Porto),1280,01:25 ~ 01:30,01:30 ~ 01:36
Aeroporto de Gatwick (Londres),Aeroporto Internacional de Malta,2063,02:17 ~ 02:25,02:25 ~ 02:34
Aeroporto de Gatwick (Londres),Aeroporto de Luxemburgo,485,00:32 ~ 00:34,00:34 ~ 00:36
Aeroporto de Gatwick (Londres),Aeroporto Internacional de Vilnius,1748,01:56 ~ 02:03,02:03 ~ 02:11
Aeroporto de Gatwick (Londres),Aeroporto Internacional de Riga,1697,01:53 ~ 01:59,01:59 ~ 02:07
Aeroporto de Gatwick (Londres),Aeroporto Internacional Madre Teresa (Tirana),1868,02:04 ~ 02:11,02:11 ~ 02:20
Aeroporto de Gatwick (Londres),Aeroporto de Barcelona-El Prat (Espanha),1110,01:14 ~ 01:18,01:18 ~ 01:23
Aeroporto de Gatwick (Londres),Aeroporto de Toulouse-Blagnac (França),842,00:56 ~ 00:59,00:59 ~ 01:03
Aeroporto de Gatwick (Londres),Aeroporto Internacional de Viena,1254,01:23 ~ 01:28,01:28 ~ 01:34
Aeroporto de Gatwick (Londres),Aeroporto de Bruxelas,329,00:21 ~ 00:23,00:23 ~ 00:24
Aeroporto de Gatwick (Londres),Aeroporto de Sófia,2015,02:14 ~ 02:22,02:22 ~ 02:31
Aeroporto de Gatwick (Londres),Aeroporto de Bratislava,1295,01:26 ~ 01:31,01:31 ~ 01:37
Aeroporto de Gatwick (Londres),Aeroporto de Ljubljana Joe Pu?nik,1207,01:20 ~ 01:25,01:25 ~ 01:30
Aeroporto de Gatwick (Londres),Aeroporto Adolfo Suárez Madrid-Barajas,1214,01:20 ~ 01:25,01:25 ~ 01:31
Aeroporto de Gatwick (Londres),Aeroporto de Barcelona-El Prat,1109,01:13 ~ 01:18,01:18 ~ 01:23
Aeroporto de Gatwick (Londres),Aeroporto de Tallinn,1820,02:01 ~ 02:08,02:08 ~ 02:16
Aeroporto de Gatwick (Londres),Aeroporto de Vágar,1290,01:26 ~ 01:31,01:31 ~ 01:36
Aeroporto de Gatwick (Londres),Aeroporto de Helsinque,1864,02:04 ~ 02:11,02:11 ~ 02:19
Aeroporto de Gatwick (Londres),Aeroporto Internacional de Brasília,8751,09:43 ~ 10:17,10:17 ~ 10:56
Aeroporto de Gatwick (Londres),Aeroporto Internacional de Várzea Grande,9187,10:12 ~ 10:48,10:48 ~ 11:29
Aeroporto de Gatwick (Londres),Aeroporto Internacional de Belém,7385,08:12 ~ 08:41,08:41 ~ 09:13
Aeroporto de Gatwick (Londres),Aeroporto Internacional de Tabatinga,8662,09:37 ~ 10:11,10:11 ~ 10:49
Aeroporto de Gatwick (Londres),Aeroporto Internacional de Manaus,8235,09:09 ~ 09:41,09:41 ~ 10:17
Aeroporto de Gatwick (Londres),Aeroporto Internacional de Macapá,7402,08:13 ~ 08:42,08:42 ~ 09:15
Aeroporto de Gatwick (Londres),Aeroporto Internacional de Fortaleza,7092,07:52 ~ 08:20,08:20 ~ 08:51
Aeroporto de Gatwick (Londres),Aeroporto Internacional de Maceió,7494,08:19 ~ 08:48,08:48 ~ 09:22
Aeroporto de Gatwick (Londres),Aeroporto Internacional de Aracaju,7745,08:36 ~ 09:06,09:06 ~ 09:40
Aeroporto de Gatwick (Londres),Aeroporto Internacional de Belo Horizonte,8894,09:52 ~ 10:27,10:27 ~ 11:07
Aeroporto de Gatwick (Londres),Aeroporto Santos Dumont,9219,10:14 ~ 10:50,10:50 ~ 11:31
Aeroporto de Gatwick (Londres),Aeroporto Internacional do Rio de Janeiro,9212,10:14 ~ 10:50,10:50 ~ 11:30
Aeroporto de Gatwick (Londres),Aeroporto Internacional de Vitória,8827,09:48 ~ 10:23,10:23 ~ 11:02
Aeroporto de Gatwick (Londres),Aeroporto Internacional de São José dos Campos,9370,10:24 ~ 11:01,11:01 ~ 11:42
Aeroporto de Gatwick (Londres),Aeroporto Internacional de Viracopos,9464,10:30 ~ 11:08,11:08 ~ 11:49
Aeroporto de Gatwick (Londres),Aeroporto Internacional de Curitiba,9727,10:48 ~ 11:26,11:26 ~ 12:09
Aeroporto de Gatwick (Londres),Aeroporto Internacional de Florianópolis,9934,11:02 ~ 11:41,11:41 ~ 12:25
Aeroporto de Gatwick (Londres),Aeroporto Internacional de Navegantes,9865,10:57 ~ 11:36,11:36 ~ 12:19
Aeroporto de Gatwick (Londres),Aeroporto Internacional de Porto Alegre,10282,11:25 ~ 12:05,12:05 ~ 12:51
Aeroporto de Gatwick (Londres),Aeroporto de Copenhague,965,01:04 ~ 01:08,01:08 ~ 01:12
Aeroporto de Gatwick (Londres),Aeroporto Internacional Hartsfield-Jackson Atlanta,6805,07:33 ~ 08:00,08:00 ~ 08:30
Aeroporto de Gatwick (Londres),Aeroporto de Teresina,7433,08:15 ~ 08:44,08:44 ~ 09:17
Aeroporto de Gatwick (Londres),Aeroporto Internacional de João Pessoa,7267,08:04 ~ 08:32,08:32 ~ 09:05
Aeroporto Internacional de Budapeste Ferenc Liszt,Aeroporto Internacional de Guarulhos,10230,11:22 ~ 12:02,12:02 ~ 12:47
Aeroporto Internacional de Budapeste Ferenc Liszt,Aeroporto Internacional do Recife,8135,09:02 ~ 09:34,09:34 ~ 10:10
Aeroporto Internacional de Budapeste Ferenc Liszt,Aeroporto Internacional de Salvador,8783,09:45 ~ 10:19,10:19 ~ 10:58
Aeroporto Internacional de Budapeste Ferenc Liszt,Aeroporto Internacional de Natal,7944,08:49 ~ 09:20,09:20 ~ 09:55
Aeroporto Internacional de Budapeste Ferenc Liszt,Aeroporto Internacional de São Luís,8270,09:11 ~ 09:43,09:43 ~ 10:20
Aeroporto Internacional de Budapeste Ferenc Liszt,Aeroporto Internacional Pinto Martins,7982,08:52 ~ 09:23,09:23 ~ 09:58
Aeroporto Internacional de Budapeste Ferenc Liszt,Aeroporto Internacional de Nursultan Nazarbayev,3743,04:09 ~ 04:24,04:24 ~ 04:40
Aeroporto Internacional de Budapeste Ferenc Liszt,Aeroporto Internacional de Xangai Pudong,8383,09:18 ~ 09:51,09:51 ~ 10:28
Aeroporto Internacional de Budapeste Ferenc Liszt,Aeroporto Internacional de Pequim Capital,7349,08:09 ~ 08:38,08:38 ~ 09:11
Aeroporto Internacional de Budapeste Ferenc Liszt,Aeroporto Internacional de Pyongyang Sunan,7969,08:51 ~ 09:22,09:22 ~ 09:57
Aeroporto Internacional de Budapeste Ferenc Liszt,Aeroporto Internacional de Incheon,8159,09:03 ~ 09:35,09:35 ~ 10:11
Aeroporto Internacional de Budapeste Ferenc Liszt,Aeroporto Internacional Ninoy Aquino,9695,10:46 ~ 11:24,11:24 ~ 12:07
Aeroporto Internacional de Budapeste Ferenc Liszt,Aeroporto Internacional de Hong Kong,8552,09:30 ~ 10:03,10:03 ~ 10:41
Aeroporto Internacional de Budapeste Ferenc Liszt,Aeroporto Internacional Indira Gandhi,5355,05:57 ~ 06:17,06:17 ~ 06:41
Aeroporto Internacional de Budapeste Ferenc Liszt,Aeroporto Internacional Soekarno-Hatta (Jacarta),10312,11:27 ~ 12:07,12:07 ~ 12:53
Aeroporto Internacional de Budapeste Ferenc Liszt,Aeroporto Internacional Ngurah Rai (Bali),11165,12:24 ~ 13:08,13:08 ~ 13:57
Aeroporto Internacional de Budapeste Ferenc Liszt,Aeroporto Internacional de Narita (Tóquio),9091,10:06 ~ 10:41,10:41 ~ 11:21
Aeroporto Internacional de Budapeste Ferenc Liszt,Aeroporto Internacional de Haneda (Tóquio),9078,10:05 ~ 10:40,10:40 ~ 11:20
Aeroporto Internacional de Budapeste Ferenc Liszt,Aeroporto Internacional de Kansai (Osaka),8926,09:55 ~ 10:30,10:30 ~ 11:09
Aeroporto Internacional de Budapeste Ferenc Liszt,Aeroporto Internacional de Wattay (Vientiane),8062,08:57 ~ 09:29,09:29 ~ 10:04
Aeroporto Internacional de Budapeste Ferenc Liszt,Aeroporto Internacional de Kuala Lumpur (Sepang),9218,10:14 ~ 10:50,10:50 ~ 11:31
Aeroporto Internacional de Budapeste Ferenc Liszt,Aeroporto Internacional de Penang (Penang),8903,09:53 ~ 10:28,10:28 ~ 11:07
Aeroporto Internacional de Budapeste Ferenc Liszt,Aeroporto Internacional de Malé,7045,07:49 ~ 08:17,08:17 ~ 08:48
Aeroporto Internacional de Budapeste Ferenc Liszt,Aeroporto Internacional de Changi,9502,10:33 ~ 11:10,11:10 ~ 11:52
Aeroporto Internacional de Budapeste Ferenc Liszt,Aeroporto Internacional de Suvarnabhumi,8264,09:10 ~ 09:43,09:43 ~ 10:19
Aeroporto Internacional de Budapeste Ferenc Liszt,Aeroporto Internacional Don Mueang,8235,09:09 ~ 09:41,09:41 ~ 10:17
Aeroporto Internacional de Budapeste Ferenc Liszt,Aeroporto Internacional de Taiwan Taoyuan,8838,09:49 ~ 10:23,10:23 ~ 11:02
Aeroporto Internacional de Budapeste Ferenc Liszt,Aeroporto Internacional de Tan Son Nhat,8937,09:55 ~ 10:30,10:30 ~ 11:10
Aeroporto Internacional de Budapeste Ferenc Liszt,Aeroporto Internacional de Noi Bai,8049,08:56 ~ 09:28,09:28 ~ 10:03
Aeroporto Internacional de Budapeste Ferenc Liszt,Aeroporto de Frankfurt,836,00:55 ~ 00:59,00:59 ~ 01:02
Aeroporto Internacional de Budapeste Ferenc Liszt,Aeroporto de Dublin,1917,02:07 ~ 02:15,02:15 ~ 02:23
Aeroporto Internacional de Budapeste Ferenc Liszt,Aeroporto de Varsóvia Chopin,540,00:36 ~ 00:38,00:38 ~ 00:40
Aeroporto Internacional de Budapeste Ferenc Liszt,Aeroporto de Oslo-Gardermoen,1517,01:41 ~ 01:47,01:47 ~ 01:53
Aeroporto Internacional de Budapeste Ferenc Liszt,Aeroporto de Roma-Fiumicino,838,00:55 ~ 00:59,00:59 ~ 01:02
Aeroporto Internacional de Budapeste Ferenc Liszt,Aeroporto de Milão-Malpensa,832,00:55 ~ 00:58,00:58 ~ 01:02
Aeroporto Internacional de Budapeste Ferenc Liszt,Aeroporto de Praga,471,00:31 ~ 00:33,00:33 ~ 00:35
Aeroporto Internacional de Budapeste Ferenc Liszt,Aeroporto de Heathrow (Londres),1493,01:39 ~ 01:45,01:45 ~ 01:51
Aeroporto Internacional de Budapeste Ferenc Liszt,Aeroporto de Gatwick (Londres),1468,01:37 ~ 01:43,01:43 ~ 01:50
Aeroporto Internacional de Budapeste Ferenc Liszt,Aeroporto de Schiphol (Amsterdã),1171,01:18 ~ 01:22,01:22 ~ 01:27
Aeroporto Internacional de Budapeste Ferenc Liszt,Aeroporto Internacional de Boryspil (Kiev),912,01:00 ~ 01:04,01:04 ~ 01:08
Aeroporto Internacional de Budapeste Ferenc Liszt,Aeroporto de Istambul,1047,01:09 ~ 01:13,01:13 ~ 01:18
Aeroporto Internacional de Budapeste Ferenc Liszt,Aeroporto de Zurique,807,00:53 ~ 00:56,00:56 ~ 01:00
Aeroporto Internacional de Budapeste Ferenc Liszt,Aeroporto de Estocolmo-Arlanda,1362,01:30 ~ 01:36,01:36 ~ 01:42
Aeroporto Internacional de Budapeste Ferenc Liszt,Aeroporto Nikola Tesla (Belgrado),302,00:20 ~ 00:21,00:21 ~ 00:22
Aeroporto Internacional de Budapeste Ferenc Liszt,Aeroporto Internacional Sheremetyevo (Moscou),1566,01:44 ~ 01:50,01:50 ~ 01:57
Aeroporto Internacional de Budapeste Ferenc Liszt,Aeroporto de Pulkovo (São Petersburgo),1552,01:43 ~ 01:49,01:49 ~ 01:56
Aeroporto Internacional de Budapeste Ferenc Liszt,Aeroporto Internacional Henri Coand? (Bucareste),619,00:41 ~ 00:43,00:43 ~ 00:46
Aeroporto Internacional de Budapeste Ferenc Liszt,Aeroporto Humberto Delgado (Lisboa),2486,02:45 ~ 02:55,02:55 ~ 03:06
Aeroporto Internacional de Budapeste Ferenc Liszt,Aeroporto Francisco Sá Carneiro (Porto),2317,02:34 ~ 02:43,02:43 ~ 02:53
Aeroporto Internacional de Budapeste Ferenc Liszt,Aeroporto Internacional de Malta,1345,01:29 ~ 01:34,01:34 ~ 01:40
Aeroporto Internacional de Budapeste Ferenc Liszt,Aeroporto de Luxemburgo,992,01:06 ~ 01:10,01:10 ~ 01:14
Aeroporto Internacional de Budapeste Ferenc Liszt,Aeroporto Internacional de Vilnius,905,01:00 ~ 01:03,01:03 ~ 01:07
Aeroporto Internacional de Budapeste Ferenc Liszt,Aeroporto Internacional de Riga,1104,01:13 ~ 01:17,01:17 ~ 01:22
Aeroporto Internacional de Budapeste Ferenc Liszt,Aeroporto Internacional Madre Teresa (Tirana),670,00:44 ~ 00:47,00:47 ~ 00:50
Aeroporto Internacional de Budapeste Ferenc Liszt,Aeroporto de Barcelona-El Prat (Espanha),1526,01:41 ~ 01:47,01:47 ~ 01:54
Aeroporto Internacional de Budapeste Ferenc Liszt,Aeroporto de Toulouse-Blagnac (França),1455,01:37 ~ 01:42,01:42 ~ 01:49
Aeroporto Internacional de Budapeste Ferenc Liszt,Aeroporto Internacional de Viena,214,00:14 ~ 00:15,00:15 ~ 00:16
Aeroporto Internacional de Budapeste Ferenc Liszt,Aeroporto de Bruxelas,1141,01:16 ~ 01:20,01:20 ~ 01:25
Aeroporto Internacional de Budapeste Ferenc Liszt,Aeroporto de Sófia,620,00:41 ~ 00:43,00:43 ~ 00:46
Aeroporto Internacional de Budapeste Ferenc Liszt,Aeroporto de Bratislava,174,00:11 ~ 00:12,00:12 ~ 00:13
Aeroporto Internacional de Budapeste Ferenc Liszt,Aeroporto de Ljubljana Joe Pu?nik,390,00:26 ~ 00:27,00:27 ~ 00:29
Aeroporto Internacional de Budapeste Ferenc Liszt,Aeroporto Adolfo Suárez Madrid-Barajas,1978,02:11 ~ 02:19,02:19 ~ 02:28
Aeroporto Internacional de Budapeste Ferenc Liszt,Aeroporto de Barcelona-El Prat,1525,01:41 ~ 01:47,01:47 ~ 01:54
Aeroporto Internacional de Budapeste Ferenc Liszt,Aeroporto de Tallinn,1381,01:32 ~ 01:37,01:37 ~ 01:43
Aeroporto Internacional de Budapeste Ferenc Liszt,Aeroporto de Vágar,2329,02:35 ~ 02:44,02:44 ~ 02:54
Aeroporto Internacional de Budapeste Ferenc Liszt,Aeroporto de Helsinque,1482,01:38 ~ 01:44,01:44 ~ 01:51
Aeroporto Internacional de Budapeste Ferenc Liszt,Aeroporto Internacional de Brasília,9670,10:44 ~ 11:22,11:22 ~ 12:05
Aeroporto Internacional de Budapeste Ferenc Liszt,Aeroporto Internacional de Várzea Grande,10236,11:22 ~ 12:02,12:02 ~ 12:47
Aeroporto Internacional de Budapeste Ferenc Liszt,Aeroporto Internacional de Belém,8469,09:24 ~ 09:57,09:57 ~ 10:35
Aeroporto Internacional de Budapeste Ferenc Liszt,Aeroporto Internacional de Tabatinga,9944,11:02 ~ 11:41,11:41 ~ 12:25
Aeroporto Internacional de Budapeste Ferenc Liszt,Aeroporto Internacional de Manaus,9454,10:30 ~ 11:07,11:07 ~ 11:49
Aeroporto Internacional de Budapeste Ferenc Liszt,Aeroporto Internacional de Macapá,8538,09:29 ~ 10:02,10:02 ~ 10:40
Aeroporto Internacional de Budapeste Ferenc Liszt,Aeroporto Internacional de Fortaleza,7982,08:52 ~ 09:23,09:23 ~ 09:58
Aeroporto Internacional de Budapeste Ferenc Liszt,Aeroporto Internacional de Maceió,8270,09:11 ~ 09:43,09:43 ~ 10:20
Aeroporto Internacional de Budapeste Ferenc Liszt,Aeroporto Internacional de Aracaju,8526,09:28 ~ 10:01,10:01 ~ 10:39
Aeroporto Internacional de Budapeste Ferenc Liszt,Aeroporto Internacional de Belo Horizonte,9692,10:46 ~ 11:24,11:24 ~ 12:06
Aeroporto Internacional de Budapeste Ferenc Liszt,Aeroporto Santos Dumont,9978,11:05 ~ 11:44,11:44 ~ 12:28
Aeroporto Internacional de Budapeste Ferenc Liszt,Aeroporto Internacional do Rio de Janeiro,9974,11:04 ~ 11:44,11:44 ~ 12:28
Aeroporto Internacional de Budapeste Ferenc Liszt,Aeroporto Internacional de Vitória,9565,10:37 ~ 11:15,11:15 ~ 11:57
Aeroporto Internacional de Budapeste Ferenc Liszt,Aeroporto Internacional de São José dos Campos,10173,11:18 ~ 11:58,11:58 ~ 12:42
Aeroporto Internacional de Budapeste Ferenc Liszt,Aeroporto Internacional de Viracopos,10299,11:26 ~ 12:06,12:06 ~ 12:52
Aeroporto Internacional de Budapeste Ferenc Liszt,Aeroporto Internacional de Curitiba,10559,11:43 ~ 12:25,12:25 ~ 13:11
Aeroporto Internacional de Budapeste Ferenc Liszt,Aeroporto Internacional de Florianópolis,10727,11:55 ~ 12:37,12:37 ~ 13:24
Aeroporto Internacional de Budapeste Ferenc Liszt,Aeroporto Internacional de Navegantes,10669,11:51 ~ 12:33,12:33 ~ 13:20
Aeroporto Internacional de Budapeste Ferenc Liszt,Aeroporto Internacional de Porto Alegre,11089,12:19 ~ 13:02,13:02 ~ 13:51
Aeroporto Internacional de Budapeste Ferenc Liszt,Aeroporto de Copenhague,2368,02:37 ~ 02:47,02:47 ~ 02:57
Aeroporto Internacional de Budapeste Ferenc Liszt,Aeroporto Internacional Hartsfield-Jackson Atlanta,8252,09:10 ~ 09:42,09:42 ~ 10:18
Aeroporto Internacional de Budapeste Ferenc Liszt,Aeroporto de Teresina,8386,09:19 ~ 09:51,09:51 ~ 10:28
Aeroporto Internacional de Budapeste Ferenc Liszt,Aeroporto Internacional de João Pessoa,8049,08:56 ~ 09:28,09:28 ~ 10:03
Aeroporto de Schiphol (Amsterdã),Aeroporto Internacional de Guarulhos,9751,10:50 ~ 11:28,11:28 ~ 12:11
Aeroporto de Schiphol (Amsterdã),Aeroporto Internacional do Recife,7685,08:32 ~ 09:02,09:02 ~ 09:36
Aeroporto de Schiphol (Amsterdã),Aeroporto Internacional de Salvador,8323,09:14 ~ 09:47,09:47 ~ 10:24
Aeroporto de Schiphol (Amsterdã),Aeroporto Internacional de Natal,7465,08:17 ~ 08:46,08:46 ~ 09:19
Aeroporto de Schiphol (Amsterdã),Aeroporto Internacional de São Luís,7615,08:27 ~ 08:57,08:57 ~ 09:31
Aeroporto de Schiphol (Amsterdã),Aeroporto Internacional Pinto Martins,7428,08:15 ~ 08:44,08:44 ~ 09:17
Aeroporto de Schiphol (Amsterdã),Aeroporto Internacional de Nursultan Nazarbayev,4450,04:56 ~ 05:14,05:14 ~ 05:33
Aeroporto de Schiphol (Amsterdã),Aeroporto Internacional de Xangai Pudong,8930,09:55 ~ 10:30,10:30 ~ 11:09
Aeroporto de Schiphol (Amsterdã),Aeroporto Internacional de Pequim Capital,7849,08:43 ~ 09:14,09:14 ~ 09:48
Aeroporto de Schiphol (Amsterdã),Aeroporto Internacional de Pyongyang Sunan,8373,09:18 ~ 09:51,09:51 ~ 10:27
Aeroporto de Schiphol (Amsterdã),Aeroporto Internacional de Incheon,8575,09:31 ~ 10:05,10:05 ~ 10:43
Aeroporto de Schiphol (Amsterdã),Aeroporto Internacional Ninoy Aquino,10426,11:35 ~ 12:15,12:15 ~ 13:01
Aeroporto de Schiphol (Amsterdã),Aeroporto Internacional de Hong Kong,9290,10:19 ~ 10:55,10:55 ~ 11:36
Aeroporto de Schiphol (Amsterdã),Aeroporto Internacional Indira Gandhi,6377,07:05 ~ 07:30,07:30 ~ 07:58
Aeroporto de Schiphol (Amsterdã),Aeroporto Internacional Soekarno-Hatta (Jacarta),11353,12:36 ~ 13:21,13:21 ~ 14:11
Aeroporto de Schiphol (Amsterdã),Aeroporto Internacional Ngurah Rai (Bali),12157,13:30 ~ 14:18,14:18 ~ 15:11
Aeroporto de Schiphol (Amsterdã),Aeroporto Internacional de Narita (Tóquio),9342,10:22 ~ 10:59,10:59 ~ 11:40
Aeroporto de Schiphol (Amsterdã),Aeroporto Internacional de Haneda (Tóquio),9339,10:22 ~ 10:59,10:59 ~ 11:40
Aeroporto de Schiphol (Amsterdã),Aeroporto Internacional de Kansai (Osaka),9262,10:17 ~ 10:53,10:53 ~ 11:34
Aeroporto de Schiphol (Amsterdã),Aeroporto Internacional de Wattay (Vientiane),8962,09:57 ~ 10:32,10:32 ~ 11:12
Aeroporto de Schiphol (Amsterdã),Aeroporto Internacional de Kuala Lumpur (Sepang),10240,11:22 ~ 12:02,12:02 ~ 12:48
Aeroporto de Schiphol (Amsterdã),Aeroporto Internacional de Penang (Penang),9920,11:01 ~ 11:40,11:40 ~ 12:24
Aeroporto de Schiphol (Amsterdã),Aeroporto Internacional de Malé,8206,09:07 ~ 09:39,09:39 ~ 10:15
Aeroporto de Schiphol (Amsterdã),Aeroporto Internacional de Changi,10516,11:41 ~ 12:22,12:22 ~ 13:08
Aeroporto de Schiphol (Amsterdã),Aeroporto Internacional de Suvarnabhumi,9217,10:14 ~ 10:50,10:50 ~ 11:31
Aeroporto de Schiphol (Amsterdã),Aeroporto Internacional Don Mueang,9187,10:12 ~ 10:48,10:48 ~ 11:29
Aeroporto de Schiphol (Amsterdã),Aeroporto Internacional de Taiwan Taoyuan,9460,10:30 ~ 11:07,11:07 ~ 11:49
Aeroporto de Schiphol (Amsterdã),Aeroporto Internacional de Tan Son Nhat,9859,10:57 ~ 11:35,11:35 ~ 12:19
Aeroporto de Schiphol (Amsterdã),Aeroporto Internacional de Noi Bai,8887,09:52 ~ 10:27,10:27 ~ 11:06
Aeroporto de Schiphol (Amsterdã),Aeroporto de Frankfurt,367,00:24 ~ 00:25,00:25 ~ 00:27
Aeroporto de Schiphol (Amsterdã),Aeroporto de Dublin,751,00:50 ~ 00:53,00:53 ~ 00:56
Aeroporto de Schiphol (Amsterdã),Aeroporto de Varsóvia Chopin,1105,01:13 ~ 01:18,01:18 ~ 01:22
Aeroporto de Schiphol (Amsterdã),Aeroporto de Oslo-Gardermoen,962,01:04 ~ 01:07,01:07 ~ 01:12
Aeroporto de Schiphol (Amsterdã),Aeroporto de Roma-Fiumicino,1297,01:26 ~ 01:31,01:31 ~ 01:37
Aeroporto de Schiphol (Amsterdã),Aeroporto de Milão-Malpensa,797,00:53 ~ 00:56,00:56 ~ 00:59
Aeroporto de Schiphol (Amsterdã),Aeroporto de Praga,707,00:47 ~ 00:49,00:49 ~ 00:53
Aeroporto de Schiphol (Amsterdã),Aeroporto de Heathrow (Londres),371,00:24 ~ 00:26,00:26 ~ 00:27
Aeroporto de Schiphol (Amsterdã),Aeroporto de Gatwick (Londres),366,00:24 ~ 00:25,00:25 ~ 00:27
Aeroporto de Schiphol (Amsterdã),Aeroporto Internacional de Budapeste Ferenc Liszt,1171,01:18 ~ 01:22,01:22 ~ 01:27
Aeroporto de Schiphol (Amsterdã),Aeroporto Internacional de Boryspil (Kiev),1825,02:01 ~ 02:08,02:08 ~ 02:16
Aeroporto de Schiphol (Amsterdã),Aeroporto de Istambul,2214,02:27 ~ 02:36,02:36 ~ 02:46
Aeroporto de Schiphol (Amsterdã),Aeroporto de Zurique,604,00:40 ~ 00:42,00:42 ~ 00:45
Aeroporto de Schiphol (Amsterdã),Aeroporto de Estocolmo-Arlanda,1155,01:17 ~ 01:21,01:21 ~ 01:26
Aeroporto de Schiphol (Amsterdã),Aeroporto Nikola Tesla (Belgrado),1411,01:34 ~ 01:39,01:39 ~ 01:45
Aeroporto de Schiphol (Amsterdã),Aeroporto Internacional Sheremetyevo (Moscou),2151,02:23 ~ 02:31,02:31 ~ 02:41
Aeroporto de Schiphol (Amsterdã),Aeroporto de Pulkovo (São Petersburgo),1779,01:58 ~ 02:05,02:05 ~ 02:13
Aeroporto de Schiphol (Amsterdã),Aeroporto Internacional Henri Coand? (Bucareste),1789,01:59 ~ 02:06,02:06 ~ 02:14
Aeroporto de Schiphol (Amsterdã),Aeroporto Humberto Delgado (Lisboa),1849,02:03 ~ 02:10,02:10 ~ 02:18
Aeroporto de Schiphol (Amsterdã),Aeroporto Francisco Sá Carneiro (Porto),1597,01:46 ~ 01:52,01:52 ~ 01:59
Aeroporto de Schiphol (Amsterdã),Aeroporto Internacional de Malta,1982,02:12 ~ 02:19,02:19 ~ 02:28
Aeroporto de Schiphol (Amsterdã),Aeroporto de Luxemburgo,315,00:21 ~ 00:22,00:22 ~ 00:23
Aeroporto de Schiphol (Amsterdã),Aeroporto Internacional de Vilnius,1382,01:32 ~ 01:37,01:37 ~ 01:43
Aeroporto de Schiphol (Amsterdã),Aeroporto Internacional de Riga,1337,01:29 ~ 01:34,01:34 ~ 01:40
Aeroporto de Schiphol (Amsterdã),Aeroporto Internacional Madre Teresa (Tirana),1657,01:50 ~ 01:56,01:56 ~ 02:04
Aeroporto de Schiphol (Amsterdã),Aeroporto de Barcelona-El Prat (Espanha),1242,01:22 ~ 01:27,01:27 ~ 01:33
Aeroporto de Schiphol (Amsterdã),Aeroporto de Toulouse-Blagnac (França),996,01:06 ~ 01:10,01:10 ~ 01:14
Aeroporto de Schiphol (Amsterdã),Aeroporto Internacional de Viena,962,01:04 ~ 01:07,01:07 ~ 01:12
Aeroporto de Schiphol (Amsterdã),Aeroporto de Bruxelas,158,00:10 ~ 00:11,00:11 ~ 00:11
Aeroporto de Schiphol (Amsterdã),Aeroporto de Sófia,1756,01:57 ~ 02:03,02:03 ~ 02:11
Aeroporto de Schiphol (Amsterdã),Aeroporto de Bratislava,998,01:06 ~ 01:10,01:10 ~ 01:14
Aeroporto de Schiphol (Amsterdã),Aeroporto de Ljubljana Joe Pu?nik,976,01:05 ~ 01:08,01:08 ~ 01:13
Aeroporto de Schiphol (Amsterdã),Aeroporto Adolfo Suárez Madrid-Barajas,1460,01:37 ~ 01:43,01:43 ~ 01:49
Aeroporto de Schiphol (Amsterdã),Aeroporto de Barcelona-El Prat,1241,01:22 ~ 01:27,01:27 ~ 01:33
Aeroporto de Schiphol (Amsterdã),Aeroporto de Tallinn,1475,01:38 ~ 01:44,01:44 ~ 01:50
Aeroporto de Schiphol (Amsterdã),Aeroporto de Vágar,1304,01:26 ~ 01:32,01:32 ~ 01:37
Aeroporto de Schiphol (Amsterdã),Aeroporto de Helsinque,1526,01:41 ~ 01:47,01:47 ~ 01:54
Aeroporto de Schiphol (Amsterdã),Aeroporto Internacional de Brasília,9094,10:06 ~ 10:41,10:41 ~ 11:22
Aeroporto de Schiphol (Amsterdã),Aeroporto Internacional de Várzea Grande,9543,10:36 ~ 11:13,11:13 ~ 11:55
Aeroporto de Schiphol (Amsterdã),Aeroporto Internacional de Belém,7742,08:36 ~ 09:06,09:06 ~ 09:40
Aeroporto de Schiphol (Amsterdã),Aeroporto Internacional de Tabatinga,9028,10:01 ~ 10:37,10:37 ~ 11:17
Aeroporto de Schiphol (Amsterdã),Aeroporto Internacional de Manaus,8601,09:33 ~ 10:07,10:07 ~ 10:45
Aeroporto de Schiphol (Amsterdã),Aeroporto Internacional de Macapá,7763,08:37 ~ 09:07,09:07 ~ 09:42
Aeroporto de Schiphol (Amsterdã),Aeroporto Internacional de Fortaleza,7428,08:15 ~ 08:44,08:44 ~ 09:17
Aeroporto de Schiphol (Amsterdã),Aeroporto Internacional de Maceió,7815,08:41 ~ 09:11,09:11 ~ 09:46
Aeroporto de Schiphol (Amsterdã),Aeroporto Internacional de Aracaju,8068,08:57 ~ 09:29,09:29 ~ 10:05
Aeroporto de Schiphol (Amsterdã),Aeroporto Internacional de Belo Horizonte,9222,10:14 ~ 10:50,10:50 ~ 11:31
Aeroporto de Schiphol (Amsterdã),Aeroporto Santos Dumont,9542,10:36 ~ 11:13,11:13 ~ 11:55
Aeroporto de Schiphol (Amsterdã),Aeroporto Internacional do Rio de Janeiro,9535,10:35 ~ 11:13,11:13 ~ 11:55
Aeroporto de Schiphol (Amsterdã),Aeroporto Internacional de Vitória,9146,10:09 ~ 10:45,10:45 ~ 11:25
Aeroporto de Schiphol (Amsterdã),Aeroporto Internacional de São José dos Campos,9699,10:46 ~ 11:24,11:24 ~ 12:07
Aeroporto de Schiphol (Amsterdã),Aeroporto Internacional de Viracopos,9798,10:53 ~ 11:31,11:31 ~ 12:14
Aeroporto de Schiphol (Amsterdã),Aeroporto Internacional de Curitiba,10061,11:10 ~ 11:50,11:50 ~ 12:34
Aeroporto de Schiphol (Amsterdã),Aeroporto Internacional de Florianópolis,10263,11:24 ~ 12:04,12:04 ~ 12:49
Aeroporto de Schiphol (Amsterdã),Aeroporto Internacional de Navegantes,10195,11:19 ~ 11:59,11:59 ~ 12:44
Aeroporto de Schiphol (Amsterdã),Aeroporto Internacional de Porto Alegre,10614,11:47 ~ 12:29,12:29 ~ 13:16
Aeroporto de Schiphol (Amsterdã),Aeroporto de Copenhague,1197,01:19 ~ 01:24,01:24 ~ 01:29
Aeroporto de Schiphol (Amsterdã),Aeroporto Internacional Hartsfield-Jackson Atlanta,7081,07:52 ~ 08:19,08:19 ~ 08:51
Aeroporto de Schiphol (Amsterdã),Aeroporto de Teresina,7777,08:38 ~ 09:08,09:08 ~ 09:43
Aeroporto de Schiphol (Amsterdã),Aeroporto Internacional de João Pessoa,7588,08:25 ~ 08:55,08:55 ~ 09:29
Aeroporto Internacional de Boryspil (Kiev),Aeroporto Internacional de Guarulhos,11133,12:22 ~ 13:05,13:05 ~ 13:54
Aeroporto Internacional de Boryspil (Kiev),Aeroporto Internacional do Recife,9039,10:02 ~ 10:38,10:38 ~ 11:17
Aeroporto Internacional de Boryspil (Kiev),Aeroporto Internacional de Salvador,9686,10:45 ~ 11:23,11:23 ~ 12:06
Aeroporto Internacional de Boryspil (Kiev),Aeroporto Internacional de Natal,8851,09:50 ~ 10:24,10:24 ~ 11:03
Aeroporto Internacional de Boryspil (Kiev),Aeroporto Internacional de São Luís,9180,10:11 ~ 10:48,10:48 ~ 11:28
Aeroporto Internacional de Boryspil (Kiev),Aeroporto Internacional Pinto Martins,8893,09:52 ~ 10:27,10:27 ~ 11:06
Aeroporto Internacional de Boryspil (Kiev),Aeroporto Internacional de Nursultan Nazarbayev,2832,03:08 ~ 03:19,03:19 ~ 03:32
Aeroporto Internacional de Boryspil (Kiev),Aeroporto Internacional de Xangai Pudong,7475,08:18 ~ 08:47,08:47 ~ 09:20
Aeroporto Internacional de Boryspil (Kiev),Aeroporto Internacional de Pequim Capital,6448,07:09 ~ 07:35,07:35 ~ 08:03
Aeroporto Internacional de Boryspil (Kiev),Aeroporto Internacional de Pyongyang Sunan,7083,07:52 ~ 08:19,08:19 ~ 08:51
Aeroporto Internacional de Boryspil (Kiev),Aeroporto Internacional de Incheon,7270,08:04 ~ 08:33,08:33 ~ 09:05
Aeroporto Internacional de Boryspil (Kiev),Aeroporto Internacional Ninoy Aquino,8789,09:45 ~ 10:20,10:20 ~ 10:59
Aeroporto Internacional de Boryspil (Kiev),Aeroporto Internacional de Hong Kong,7645,08:29 ~ 08:59,08:59 ~ 09:33
Aeroporto Internacional de Boryspil (Kiev),Aeroporto Internacional Indira Gandhi,4553,05:03 ~ 05:21,05:21 ~ 05:41
Aeroporto Internacional de Boryspil (Kiev),Aeroporto Internacional Soekarno-Hatta (Jacarta),9530,10:35 ~ 11:12,11:12 ~ 11:54
Aeroporto Internacional de Boryspil (Kiev),Aeroporto Internacional Ngurah Rai (Bali),10347,11:29 ~ 12:10,12:10 ~ 12:56
Aeroporto Internacional de Boryspil (Kiev),Aeroporto Internacional de Narita (Tóquio),8238,09:09 ~ 09:41,09:41 ~ 10:17
Aeroporto Internacional de Boryspil (Kiev),Aeroporto Internacional de Haneda (Tóquio),8222,09:08 ~ 09:40,09:40 ~ 10:16
Aeroporto Internacional de Boryspil (Kiev),Aeroporto Internacional de Kansai (Osaka),8052,08:56 ~ 09:28,09:28 ~ 10:03
Aeroporto Internacional de Boryspil (Kiev),Aeroporto Internacional de Wattay (Vientiane),7193,07:59 ~ 08:27,08:27 ~ 08:59
Aeroporto Internacional de Boryspil (Kiev),Aeroporto Internacional de Kuala Lumpur (Sepang),8420,09:21 ~ 09:54,09:54 ~ 10:31
Aeroporto Internacional de Boryspil (Kiev),Aeroporto Internacional de Penang (Penang),8101,09:00 ~ 09:31,09:31 ~ 10:07
Aeroporto Internacional de Boryspil (Kiev),Aeroporto Internacional de Malé,6481,07:12 ~ 07:37,07:37 ~ 08:06
Aeroporto Internacional de Boryspil (Kiev),Aeroporto Internacional de Changi,8698,09:39 ~ 10:13,10:13 ~ 10:52
Aeroporto Internacional de Boryspil (Kiev),Aeroporto Internacional de Suvarnabhumi,7419,08:14 ~ 08:43,08:43 ~ 09:16
Aeroporto Internacional de Boryspil (Kiev),Aeroporto Internacional Don Mueang,7390,08:12 ~ 08:41,08:41 ~ 09:14
Aeroporto Internacional de Boryspil (Kiev),Aeroporto Internacional de Taiwan Taoyuan,7926,08:48 ~ 09:19,09:19 ~ 09:54
Aeroporto Internacional de Boryspil (Kiev),Aeroporto Internacional de Tan Son Nhat,8079,08:58 ~ 09:30,09:30 ~ 10:05
Aeroporto Internacional de Boryspil (Kiev),Aeroporto Internacional de Noi Bai,7160,07:57 ~ 08:25,08:25 ~ 08:56
Aeroporto Internacional de Boryspil (Kiev),Aeroporto de Frankfurt,1589,01:45 ~ 01:52,01:52 ~ 01:59
Aeroporto Internacional de Boryspil (Kiev),Aeroporto de Dublin,2551,02:50 ~ 03:00,03:00 ~ 03:11
Aeroporto Internacional de Boryspil (Kiev),Aeroporto de Varsóvia Chopin,722,00:48 ~ 00:50,00:50 ~ 00:54
Aeroporto Internacional de Boryspil (Kiev),Aeroporto de Oslo-Gardermoen,1659,01:50 ~ 01:57,01:57 ~ 02:04
Aeroporto Internacional de Boryspil (Kiev),Aeroporto de Roma-Fiumicino,1721,01:54 ~ 02:01,02:01 ~ 02:09
Aeroporto Internacional de Boryspil (Kiev),Aeroporto de Milão-Malpensa,1729,01:55 ~ 02:02,02:02 ~ 02:09
Aeroporto Internacional de Boryspil (Kiev),Aeroporto de Praga,1185,01:19 ~ 01:23,01:23 ~ 01:28
Aeroporto Internacional de Boryspil (Kiev),Aeroporto de Heathrow (Londres),2192,02:26 ~ 02:34,02:34 ~ 02:44
Aeroporto Internacional de Boryspil (Kiev),Aeroporto de Gatwick (Londres),2180,02:25 ~ 02:33,02:33 ~ 02:43
Aeroporto Internacional de Boryspil (Kiev),Aeroporto Internacional de Budapeste Ferenc Liszt,912,01:00 ~ 01:04,01:04 ~ 01:08
Aeroporto Internacional de Boryspil (Kiev),Aeroporto de Schiphol (Amsterdã),1825,02:01 ~ 02:08,02:08 ~ 02:16
Aeroporto Internacional de Boryspil (Kiev),Aeroporto de Istambul,1054,01:10 ~ 01:14,01:14 ~ 01:19
Aeroporto Internacional de Boryspil (Kiev),Aeroporto de Zurique,1663,01:50 ~ 01:57,01:57 ~ 02:04
Aeroporto Internacional de Boryspil (Kiev),Aeroporto de Estocolmo-Arlanda,1323,01:28 ~ 01:33,01:33 ~ 01:39
Aeroporto Internacional de Boryspil (Kiev),Aeroporto Nikola Tesla (Belgrado),1005,01:07 ~ 01:10,01:10 ~ 01:15
Aeroporto Internacional de Boryspil (Kiev),Aeroporto Internacional Sheremetyevo (Moscou),762,00:50 ~ 00:53,00:53 ~ 00:57
Aeroporto Internacional de Boryspil (Kiev),Aeroporto de Pulkovo (São Petersburgo),1054,01:10 ~ 01:14,01:14 ~ 01:19
Aeroporto Internacional de Boryspil (Kiev),Aeroporto Internacional Henri Coand? (Bucareste),736,00:49 ~ 00:51,00:51 ~ 00:55
Aeroporto Internacional de Boryspil (Kiev),Aeroporto Humberto Delgado (Lisboa),3382,03:45 ~ 03:58,03:58 ~ 04:13
Aeroporto Internacional de Boryspil (Kiev),Aeroporto Francisco Sá Carneiro (Porto),3196,03:33 ~ 03:45,03:45 ~ 03:59
Aeroporto Internacional de Boryspil (Kiev),Aeroporto Internacional de Malta,2082,02:18 ~ 02:26,02:26 ~ 02:36
Aeroporto Internacional de Boryspil (Kiev),Aeroporto de Luxemburgo,1765,01:57 ~ 02:04,02:04 ~ 02:12
Aeroporto Internacional de Boryspil (Kiev),Aeroporto Internacional de Vilnius,611,00:40 ~ 00:43,00:43 ~ 00:45
Aeroporto Internacional de Boryspil (Kiev),Aeroporto Internacional de Riga,863,00:57 ~ 01:00,01:00 ~ 01:04
Aeroporto Internacional de Boryspil (Kiev),Aeroporto Internacional Madre Teresa (Tirana),1315,01:27 ~ 01:32,01:32 ~ 01:38
Aeroporto Internacional de Boryspil (Kiev),Aeroporto de Barcelona-El Prat (Espanha),2436,02:42 ~ 02:51,02:51 ~ 03:02
Aeroporto Internacional de Boryspil (Kiev),Aeroporto de Toulouse-Blagnac (França),2348,02:36 ~ 02:45,02:45 ~ 02:56
Aeroporto Internacional de Boryspil (Kiev),Aeroporto Internacional de Viena,1071,01:11 ~ 01:15,01:15 ~ 01:20
Aeroporto Internacional de Boryspil (Kiev),Aeroporto de Bruxelas,1860,02:04 ~ 02:11,02:11 ~ 02:19
Aeroporto Internacional de Boryspil (Kiev),Aeroporto de Sófia,1025,01:08 ~ 01:12,01:12 ~ 01:16
Aeroporto Internacional de Boryspil (Kiev),Aeroporto de Bratislava,1023,01:08 ~ 01:12,01:12 ~ 01:16
Aeroporto Internacional de Boryspil (Kiev),Aeroporto de Ljubljana Joe Pu?nik,1300,01:26 ~ 01:31,01:31 ~ 01:37
Aeroporto Internacional de Boryspil (Kiev),Aeroporto Adolfo Suárez Madrid-Barajas,2879,03:11 ~ 03:23,03:23 ~ 03:35
Aeroporto Internacional de Boryspil (Kiev),Aeroporto de Barcelona-El Prat,2435,02:42 ~ 02:51,02:51 ~ 03:02
Aeroporto Internacional de Boryspil (Kiev),Aeroporto de Tallinn,1081,01:12 ~ 01:16,01:16 ~ 01:21
Aeroporto Internacional de Boryspil (Kiev),Aeroporto de Vágar,2651,02:56 ~ 03:07,03:07 ~ 03:18
Aeroporto Internacional de Boryspil (Kiev),Aeroporto de Helsinque,1173,01:18 ~ 01:22,01:22 ~ 01:27
Aeroporto Internacional de Boryspil (Kiev),Aeroporto Internacional de Brasília,10581,11:45 ~ 12:26,12:26 ~ 13:13
Aeroporto Internacional de Boryspil (Kiev),Aeroporto Internacional de Várzea Grande,11145,12:22 ~ 13:06,13:06 ~ 13:55
Aeroporto Internacional de Boryspil (Kiev),Aeroporto Internacional de Belém,9373,10:24 ~ 11:01,11:01 ~ 11:42
Aeroporto Internacional de Boryspil (Kiev),Aeroporto Internacional de Tabatinga,10803,12:00 ~ 12:42,12:42 ~ 13:30
Aeroporto Internacional de Boryspil (Kiev),Aeroporto Internacional de Manaus,10334,11:28 ~ 12:09,12:09 ~ 12:55
Aeroporto Internacional de Boryspil (Kiev),Aeroporto Internacional de Macapá,9435,10:28 ~ 11:05,11:05 ~ 11:47
Aeroporto Internacional de Boryspil (Kiev),Aeroporto Internacional de Fortaleza,8894,09:52 ~ 10:27,10:27 ~ 11:07
Aeroporto Internacional de Boryspil (Kiev),Aeroporto Internacional de Maceió,9174,10:11 ~ 10:47,10:47 ~ 11:28
Aeroporto Internacional de Boryspil (Kiev),Aeroporto Internacional de Aracaju,9430,10:28 ~ 11:05,11:05 ~ 11:47
Aeroporto Internacional de Boryspil (Kiev),Aeroporto Internacional de Belo Horizonte,10595,11:46 ~ 12:27,12:27 ~ 13:14
Aeroporto Internacional de Boryspil (Kiev),Aeroporto Santos Dumont,10876,12:05 ~ 12:47,12:47 ~ 13:35
Aeroporto Internacional de Boryspil (Kiev),Aeroporto Internacional do Rio de Janeiro,10872,12:04 ~ 12:47,12:47 ~ 13:35
Aeroporto Internacional de Boryspil (Kiev),Aeroporto Internacional de Vitória,10461,11:37 ~ 12:18,12:18 ~ 13:04
Aeroporto Internacional de Boryspil (Kiev),Aeroporto Internacional de São José dos Campos,11075,12:18 ~ 13:01,13:01 ~ 13:50
Aeroporto Internacional de Boryspil (Kiev),Aeroporto Internacional de Viracopos,11205,12:26 ~ 13:10,13:10 ~ 14:00
Aeroporto Internacional de Boryspil (Kiev),Aeroporto Internacional de Curitiba,11464,12:44 ~ 13:29,13:29 ~ 14:19
Aeroporto Internacional de Boryspil (Kiev),Aeroporto Internacional de Florianópolis,11627,12:55 ~ 13:40,13:40 ~ 14:32
Aeroporto Internacional de Boryspil (Kiev),Aeroporto Internacional de Navegantes,11570,12:51 ~ 13:36,13:36 ~ 14:27
Aeroporto Internacional de Boryspil (Kiev),Aeroporto Internacional de Porto Alegre,11989,13:19 ~ 14:06,14:06 ~ 14:59
Aeroporto Internacional de Boryspil (Kiev),Aeroporto de Copenhague,2933,03:15 ~ 03:27,03:27 ~ 03:39
Aeroporto Internacional de Boryspil (Kiev),Aeroporto Internacional Hartsfield-Jackson Atlanta,8750,09:43 ~ 10:17,10:17 ~ 10:56
Aeroporto Internacional de Boryspil (Kiev),Aeroporto de Teresina,9298,10:19 ~ 10:56,10:56 ~ 11:37
Aeroporto Internacional de Boryspil (Kiev),Aeroporto Internacional de João Pessoa,8953,09:56 ~ 10:31,10:31 ~ 11:11
Aeroporto de Istambul,Aeroporto Internacional de Guarulhos,10536,11:42 ~ 12:23,12:23 ~ 13:10
Aeroporto de Istambul,Aeroporto Internacional do Recife,8469,09:24 ~ 09:57,09:57 ~ 10:35
Aeroporto de Istambul,Aeroporto Internacional de Salvador,9108,10:07 ~ 10:42,10:42 ~ 11:23
Aeroporto de Istambul,Aeroporto Internacional de Natal,8309,09:13 ~ 09:46,09:46 ~ 10:23
Aeroporto de Istambul,Aeroporto Internacional de São Luís,8786,09:45 ~ 10:20,10:20 ~ 10:58
Aeroporto de Istambul,Aeroporto Internacional Pinto Martins,8413,09:20 ~ 09:53,09:53 ~ 10:30
Aeroporto de Istambul,Aeroporto Internacional de Nursultan Nazarbayev,3432,03:48 ~ 04:02,04:02 ~ 04:17
Aeroporto de Istambul,Aeroporto Internacional de Xangai Pudong,8047,08:56 ~ 09:28,09:28 ~ 10:03
Aeroporto de Istambul,Aeroporto Internacional de Pequim Capital,7090,07:52 ~ 08:20,08:20 ~ 08:51
Aeroporto de Istambul,Aeroporto Internacional de Pyongyang Sunan,7784,08:38 ~ 09:09,09:09 ~ 09:43
Aeroporto de Istambul,Aeroporto Internacional de Incheon,7957,08:50 ~ 09:21,09:21 ~ 09:56
Aeroporto de Istambul,Aeroporto Internacional Ninoy Aquino,9149,10:09 ~ 10:45,10:45 ~ 11:26
Aeroporto de Istambul,Aeroporto Internacional de Hong Kong,8023,08:54 ~ 09:26,09:26 ~ 10:01
Aeroporto de Istambul,Aeroporto Internacional Indira Gandhi,4568,05:04 ~ 05:22,05:22 ~ 05:42
Aeroporto de Istambul,Aeroporto Internacional Soekarno-Hatta (Jacarta),9443,10:29 ~ 11:06,11:06 ~ 11:48
Aeroporto de Istambul,Aeroporto Internacional Ngurah Rai (Bali),10339,11:29 ~ 12:09,12:09 ~ 12:55
Aeroporto de Istambul,Aeroporto Internacional de Narita (Tóquio),9017,10:01 ~ 10:36,10:36 ~ 11:16
Aeroporto de Istambul,Aeroporto Internacional de Haneda (Tóquio),8995,09:59 ~ 10:34,10:34 ~ 11:14
Aeroporto de Istambul,Aeroporto Internacional de Kansai (Osaka),8778,09:45 ~ 10:19,10:19 ~ 10:58
Aeroporto de Istambul,Aeroporto Internacional de Wattay (Vientiane),7372,08:11 ~ 08:40,08:40 ~ 09:12
Aeroporto de Istambul,Aeroporto Internacional de Kuala Lumpur (Sepang),8378,09:18 ~ 09:51,09:51 ~ 10:28
Aeroporto de Istambul,Aeroporto Internacional de Penang (Penang),8073,08:58 ~ 09:29,09:29 ~ 10:05
Aeroporto de Istambul,Aeroporto Internacional de Malé,6037,06:42 ~ 07:06,07:06 ~ 07:32
Aeroporto de Istambul,Aeroporto Internacional de Changi,8670,09:37 ~ 10:11,10:11 ~ 10:50
Aeroporto de Istambul,Aeroporto Internacional de Suvarnabhumi,7513,08:20 ~ 08:50,08:50 ~ 09:23
Aeroporto de Istambul,Aeroporto Internacional Don Mueang,7485,08:18 ~ 08:48,08:48 ~ 09:21
Aeroporto de Istambul,Aeroporto Internacional de Taiwan Taoyuan,8419,09:21 ~ 09:54,09:54 ~ 10:31
Aeroporto de Istambul,Aeroporto Internacional de Tan Son Nhat,8211,09:07 ~ 09:39,09:39 ~ 10:15
Aeroporto de Istambul,Aeroporto Internacional de Noi Bai,7427,08:15 ~ 08:44,08:44 ~ 09:17
Aeroporto de Istambul,Aeroporto de Frankfurt,1866,02:04 ~ 02:11,02:11 ~ 02:19
Aeroporto de Istambul,Aeroporto de Dublin,2954,03:16 ~ 03:28,03:28 ~ 03:41
Aeroporto de Istambul,Aeroporto de Varsóvia Chopin,1380,01:32 ~ 01:37,01:37 ~ 01:43
Aeroporto de Istambul,Aeroporto de Oslo-Gardermoen,2462,02:44 ~ 02:53,02:53 ~ 03:04
Aeroporto de Istambul,Aeroporto de Roma-Fiumicino,1387,01:32 ~ 01:37,01:37 ~ 01:44
Aeroporto de Istambul,Aeroporto de Milão-Malpensa,1705,01:53 ~ 02:00,02:00 ~ 02:07
Aeroporto de Istambul,Aeroporto de Praga,1518,01:41 ~ 01:47,01:47 ~ 01:53
Aeroporto de Istambul,Aeroporto de Heathrow (Londres),2519,02:47 ~ 02:57,02:57 ~ 03:08
Aeroporto de Istambul,Aeroporto de Gatwick (Londres),2490,02:46 ~ 02:55,02:55 ~ 03:06
Aeroporto de Istambul,Aeroporto Internacional de Budapeste Ferenc Liszt,1047,01:09 ~ 01:13,01:13 ~ 01:18
Aeroporto de Istambul,Aeroporto de Schiphol (Amsterdã),2214,02:27 ~ 02:36,02:36 ~ 02:46
Aeroporto de Istambul,Aeroporto Internacional de Boryspil (Kiev),1054,01:10 ~ 01:14,01:14 ~ 01:19
Aeroporto de Istambul,Aeroporto de Zurique,1765,01:57 ~ 02:04,02:04 ~ 02:12
Aeroporto de Istambul,Aeroporto de Estocolmo-Arlanda,2211,02:27 ~ 02:36,02:36 ~ 02:45
Aeroporto de Istambul,Aeroporto Nikola Tesla (Belgrado),816,00:54 ~ 00:57,00:57 ~ 01:01
Aeroporto de Istambul,Aeroporto Internacional Sheremetyevo (Moscou),1782,01:58 ~ 02:05,02:05 ~ 02:13
Aeroporto de Istambul,Aeroporto de Pulkovo (São Petersburgo),2097,02:19 ~ 02:28,02:28 ~ 02:37
Aeroporto de Istambul,Aeroporto Internacional Henri Coand? (Bucareste),456,00:30 ~ 00:32,00:32 ~ 00:34
Aeroporto de Istambul,Aeroporto Humberto Delgado (Lisboa),3231,03:35 ~ 03:48,03:48 ~ 04:02
Aeroporto de Istambul,Aeroporto Francisco Sá Carneiro (Porto),3124,03:28 ~ 03:40,03:40 ~ 03:54
Aeroporto de Istambul,Aeroporto Internacional de Malta,1372,01:31 ~ 01:36,01:36 ~ 01:42
Aeroporto de Istambul,Aeroporto de Luxemburgo,2006,02:13 ~ 02:21,02:21 ~ 02:30
Aeroporto de Istambul,Aeroporto Internacional de Vilnius,1541,01:42 ~ 01:48,01:48 ~ 01:55
Aeroporto de Istambul,Aeroporto Internacional de Riga,1808,02:00 ~ 02:07,02:07 ~ 02:15
Aeroporto de Istambul,Aeroporto Internacional Madre Teresa (Tirana),763,00:50 ~ 00:53,00:53 ~ 00:57
Aeroporto de Istambul,Aeroporto de Barcelona-El Prat (Espanha),2236,02:29 ~ 02:37,02:37 ~ 02:47
Aeroporto de Istambul,Aeroporto de Toulouse-Blagnac (França),2271,02:31 ~ 02:40,02:40 ~ 02:50
Aeroporto de Istambul,Aeroporto Internacional de Viena,1252,01:23 ~ 01:28,01:28 ~ 01:33
Aeroporto de Istambul,Aeroporto de Bruxelas,2171,02:24 ~ 02:33,02:33 ~ 02:42
Aeroporto de Istambul,Aeroporto de Sófia,488,00:32 ~ 00:34,00:34 ~ 00:36
Aeroporto de Istambul,Aeroporto de Bratislava,1218,01:21 ~ 01:25,01:25 ~ 01:31
Aeroporto de Istambul,Aeroporto de Ljubljana Joe Pu?nik,1295,01:26 ~ 01:31,01:31 ~ 01:37
Aeroporto de Istambul,Aeroporto Adolfo Suárez Madrid-Barajas,2719,03:01 ~ 03:11,03:11 ~ 03:23
Aeroporto de Istambul,Aeroporto de Barcelona-El Prat,2236,02:29 ~ 02:37,02:37 ~ 02:47
Aeroporto de Istambul,Aeroporto de Tallinn,2069,02:17 ~ 02:26,02:26 ~ 02:35
Aeroporto de Istambul,Aeroporto de Vágar,3353,03:43 ~ 03:56,03:56 ~ 04:11
Aeroporto de Istambul,Aeroporto de Helsinque,2169,02:24 ~ 02:33,02:33 ~ 02:42
Aeroporto de Istambul,Aeroporto Internacional de Brasília,10081,11:12 ~ 11:51,11:51 ~ 12:36
Aeroporto de Istambul,Aeroporto Internacional de Várzea Grande,10746,11:56 ~ 12:38,12:38 ~ 13:25
Aeroporto de Istambul,Aeroporto Internacional de Belém,9047,10:03 ~ 10:38,10:38 ~ 11:18
Aeroporto de Istambul,Aeroporto Internacional de Tabatinga,10681,11:52 ~ 12:33,12:33 ~ 13:21
Aeroporto de Istambul,Aeroporto Internacional de Manaus,10136,11:15 ~ 11:55,11:55 ~ 12:40
Aeroporto de Istambul,Aeroporto Internacional de Macapá,9159,10:10 ~ 10:46,10:46 ~ 11:26
Aeroporto de Istambul,Aeroporto Internacional de Fortaleza,8414,09:20 ~ 09:53,09:53 ~ 10:31
Aeroporto de Istambul,Aeroporto Internacional de Maceió,8604,09:33 ~ 10:07,10:07 ~ 10:45
Aeroporto de Istambul,Aeroporto Internacional de Aracaju,8856,09:50 ~ 10:25,10:25 ~ 11:04
Aeroporto de Istambul,Aeroporto Internacional de Belo Horizonte,10003,11:06 ~ 11:46,11:46 ~ 12:30
Aeroporto de Istambul,Aeroporto Santos Dumont,10250,11:23 ~ 12:03,12:03 ~ 12:48
Aeroporto de Istambul,Aeroporto Internacional do Rio de Janeiro,10248,11:23 ~ 12:03,12:03 ~ 12:48
Aeroporto de Istambul,Aeroporto Internacional de Vitória,9831,10:55 ~ 11:33,11:33 ~ 12:17
Aeroporto de Istambul,Aeroporto Internacional de São José dos Campos,10474,11:38 ~ 12:19,12:19 ~ 13:05
Aeroporto de Istambul,Aeroporto Internacional de Viracopos,10624,11:48 ~ 12:29,12:29 ~ 13:16
Aeroporto de Istambul,Aeroporto Internacional de Curitiba,10874,12:04 ~ 12:47,12:47 ~ 13:35
Aeroporto de Istambul,Aeroporto Internacional de Florianópolis,11005,12:13 ~ 12:56,12:56 ~ 13:45
Aeroporto de Istambul,Aeroporto Internacional de Navegantes,10958,12:10 ~ 12:53,12:53 ~ 13:41
Aeroporto de Istambul,Aeroporto Internacional de Porto Alegre,11368,12:37 ~ 13:22,13:22 ~ 14:12
Aeroporto de Istambul,Aeroporto de Copenhague,3412,03:47 ~ 04:00,04:00 ~ 04:15
Aeroporto de Istambul,Aeroporto Internacional Hartsfield-Jackson Atlanta,9292,10:19 ~ 10:55,10:55 ~ 11:36
Aeroporto de Istambul,Aeroporto de Teresina,8857,09:50 ~ 10:25,10:25 ~ 11:04
Aeroporto de Istambul,Aeroporto Internacional de João Pessoa,8394,09:19 ~ 09:52,09:52 ~ 10:29
Aeroporto de Zurique,Aeroporto Internacional de Guarulhos,9587,10:39 ~ 11:16,11:16 ~ 11:59
Aeroporto de Zurique,Aeroporto Internacional do Recife,7497,08:19 ~ 08:49,08:49 ~ 09:22
Aeroporto de Zurique,Aeroporto Internacional de Salvador,8143,09:02 ~ 09:34,09:34 ~ 10:10
Aeroporto de Zurique,Aeroporto Internacional de Natal,7293,08:06 ~ 08:34,08:34 ~ 09:06
Aeroporto de Zurique,Aeroporto Internacional de São Luís,7547,08:23 ~ 08:52,08:52 ~ 09:26
Aeroporto de Zurique,Aeroporto Internacional Pinto Martins,7298,08:06 ~ 08:35,08:35 ~ 09:07
Aeroporto de Zurique,Aeroporto Internacional de Nursultan Nazarbayev,4458,04:57 ~ 05:14,05:14 ~ 05:34
Aeroporto de Zurique,Aeroporto Internacional de Xangai Pudong,9052,10:03 ~ 10:38,10:38 ~ 11:18
Aeroporto de Zurique,Aeroporto Internacional de Pequim Capital,7993,08:52 ~ 09:24,09:24 ~ 09:59
Aeroporto de Zurique,Aeroporto Internacional de Pyongyang Sunan,8570,09:31 ~ 10:04,10:04 ~ 10:42
Aeroporto de Zurique,Aeroporto Internacional de Incheon,8766,09:44 ~ 10:18,10:18 ~ 10:57
Aeroporto de Zurique,Aeroporto Internacional Ninoy Aquino,10439,11:35 ~ 12:16,12:16 ~ 13:02
Aeroporto de Zurique,Aeroporto Internacional de Hong Kong,9296,10:19 ~ 10:56,10:56 ~ 11:37
Aeroporto de Zurique,Aeroporto Internacional Indira Gandhi,6161,06:50 ~ 07:14,07:14 ~ 07:42
Aeroporto de Zurique,Aeroporto Internacional Soekarno-Hatta (Jacarta),11118,12:21 ~ 13:04,13:04 ~ 13:53
Aeroporto de Zurique,Aeroporto Internacional Ngurah Rai (Bali),11971,13:18 ~ 14:05,14:05 ~ 14:57
Aeroporto de Zurique,Aeroporto Internacional de Narita (Tóquio),9618,10:41 ~ 11:18,11:18 ~ 12:01
Aeroporto de Zurique,Aeroporto Internacional de Haneda (Tóquio),9611,10:40 ~ 11:18,11:18 ~ 12:00
Aeroporto de Zurique,Aeroporto Internacional de Kansai (Osaka),9497,10:33 ~ 11:10,11:10 ~ 11:52
Aeroporto de Zurique,Aeroporto Internacional de Wattay (Vientiane),8851,09:50 ~ 10:24,10:24 ~ 11:03
Aeroporto de Zurique,Aeroporto Internacional de Kuala Lumpur (Sepang),10024,11:08 ~ 11:47,11:47 ~ 12:31
Aeroporto de Zurique,Aeroporto Internacional de Penang (Penang),9709,10:47 ~ 11:25,11:25 ~ 12:08
Aeroporto de Zurique,Aeroporto Internacional de Malé,7802,08:40 ~ 09:10,09:10 ~ 09:45
Aeroporto de Zurique,Aeroporto Internacional de Changi,10309,11:27 ~ 12:07,12:07 ~ 12:53
Aeroporto de Zurique,Aeroporto Internacional de Suvarnabhumi,9064,10:04 ~ 10:39,10:39 ~ 11:19
Aeroporto de Zurique,Aeroporto Internacional Don Mueang,9035,10:02 ~ 10:37,10:37 ~ 11:17
Aeroporto de Zurique,Aeroporto Internacional de Taiwan Taoyuan,9540,10:35 ~ 11:13,11:13 ~ 11:55
Aeroporto de Zurique,Aeroporto Internacional de Tan Son Nhat,9732,10:48 ~ 11:26,11:26 ~ 12:09
Aeroporto de Zurique,Aeroporto Internacional de Noi Bai,8823,09:48 ~ 10:22,10:22 ~ 11:01
Aeroporto de Zurique,Aeroporto de Frankfurt,286,00:19 ~ 00:20,00:20 ~ 00:21
Aeroporto de Zurique,Aeroporto de Dublin,1239,01:22 ~ 01:27,01:27 ~ 01:32
Aeroporto de Zurique,Aeroporto de Varsóvia Chopin,1034,01:08 ~ 01:12,01:12 ~ 01:17
Aeroporto de Zurique,Aeroporto de Oslo-Gardermoen,1429,01:35 ~ 01:40,01:40 ~ 01:47
Aeroporto de Zurique,Aeroporto de Roma-Fiumicino,693,00:46 ~ 00:48,00:48 ~ 00:51
Aeroporto de Zurique,Aeroporto de Milão-Malpensa,204,00:13 ~ 00:14,00:14 ~ 00:15
Aeroporto de Zurique,Aeroporto de Praga,512,00:34 ~ 00:36,00:36 ~ 00:38
Aeroporto de Zurique,Aeroporto de Heathrow (Londres),791,00:52 ~ 00:55,00:55 ~ 00:59
Aeroporto de Zurique,Aeroporto de Gatwick (Londres),756,00:50 ~ 00:53,00:53 ~ 00:56
Aeroporto de Zurique,Aeroporto Internacional de Budapeste Ferenc Liszt,807,00:53 ~ 00:56,00:56 ~ 01:00
Aeroporto de Zurique,Aeroporto de Schiphol (Amsterdã),604,00:40 ~ 00:42,00:42 ~ 00:45
Aeroporto de Zurique,Aeroporto Internacional de Boryspil (Kiev),1663,01:50 ~ 01:57,01:57 ~ 02:04
Aeroporto de Zurique,Aeroporto de Istambul,1765,01:57 ~ 02:04,02:04 ~ 02:12
Aeroporto de Zurique,Aeroporto de Estocolmo-Arlanda,1489,01:39 ~ 01:45,01:45 ~ 01:51
Aeroporto de Zurique,Aeroporto Nikola Tesla (Belgrado),952,01:03 ~ 01:07,01:07 ~ 01:11
Aeroporto de Zurique,Aeroporto Internacional Sheremetyevo (Moscou),2187,02:25 ~ 02:34,02:34 ~ 02:44
Aeroporto de Zurique,Aeroporto de Pulkovo (São Petersburgo),1970,02:11 ~ 02:19,02:19 ~ 02:27
Aeroporto de Zurique,Aeroporto Internacional Henri Coand? (Bucareste),1394,01:32 ~ 01:38,01:38 ~ 01:44
Aeroporto de Zurique,Aeroporto Humberto Delgado (Lisboa),1727,01:55 ~ 02:01,02:01 ~ 02:09
Aeroporto de Zurique,Aeroporto Francisco Sá Carneiro (Porto),1533,01:42 ~ 01:48,01:48 ~ 01:54
Aeroporto de Zurique,Aeroporto Internacional de Malta,1378,01:31 ~ 01:37,01:37 ~ 01:43
Aeroporto de Zurique,Aeroporto de Luxemburgo,297,00:19 ~ 00:20,00:20 ~ 00:22
Aeroporto de Zurique,Aeroporto Internacional de Vilnius,1414,01:34 ~ 01:39,01:39 ~ 01:46
Aeroporto de Zurique,Aeroporto Internacional de Riga,1484,01:38 ~ 01:44,01:44 ~ 01:51
Aeroporto de Zurique,Aeroporto Internacional Madre Teresa (Tirana),1113,01:14 ~ 01:18,01:18 ~ 01:23
Aeroporto de Zurique,Aeroporto de Barcelona-El Prat (Espanha),857,00:57 ~ 01:00,01:00 ~ 01:04
Aeroporto de Zurique,Aeroporto de Toulouse-Blagnac (França),702,00:46 ~ 00:49,00:49 ~ 00:52
Aeroporto de Zurique,Aeroporto Internacional de Viena,605,00:40 ~ 00:42,00:42 ~ 00:45
Aeroporto de Zurique,Aeroporto de Bruxelas,484,00:32 ~ 00:34,00:34 ~ 00:36
Aeroporto de Zurique,Aeroporto de Sófia,1281,01:25 ~ 01:30,01:30 ~ 01:36
Aeroporto de Zurique,Aeroporto de Bratislava,653,00:43 ~ 00:46,00:46 ~ 00:48
Aeroporto de Zurique,Aeroporto de Ljubljana Joe Pu?nik,471,00:31 ~ 00:33,00:33 ~ 00:35
Aeroporto de Zurique,Aeroporto Adolfo Suárez Madrid-Barajas,1240,01:22 ~ 01:27,01:27 ~ 01:33
Aeroporto de Zurique,Aeroporto de Barcelona-El Prat,857,00:57 ~ 01:00,01:00 ~ 01:04
Aeroporto de Zurique,Aeroporto de Tallinn,1704,01:53 ~ 02:00,02:00 ~ 02:07
Aeroporto de Zurique,Aeroporto de Vágar,1908,02:07 ~ 02:14,02:14 ~ 02:23
Aeroporto de Zurique,Aeroporto de Helsinque,1783,01:58 ~ 02:05,02:05 ~ 02:13
Aeroporto de Zurique,Aeroporto Internacional de Brasília,8982,09:58 ~ 10:34,10:34 ~ 11:13
Aeroporto de Zurique,Aeroporto Internacional de Várzea Grande,9504,10:33 ~ 11:10,11:10 ~ 11:52
Aeroporto de Zurique,Aeroporto Internacional de Belém,7721,08:34 ~ 09:05,09:05 ~ 09:39
Aeroporto de Zurique,Aeroporto Internacional de Tabatinga,9149,10:09 ~ 10:45,10:45 ~ 11:26
Aeroporto de Zurique,Aeroporto Internacional de Manaus,8672,09:38 ~ 10:12,10:12 ~ 10:50
Aeroporto de Zurique,Aeroporto Internacional de Macapá,7775,08:38 ~ 09:08,09:08 ~ 09:43
Aeroporto de Zurique,Aeroporto Internacional de Fortaleza,7298,08:06 ~ 08:35,08:35 ~ 09:07
Aeroporto de Zurique,Aeroporto Internacional de Maceió,7630,08:28 ~ 08:58,08:58 ~ 09:32
Aeroporto de Zurique,Aeroporto Internacional de Aracaju,7886,08:45 ~ 09:16,09:16 ~ 09:51
Aeroporto de Zurique,Aeroporto Internacional de Belo Horizonte,9051,10:03 ~ 10:38,10:38 ~ 11:18
Aeroporto de Zurique,Aeroporto Santos Dumont,9353,10:23 ~ 11:00,11:00 ~ 11:41
Aeroporto de Zurique,Aeroporto Internacional do Rio de Janeiro,9348,10:23 ~ 10:59,10:59 ~ 11:41
Aeroporto de Zurique,Aeroporto Internacional de Vitória,8947,09:56 ~ 10:31,10:31 ~ 11:11
Aeroporto de Zurique,Aeroporto Internacional de São José dos Campos,9532,10:35 ~ 11:12,11:12 ~ 11:54
Aeroporto de Zurique,Aeroporto Internacional de Viracopos,9646,10:43 ~ 11:20,11:20 ~ 12:03
Aeroporto de Zurique,Aeroporto Internacional de Curitiba,9908,11:00 ~ 11:39,11:39 ~ 12:23
Aeroporto de Zurique,Aeroporto Internacional de Florianópolis,10092,11:12 ~ 11:52,11:52 ~ 12:36
Aeroporto de Zurique,Aeroporto Internacional de Navegantes,10030,11:08 ~ 11:48,11:48 ~ 12:32
Aeroporto de Zurique,Aeroporto Internacional de Porto Alegre,10450,11:36 ~ 12:17,12:17 ~ 13:03
Aeroporto de Zurique,Aeroporto de Copenhague,1718,01:54 ~ 02:01,02:01 ~ 02:08
Aeroporto de Zurique,Aeroporto Internacional Hartsfield-Jackson Atlanta,7549,08:23 ~ 08:52,08:52 ~ 09:26
Aeroporto de Zurique,Aeroporto de Teresina,7681,08:32 ~ 09:02,09:02 ~ 09:36
Aeroporto de Zurique,Aeroporto Internacional de João Pessoa,7406,08:13 ~ 08:42,08:42 ~ 09:15
Aeroporto de Estocolmo-Arlanda,Aeroporto Internacional de Guarulhos,10900,12:06 ~ 12:49,12:49 ~ 13:37
Aeroporto de Estocolmo-Arlanda,Aeroporto Internacional do Recife,8839,09:49 ~ 10:23,10:23 ~ 11:02
Aeroporto de Estocolmo-Arlanda,Aeroporto Internacional de Salvador,9475,10:31 ~ 11:08,11:08 ~ 11:50
Aeroporto de Estocolmo-Arlanda,Aeroporto Internacional de Natal,8617,09:34 ~ 10:08,10:08 ~ 10:46
Aeroporto de Estocolmo-Arlanda,Aeroporto Internacional de São Luís,8736,09:42 ~ 10:16,10:16 ~ 10:55
Aeroporto de Estocolmo-Arlanda,Aeroporto Internacional Pinto Martins,8571,09:31 ~ 10:05,10:05 ~ 10:42
Aeroporto de Estocolmo-Arlanda,Aeroporto Internacional de Nursultan Nazarbayev,3426,03:48 ~ 04:01,04:01 ~ 04:16
Aeroporto de Estocolmo-Arlanda,Aeroporto Internacional de Xangai Pudong,7797,08:39 ~ 09:10,09:10 ~ 09:44
Aeroporto de Estocolmo-Arlanda,Aeroporto Internacional de Pequim Capital,6710,07:27 ~ 07:53,07:53 ~ 08:23
Aeroporto de Estocolmo-Arlanda,Aeroporto Internacional de Pyongyang Sunan,7221,08:01 ~ 08:29,08:29 ~ 09:01
Aeroporto de Estocolmo-Arlanda,Aeroporto Internacional de Incheon,7423,08:14 ~ 08:43,08:43 ~ 09:16
Aeroporto de Estocolmo-Arlanda,Aeroporto Internacional Ninoy Aquino,9345,10:22 ~ 10:59,10:59 ~ 11:40
Aeroporto de Estocolmo-Arlanda,Aeroporto Internacional de Hong Kong,8220,09:07 ~ 09:40,09:40 ~ 10:16
Aeroporto de Estocolmo-Arlanda,Aeroporto Internacional Indira Gandhi,5592,06:12 ~ 06:34,06:34 ~ 06:59
Aeroporto de Estocolmo-Arlanda,Aeroporto Internacional Soekarno-Hatta (Jacarta),10519,11:41 ~ 12:22,12:22 ~ 13:08
Aeroporto de Estocolmo-Arlanda,Aeroporto Internacional Ngurah Rai (Bali),11248,12:29 ~ 13:13,13:13 ~ 14:03
Aeroporto de Estocolmo-Arlanda,Aeroporto Internacional de Narita (Tóquio),8192,09:06 ~ 09:38,09:38 ~ 10:14
Aeroporto de Estocolmo-Arlanda,Aeroporto Internacional de Haneda (Tóquio),8188,09:05 ~ 09:37,09:37 ~ 10:14
Aeroporto de Estocolmo-Arlanda,Aeroporto Internacional de Kansai (Osaka),8107,09:00 ~ 09:32,09:32 ~ 10:08
Aeroporto de Estocolmo-Arlanda,Aeroporto Internacional de Wattay (Vientiane),8000,08:53 ~ 09:24,09:24 ~ 10:00
Aeroporto de Estocolmo-Arlanda,Aeroporto Internacional de Kuala Lumpur (Sepang),9395,10:26 ~ 11:03,11:03 ~ 11:44
Aeroporto de Estocolmo-Arlanda,Aeroporto Internacional de Penang (Penang),9071,10:04 ~ 10:40,10:40 ~ 11:20
Aeroporto de Estocolmo-Arlanda,Aeroporto Internacional de Malé,7738,08:35 ~ 09:06,09:06 ~ 09:40
Aeroporto de Estocolmo-Arlanda,Aeroporto Internacional de Changi,9655,10:43 ~ 11:21,11:21 ~ 12:04
Aeroporto de Estocolmo-Arlanda,Aeroporto Internacional de Suvarnabhumi,8301,09:13 ~ 09:45,09:45 ~ 10:22
Aeroporto de Estocolmo-Arlanda,Aeroporto Internacional Don Mueang,8271,09:11 ~ 09:43,09:43 ~ 10:20
Aeroporto de Estocolmo-Arlanda,Aeroporto Internacional de Taiwan Taoyuan,8343,09:16 ~ 09:48,09:48 ~ 10:25
Aeroporto de Estocolmo-Arlanda,Aeroporto Internacional de Tan Son Nhat,8905,09:53 ~ 10:28,10:28 ~ 11:07
Aeroporto de Estocolmo-Arlanda,Aeroporto Internacional de Noi Bai,7877,08:45 ~ 09:16,09:16 ~ 09:50
Aeroporto de Estocolmo-Arlanda,Aeroporto de Frankfurt,1225,01:21 ~ 01:26,01:26 ~ 01:31
Aeroporto de Estocolmo-Arlanda,Aeroporto de Dublin,1628,01:48 ~ 01:54,01:54 ~ 02:02
Aeroporto de Estocolmo-Arlanda,Aeroporto de Varsóvia Chopin,855,00:57 ~ 01:00,01:00 ~ 01:04
Aeroporto de Estocolmo-Arlanda,Aeroporto de Oslo-Gardermoen,386,00:25 ~ 00:27,00:27 ~ 00:28
Aeroporto de Estocolmo-Arlanda,Aeroporto de Roma-Fiumicino,2024,02:14 ~ 02:22,02:22 ~ 02:31
Aeroporto de Estocolmo-Arlanda,Aeroporto de Milão-Malpensa,1676,01:51 ~ 01:58,01:58 ~ 02:05
Aeroporto de Estocolmo-Arlanda,Aeroporto de Praga,1088,01:12 ~ 01:16,01:16 ~ 01:21
Aeroporto de Estocolmo-Arlanda,Aeroporto de Heathrow (Londres),1466,01:37 ~ 01:43,01:43 ~ 01:49
Aeroporto de Estocolmo-Arlanda,Aeroporto de Gatwick (Londres),1479,01:38 ~ 01:44,01:44 ~ 01:50
Aeroporto de Estocolmo-Arlanda,Aeroporto Internacional de Budapeste Ferenc Liszt,1362,01:30 ~ 01:36,01:36 ~ 01:42
Aeroporto de Estocolmo-Arlanda,Aeroporto de Schiphol (Amsterdã),1155,01:17 ~ 01:21,01:21 ~ 01:26
Aeroporto de Estocolmo-Arlanda,Aeroporto Internacional de Boryspil (Kiev),1323,01:28 ~ 01:33,01:33 ~ 01:39
Aeroporto de Estocolmo-Arlanda,Aeroporto de Istambul,2211,02:27 ~ 02:36,02:36 ~ 02:45
Aeroporto de Estocolmo-Arlanda,Aeroporto de Zurique,1489,01:39 ~ 01:45,01:45 ~ 01:51
Aeroporto de Estocolmo-Arlanda,Aeroporto Nikola Tesla (Belgrado),1658,01:50 ~ 01:57,01:57 ~ 02:04
Aeroporto de Estocolmo-Arlanda,Aeroporto Internacional Sheremetyevo (Moscou),1224,01:21 ~ 01:26,01:26 ~ 01:31
Aeroporto de Estocolmo-Arlanda,Aeroporto de Pulkovo (São Petersburgo),694,00:46 ~ 00:48,00:48 ~ 00:52
Aeroporto de Estocolmo-Arlanda,Aeroporto Internacional Henri Coand? (Bucareste),1766,01:57 ~ 02:04,02:04 ~ 02:12
Aeroporto de Estocolmo-Arlanda,Aeroporto Humberto Delgado (Lisboa),3003,03:20 ~ 03:31,03:31 ~ 03:45
Aeroporto de Estocolmo-Arlanda,Aeroporto Francisco Sá Carneiro (Porto),2749,03:03 ~ 03:14,03:14 ~ 03:26
Aeroporto de Estocolmo-Arlanda,Aeroporto Internacional de Malta,2657,02:57 ~ 03:07,03:07 ~ 03:19
Aeroporto de Estocolmo-Arlanda,Aeroporto de Luxemburgo,1344,01:29 ~ 01:34,01:34 ~ 01:40
Aeroporto de Estocolmo-Arlanda,Aeroporto Internacional de Vilnius,714,00:47 ~ 00:50,00:50 ~ 00:53
Aeroporto de Estocolmo-Arlanda,Aeroporto Internacional de Riga,467,00:31 ~ 00:32,00:32 ~ 00:35
Aeroporto de Estocolmo-Arlanda,Aeroporto Internacional Madre Teresa (Tirana),2032,02:15 ~ 02:23,02:23 ~ 02:32
Aeroporto de Estocolmo-Arlanda,Aeroporto de Barcelona-El Prat (Espanha),2318,02:34 ~ 02:43,02:43 ~ 02:53
Aeroporto de Estocolmo-Arlanda,Aeroporto de Toulouse-Blagnac (França),2104,02:20 ~ 02:28,02:28 ~ 02:37
Aeroporto de Estocolmo-Arlanda,Aeroporto Internacional de Viena,1288,01:25 ~ 01:30,01:30 ~ 01:36
Aeroporto de Estocolmo-Arlanda,Aeroporto de Bruxelas,1290,01:26 ~ 01:31,01:31 ~ 01:36
Aeroporto de Estocolmo-Arlanda,Aeroporto de Sófia,1923,02:08 ~ 02:15,02:15 ~ 02:24
Aeroporto de Estocolmo-Arlanda,Aeroporto de Bratislava,1278,01:25 ~ 01:30,01:30 ~ 01:35
Aeroporto de Estocolmo-Arlanda,Aeroporto de Ljubljana Joe Pu?nik,1512,01:40 ~ 01:46,01:46 ~ 01:53
Aeroporto de Estocolmo-Arlanda,Aeroporto Adolfo Suárez Madrid-Barajas,2603,02:53 ~ 03:03,03:03 ~ 03:15
Aeroporto de Estocolmo-Arlanda,Aeroporto de Barcelona-El Prat,2317,02:34 ~ 02:43,02:43 ~ 02:53
Aeroporto de Estocolmo-Arlanda,Aeroporto de Tallinn,391,00:26 ~ 00:27,00:27 ~ 00:29
Aeroporto de Estocolmo-Arlanda,Aeroporto de Vágar,1386,01:32 ~ 01:37,01:37 ~ 01:43
Aeroporto de Estocolmo-Arlanda,Aeroporto de Helsinque,400,00:26 ~ 00:28,00:28 ~ 00:30
Aeroporto de Estocolmo-Arlanda,Aeroporto Internacional de Brasília,10228,11:21 ~ 12:01,12:01 ~ 12:47
Aeroporto de Estocolmo-Arlanda,Aeroporto Internacional de Várzea Grande,10641,11:49 ~ 12:31,12:31 ~ 13:18
Aeroporto de Estocolmo-Arlanda,Aeroporto Internacional de Belém,8838,09:49 ~ 10:23,10:23 ~ 11:02
Aeroporto de Estocolmo-Arlanda,Aeroporto Internacional de Tabatinga,9998,11:06 ~ 11:45,11:45 ~ 12:29
Aeroporto de Estocolmo-Arlanda,Aeroporto Internacional de Manaus,9623,10:41 ~ 11:19,11:19 ~ 12:01
Aeroporto de Estocolmo-Arlanda,Aeroporto Internacional de Macapá,8837,09:49 ~ 10:23,10:23 ~ 11:02
Aeroporto de Estocolmo-Arlanda,Aeroporto Internacional de Fortaleza,8571,09:31 ~ 10:05,10:05 ~ 10:42
Aeroporto de Estocolmo-Arlanda,Aeroporto Internacional de Maceió,8968,09:57 ~ 10:33,10:33 ~ 11:12
Aeroporto de Estocolmo-Arlanda,Aeroporto Internacional de Aracaju,9220,10:14 ~ 10:50,10:50 ~ 11:31
Aeroporto de Estocolmo-Arlanda,Aeroporto Internacional de Belo Horizonte,10372,11:31 ~ 12:12,12:12 ~ 12:57
Aeroporto de Estocolmo-Arlanda,Aeroporto Santos Dumont,10694,11:52 ~ 12:34,12:34 ~ 13:22
Aeroporto de Estocolmo-Arlanda,Aeroporto Internacional do Rio de Janeiro,10688,11:52 ~ 12:34,12:34 ~ 13:21
Aeroporto de Estocolmo-Arlanda,Aeroporto Internacional de Vitória,10300,11:26 ~ 12:07,12:07 ~ 12:52
Aeroporto de Estocolmo-Arlanda,Aeroporto Internacional de São José dos Campos,10849,12:03 ~ 12:45,12:45 ~ 13:33
Aeroporto de Estocolmo-Arlanda,Aeroporto Internacional de Viracopos,10943,12:09 ~ 12:52,12:52 ~ 13:40
Aeroporto de Estocolmo-Arlanda,Aeroporto Internacional de Curitiba,11206,12:27 ~ 13:11,13:11 ~ 14:00
Aeroporto de Estocolmo-Arlanda,Aeroporto Internacional de Florianópolis,11412,12:40 ~ 13:25,13:25 ~ 14:15
Aeroporto de Estocolmo-Arlanda,Aeroporto Internacional de Navegantes,11344,12:36 ~ 13:20,13:20 ~ 14:10
Aeroporto de Estocolmo-Arlanda,Aeroporto Internacional de Porto Alegre,11761,13:04 ~ 13:50,13:50 ~ 14:42
Aeroporto de Estocolmo-Arlanda,Aeroporto de Copenhague,1863,02:04 ~ 02:11,02:11 ~ 02:19
Aeroporto de Estocolmo-Arlanda,Aeroporto Internacional Hartsfield-Jackson Atlanta,7485,08:18 ~ 08:48,08:48 ~ 09:21
Aeroporto de Estocolmo-Arlanda,Aeroporto de Teresina,8909,09:53 ~ 10:28,10:28 ~ 11:08
Aeroporto de Estocolmo-Arlanda,Aeroporto Internacional de João Pessoa,8741,09:42 ~ 10:17,10:17 ~ 10:55
Aeroporto Nikola Tesla (Belgrado),Aeroporto Internacional de Guarulhos,10141,11:16 ~ 11:55,11:55 ~ 12:40
Aeroporto Nikola Tesla (Belgrado),Aeroporto Internacional do Recife,8048,08:56 ~ 09:28,09:28 ~ 10:03
Aeroporto Nikola Tesla (Belgrado),Aeroporto Internacional de Salvador,8695,09:39 ~ 10:13,10:13 ~ 10:52
Aeroporto Nikola Tesla (Belgrado),Aeroporto Internacional de Natal,7866,08:44 ~ 09:15,09:15 ~ 09:49
Aeroporto Nikola Tesla (Belgrado),Aeroporto Internacional de São Luís,8241,09:09 ~ 09:41,09:41 ~ 10:18
Aeroporto Nikola Tesla (Belgrado),Aeroporto Internacional Pinto Martins,7924,08:48 ~ 09:19,09:19 ~ 09:54
Aeroporto Nikola Tesla (Belgrado),Aeroporto Internacional de Nursultan Nazarbayev,3807,04:13 ~ 04:28,04:28 ~ 04:45
Aeroporto Nikola Tesla (Belgrado),Aeroporto Internacional de Xangai Pudong,8460,09:24 ~ 09:57,09:57 ~ 10:34
Aeroporto Nikola Tesla (Belgrado),Aeroporto Internacional de Pequim Capital,7445,08:16 ~ 08:45,08:45 ~ 09:18
Aeroporto Nikola Tesla (Belgrado),Aeroporto Internacional de Pyongyang Sunan,8087,08:59 ~ 09:30,09:30 ~ 10:06
Aeroporto Nikola Tesla (Belgrado),Aeroporto Internacional de Incheon,8273,09:11 ~ 09:43,09:43 ~ 10:20
Aeroporto Nikola Tesla (Belgrado),Aeroporto Internacional Ninoy Aquino,9709,10:47 ~ 11:25,11:25 ~ 12:08
Aeroporto Nikola Tesla (Belgrado),Aeroporto Internacional de Hong Kong,8569,09:31 ~ 10:04,10:04 ~ 10:42
Aeroporto Nikola Tesla (Belgrado),Aeroporto Internacional Indira Gandhi,5271,05:51 ~ 06:12,06:12 ~ 06:35
Aeroporto Nikola Tesla (Belgrado),Aeroporto Internacional Soekarno-Hatta (Jacarta),10201,11:20 ~ 12:00,12:00 ~ 12:45
Aeroporto Nikola Tesla (Belgrado),Aeroporto Internacional Ngurah Rai (Bali),11074,12:18 ~ 13:01,13:01 ~ 13:50
Aeroporto Nikola Tesla (Belgrado),Aeroporto Internacional de Narita (Tóquio),9242,10:16 ~ 10:52,10:52 ~ 11:33
Aeroporto Nikola Tesla (Belgrado),Aeroporto Internacional de Haneda (Tóquio),9226,10:15 ~ 10:51,10:51 ~ 11:31
Aeroporto Nikola Tesla (Belgrado),Aeroporto Internacional de Kansai (Osaka),9057,10:03 ~ 10:39,10:39 ~ 11:19
Aeroporto Nikola Tesla (Belgrado),Aeroporto Internacional de Wattay (Vientiane),8022,08:54 ~ 09:26,09:26 ~ 10:01
Aeroporto Nikola Tesla (Belgrado),Aeroporto Internacional de Kuala Lumpur (Sepang),9119,10:07 ~ 10:43,10:43 ~ 11:23
Aeroporto Nikola Tesla (Belgrado),Aeroporto Internacional de Penang (Penang),8808,09:47 ~ 10:21,10:21 ~ 11:00
Aeroporto Nikola Tesla (Belgrado),Aeroporto Internacional de Malé,6851,07:36 ~ 08:03,08:03 ~ 08:33
Aeroporto Nikola Tesla (Belgrado),Aeroporto Internacional de Changi,9407,10:27 ~ 11:04,11:04 ~ 11:45
Aeroporto Nikola Tesla (Belgrado),Aeroporto Internacional de Suvarnabhumi,8201,09:06 ~ 09:38,09:38 ~ 10:15
Aeroporto Nikola Tesla (Belgrado),Aeroporto Internacional Don Mueang,8172,09:04 ~ 09:36,09:36 ~ 10:12
Aeroporto Nikola Tesla (Belgrado),Aeroporto Internacional de Taiwan Taoyuan,8891,09:52 ~ 10:27,10:27 ~ 11:06
Aeroporto Nikola Tesla (Belgrado),Aeroporto Internacional de Tan Son Nhat,8885,09:52 ~ 10:27,10:27 ~ 11:06
Aeroporto Nikola Tesla (Belgrado),Aeroporto Internacional de Noi Bai,8034,08:55 ~ 09:27,09:27 ~ 10:02
Aeroporto Nikola Tesla (Belgrado),Aeroporto de Frankfurt,1055,01:10 ~ 01:14,01:14 ~ 01:19
Aeroporto Nikola Tesla (Belgrado),Aeroporto de Dublin,2143,02:22 ~ 02:31,02:31 ~ 02:40
Aeroporto Nikola Tesla (Belgrado),Aeroporto de Varsóvia Chopin,818,00:54 ~ 00:57,00:57 ~ 01:01
Aeroporto Nikola Tesla (Belgrado),Aeroporto de Oslo-Gardermoen,1818,02:01 ~ 02:08,02:08 ~ 02:16
Aeroporto Nikola Tesla (Belgrado),Aeroporto de Roma-Fiumicino,734,00:48 ~ 00:51,00:51 ~ 00:55
Aeroporto Nikola Tesla (Belgrado),Aeroporto de Milão-Malpensa,912,01:00 ~ 01:04,01:04 ~ 01:08
Aeroporto Nikola Tesla (Belgrado),Aeroporto de Praga,742,00:49 ~ 00:52,00:52 ~ 00:55
Aeroporto Nikola Tesla (Belgrado),Aeroporto de Heathrow (Londres),1704,01:53 ~ 02:00,02:00 ~ 02:07
Aeroporto Nikola Tesla (Belgrado),Aeroporto de Gatwick (Londres),1675,01:51 ~ 01:58,01:58 ~ 02:05
Aeroporto Nikola Tesla (Belgrado),Aeroporto Internacional de Budapeste Ferenc Liszt,302,00:20 ~ 00:21,00:21 ~ 00:22
Aeroporto Nikola Tesla (Belgrado),Aeroporto de Schiphol (Amsterdã),1411,01:34 ~ 01:39,01:39 ~ 01:45
Aeroporto Nikola Tesla (Belgrado),Aeroporto Internacional de Boryspil (Kiev),1005,01:07 ~ 01:10,01:10 ~ 01:15
Aeroporto Nikola Tesla (Belgrado),Aeroporto de Istambul,816,00:54 ~ 00:57,00:57 ~ 01:01
Aeroporto Nikola Tesla (Belgrado),Aeroporto de Zurique,952,01:03 ~ 01:07,01:07 ~ 01:11
Aeroporto Nikola Tesla (Belgrado),Aeroporto de Estocolmo-Arlanda,1658,01:50 ~ 01:57,01:57 ~ 02:04
Aeroporto Nikola Tesla (Belgrado),Aeroporto Internacional Sheremetyevo (Moscou),1729,01:55 ~ 02:02,02:02 ~ 02:09
Aeroporto Nikola Tesla (Belgrado),Aeroporto de Pulkovo (São Petersburgo),1796,01:59 ~ 02:06,02:06 ~ 02:14
Aeroporto Nikola Tesla (Belgrado),Aeroporto Internacional Henri Coand? (Bucareste),462,00:30 ~ 00:32,00:32 ~ 00:34
Aeroporto Nikola Tesla (Belgrado),Aeroporto Humberto Delgado (Lisboa),2521,02:48 ~ 02:57,02:57 ~ 03:09
Aeroporto Nikola Tesla (Belgrado),Aeroporto Francisco Sá Carneiro (Porto),2381,02:38 ~ 02:48,02:48 ~ 02:58
Aeroporto Nikola Tesla (Belgrado),Aeroporto Internacional de Malta,1110,01:14 ~ 01:18,01:18 ~ 01:23
Aeroporto Nikola Tesla (Belgrado),Aeroporto de Luxemburgo,1190,01:19 ~ 01:23,01:23 ~ 01:29
Aeroporto Nikola Tesla (Belgrado),Aeroporto Internacional de Vilnius,1149,01:16 ~ 01:21,01:21 ~ 01:26
Aeroporto Nikola Tesla (Belgrado),Aeroporto Internacional de Riga,1371,01:31 ~ 01:36,01:36 ~ 01:42
Aeroporto Nikola Tesla (Belgrado),Aeroporto Internacional Madre Teresa (Tirana),381,00:25 ~ 00:26,00:26 ~ 00:28
Aeroporto Nikola Tesla (Belgrado),Aeroporto de Barcelona-El Prat (Espanha),1531,01:42 ~ 01:48,01:48 ~ 01:54
Aeroporto Nikola Tesla (Belgrado),Aeroporto de Toulouse-Blagnac (França),1514,01:40 ~ 01:46,01:46 ~ 01:53
Aeroporto Nikola Tesla (Belgrado),Aeroporto Internacional de Viena,464,00:30 ~ 00:32,00:32 ~ 00:34
Aeroporto Nikola Tesla (Belgrado),Aeroporto de Bruxelas,1358,01:30 ~ 01:35,01:35 ~ 01:41
Aeroporto Nikola Tesla (Belgrado),Aeroporto de Sófia,345,00:23 ~ 00:24,00:24 ~ 00:25
Aeroporto Nikola Tesla (Belgrado),Aeroporto de Bratislava,442,00:29 ~ 00:31,00:31 ~ 00:33
Aeroporto Nikola Tesla (Belgrado),Aeroporto de Ljubljana Joe Pu?nik,481,00:32 ~ 00:33,00:33 ~ 00:36
Aeroporto Nikola Tesla (Belgrado),Aeroporto Adolfo Suárez Madrid-Barajas,2006,02:13 ~ 02:21,02:21 ~ 02:30
Aeroporto Nikola Tesla (Belgrado),Aeroporto de Barcelona-El Prat,1531,01:42 ~ 01:48,01:48 ~ 01:54
Aeroporto Nikola Tesla (Belgrado),Aeroporto de Tallinn,1651,01:50 ~ 01:56,01:56 ~ 02:03
Aeroporto Nikola Tesla (Belgrado),Aeroporto de Vágar,2614,02:54 ~ 03:04,03:04 ~ 03:16
Aeroporto Nikola Tesla (Belgrado),Aeroporto de Helsinque,1753,01:56 ~ 02:03,02:03 ~ 02:11
Aeroporto Nikola Tesla (Belgrado),Aeroporto Internacional de Brasília,9610,10:40 ~ 11:18,11:18 ~ 12:00
Aeroporto Nikola Tesla (Belgrado),Aeroporto Internacional de Várzea Grande,10209,11:20 ~ 12:00,12:00 ~ 12:45
Aeroporto Nikola Tesla (Belgrado),Aeroporto Internacional de Belém,8461,09:24 ~ 09:57,09:57 ~ 10:34
Aeroporto Nikola Tesla (Belgrado),Aeroporto Internacional de Tabatinga,9998,11:06 ~ 11:45,11:45 ~ 12:29
Aeroporto Nikola Tesla (Belgrado),Aeroporto Internacional de Manaus,9486,10:32 ~ 11:09,11:09 ~ 11:51
Aeroporto Nikola Tesla (Belgrado),Aeroporto Internacional de Macapá,8546,09:29 ~ 10:03,10:03 ~ 10:40
Aeroporto Nikola Tesla (Belgrado),Aeroporto Internacional de Fortaleza,7925,08:48 ~ 09:19,09:19 ~ 09:54
Aeroporto Nikola Tesla (Belgrado),Aeroporto Internacional de Maceió,8183,09:05 ~ 09:37,09:37 ~ 10:13
Aeroporto Nikola Tesla (Belgrado),Aeroporto Internacional de Aracaju,8439,09:22 ~ 09:55,09:55 ~ 10:32
Aeroporto Nikola Tesla (Belgrado),Aeroporto Internacional de Belo Horizonte,9602,10:40 ~ 11:17,11:17 ~ 12:00
Aeroporto Nikola Tesla (Belgrado),Aeroporto Santos Dumont,9878,10:58 ~ 11:37,11:37 ~ 12:20
Aeroporto Nikola Tesla (Belgrado),Aeroporto Internacional do Rio de Janeiro,9874,10:58 ~ 11:36,11:36 ~ 12:20
Aeroporto Nikola Tesla (Belgrado),Aeroporto Internacional de Vitória,9462,10:30 ~ 11:07,11:07 ~ 11:49
Aeroporto Nikola Tesla (Belgrado),Aeroporto Internacional de São José dos Campos,10082,11:12 ~ 11:51,11:51 ~ 12:36
Aeroporto Nikola Tesla (Belgrado),Aeroporto Internacional de Viracopos,10215,11:20 ~ 12:01,12:01 ~ 12:46
Aeroporto Nikola Tesla (Belgrado),Aeroporto Internacional de Curitiba,10473,11:38 ~ 12:19,12:19 ~ 13:05
Aeroporto Nikola Tesla (Belgrado),Aeroporto Internacional de Florianópolis,10631,11:48 ~ 12:30,12:30 ~ 13:17
Aeroporto Nikola Tesla (Belgrado),Aeroporto Internacional de Navegantes,10576,11:45 ~ 12:26,12:26 ~ 13:13
Aeroporto Nikola Tesla (Belgrado),Aeroporto Internacional de Porto Alegre,10994,12:12 ~ 12:56,12:56 ~ 13:44
Aeroporto Nikola Tesla (Belgrado),Aeroporto de Copenhague,2606,02:53 ~ 03:03,03:03 ~ 03:15
Aeroporto Nikola Tesla (Belgrado),Aeroporto Internacional Hartsfield-Jackson Atlanta,8479,09:25 ~ 09:58,09:58 ~ 10:35
Aeroporto Nikola Tesla (Belgrado),Aeroporto de Teresina,8342,09:16 ~ 09:48,09:48 ~ 10:25
Aeroporto Nikola Tesla (Belgrado),Aeroporto Internacional de João Pessoa,7965,08:50 ~ 09:22,09:22 ~ 09:57
Aeroporto Internacional Sheremetyevo (Moscou),Aeroporto Internacional de Guarulhos,11767,13:04 ~ 13:50,13:50 ~ 14:42
Aeroporto Internacional Sheremetyevo (Moscou),Aeroporto Internacional do Recife,9673,10:44 ~ 11:22,11:22 ~ 12:05
Aeroporto Internacional Sheremetyevo (Moscou),Aeroporto Internacional de Salvador,10320,11:28 ~ 12:08,12:08 ~ 12:54
Aeroporto Internacional Sheremetyevo (Moscou),Aeroporto Internacional de Natal,9474,10:31 ~ 11:08,11:08 ~ 11:50
Aeroporto Internacional Sheremetyevo (Moscou),Aeroporto Internacional de São Luís,9725,10:48 ~ 11:26,11:26 ~ 12:09
Aeroporto Internacional Sheremetyevo (Moscou),Aeroporto Internacional Pinto Martins,9485,10:32 ~ 11:09,11:09 ~ 11:51
Aeroporto Internacional Sheremetyevo (Moscou),Aeroporto Internacional de Nursultan Nazarbayev,2300,02:33 ~ 02:42,02:42 ~ 02:52
Aeroporto Internacional Sheremetyevo (Moscou),Aeroporto Internacional de Xangai Pudong,6865,07:37 ~ 08:04,08:04 ~ 08:34
Aeroporto Internacional Sheremetyevo (Moscou),Aeroporto Internacional de Pequim Capital,5811,06:27 ~ 06:50,06:50 ~ 07:15
Aeroporto Internacional Sheremetyevo (Moscou),Aeroporto Internacional de Pyongyang Sunan,6411,07:07 ~ 07:32,07:32 ~ 08:00
Aeroporto Internacional Sheremetyevo (Moscou),Aeroporto Internacional de Incheon,6603,07:20 ~ 07:46,07:46 ~ 08:15
Aeroporto Internacional Sheremetyevo (Moscou),Aeroporto Internacional Ninoy Aquino,8286,09:12 ~ 09:44,09:44 ~ 10:21
Aeroporto Internacional Sheremetyevo (Moscou),Aeroporto Internacional de Hong Kong,7146,07:56 ~ 08:24,08:24 ~ 08:55
Aeroporto Internacional Sheremetyevo (Moscou),Aeroporto Internacional Indira Gandhi,4369,04:51 ~ 05:08,05:08 ~ 05:27
Aeroporto Internacional Sheremetyevo (Moscou),Aeroporto Internacional Soekarno-Hatta (Jacarta),9304,10:20 ~ 10:56,10:56 ~ 11:37
Aeroporto Internacional Sheremetyevo (Moscou),Aeroporto Internacional Ngurah Rai (Bali),10055,11:10 ~ 11:49,11:49 ~ 12:34
Aeroporto Internacional Sheremetyevo (Moscou),Aeroporto Internacional de Narita (Tóquio),7526,08:21 ~ 08:51,08:51 ~ 09:24
Aeroporto Internacional Sheremetyevo (Moscou),Aeroporto Internacional de Haneda (Tóquio),7512,08:20 ~ 08:50,08:50 ~ 09:23
Aeroporto Internacional Sheremetyevo (Moscou),Aeroporto Internacional de Kansai (Osaka),7362,08:10 ~ 08:39,08:39 ~ 09:12
Aeroporto Internacional Sheremetyevo (Moscou),Aeroporto Internacional de Wattay (Vientiane),6826,07:35 ~ 08:01,08:01 ~ 08:31
Aeroporto Internacional Sheremetyevo (Moscou),Aeroporto Internacional de Kuala Lumpur (Sepang),8181,09:05 ~ 09:37,09:37 ~ 10:13
Aeroporto Internacional Sheremetyevo (Moscou),Aeroporto Internacional de Penang (Penang),7858,08:43 ~ 09:14,09:14 ~ 09:49
Aeroporto Internacional Sheremetyevo (Moscou),Aeroporto Internacional de Malé,6576,07:18 ~ 07:44,07:44 ~ 08:13
Aeroporto Internacional Sheremetyevo (Moscou),Aeroporto Internacional de Changi,8445,09:22 ~ 09:56,09:56 ~ 10:33
Aeroporto Internacional Sheremetyevo (Moscou),Aeroporto Internacional de Suvarnabhumi,7106,07:53 ~ 08:21,08:21 ~ 08:52
Aeroporto Internacional Sheremetyevo (Moscou),Aeroporto Internacional Don Mueang,7076,07:51 ~ 08:19,08:19 ~ 08:50
Aeroporto Internacional Sheremetyevo (Moscou),Aeroporto Internacional de Taiwan Taoyuan,7356,08:10 ~ 08:39,08:39 ~ 09:11
Aeroporto Internacional Sheremetyevo (Moscou),Aeroporto Internacional de Tan Son Nhat,7728,08:35 ~ 09:05,09:05 ~ 09:39
Aeroporto Internacional Sheremetyevo (Moscou),Aeroporto Internacional de Noi Bai,6737,07:29 ~ 07:55,07:55 ~ 08:25
Aeroporto Internacional Sheremetyevo (Moscou),Aeroporto de Frankfurt,2028,02:15 ~ 02:23,02:23 ~ 02:32
Aeroporto Internacional Sheremetyevo (Moscou),Aeroporto de Dublin,2782,03:05 ~ 03:16,03:16 ~ 03:28
Aeroporto Internacional Sheremetyevo (Moscou),Aeroporto de Varsóvia Chopin,1154,01:16 ~ 01:21,01:21 ~ 01:26
Aeroporto Internacional Sheremetyevo (Moscou),Aeroporto de Oslo-Gardermoen,1610,01:47 ~ 01:53,01:53 ~ 02:00
Aeroporto Internacional Sheremetyevo (Moscou),Aeroporto de Roma-Fiumicino,2403,02:40 ~ 02:49,02:49 ~ 03:00
Aeroporto Internacional Sheremetyevo (Moscou),Aeroporto de Milão-Malpensa,2303,02:33 ~ 02:42,02:42 ~ 02:52
Aeroporto Internacional Sheremetyevo (Moscou),Aeroporto de Praga,1675,01:51 ~ 01:58,01:58 ~ 02:05
Aeroporto Internacional Sheremetyevo (Moscou),Aeroporto de Heathrow (Londres),2516,02:47 ~ 02:57,02:57 ~ 03:08
Aeroporto Internacional Sheremetyevo (Moscou),Aeroporto de Gatwick (Londres),2516,02:47 ~ 02:57,02:57 ~ 03:08
Aeroporto Internacional Sheremetyevo (Moscou),Aeroporto Internacional de Budapeste Ferenc Liszt,1566,01:44 ~ 01:50,01:50 ~ 01:57
Aeroporto Internacional Sheremetyevo (Moscou),Aeroporto de Schiphol (Amsterdã),2151,02:23 ~ 02:31,02:31 ~ 02:41
Aeroporto Internacional Sheremetyevo (Moscou),Aeroporto Internacional de Boryspil (Kiev),762,00:50 ~ 00:53,00:53 ~ 00:57
Aeroporto Internacional Sheremetyevo (Moscou),Aeroporto de Istambul,1782,01:58 ~ 02:05,02:05 ~ 02:13
Aeroporto Internacional Sheremetyevo (Moscou),Aeroporto de Zurique,2187,02:25 ~ 02:34,02:34 ~ 02:44
Aeroporto Internacional Sheremetyevo (Moscou),Aeroporto de Estocolmo-Arlanda,1224,01:21 ~ 01:26,01:26 ~ 01:31
Aeroporto Internacional Sheremetyevo (Moscou),Aeroporto Nikola Tesla (Belgrado),1729,01:55 ~ 02:02,02:02 ~ 02:09
Aeroporto Internacional Sheremetyevo (Moscou),Aeroporto de Pulkovo (São Petersburgo),601,00:40 ~ 00:42,00:42 ~ 00:45
Aeroporto Internacional Sheremetyevo (Moscou),Aeroporto Internacional Henri Coand? (Bucareste),1499,01:39 ~ 01:45,01:45 ~ 01:52
Aeroporto Internacional Sheremetyevo (Moscou),Aeroporto Humberto Delgado (Lisboa),3902,04:20 ~ 04:35,04:35 ~ 04:52
Aeroporto Internacional Sheremetyevo (Moscou),Aeroporto Francisco Sá Carneiro (Porto),3684,04:05 ~ 04:20,04:20 ~ 04:36
Aeroporto Internacional Sheremetyevo (Moscou),Aeroporto Internacional de Malta,2829,03:08 ~ 03:19,03:19 ~ 03:32
Aeroporto Internacional Sheremetyevo (Moscou),Aeroporto de Luxemburgo,2198,02:26 ~ 02:35,02:35 ~ 02:44
Aeroporto Internacional Sheremetyevo (Moscou),Aeroporto Internacional de Vilnius,783,00:52 ~ 00:55,00:55 ~ 00:58
Aeroporto Internacional Sheremetyevo (Moscou),Aeroporto Internacional de Riga,834,00:55 ~ 00:58,00:58 ~ 01:02
Aeroporto Internacional Sheremetyevo (Moscou),Aeroporto Internacional Madre Teresa (Tirana),2064,02:17 ~ 02:25,02:25 ~ 02:34
Aeroporto Internacional Sheremetyevo (Moscou),Aeroporto de Barcelona-El Prat (Espanha),3025,03:21 ~ 03:33,03:33 ~ 03:46
Aeroporto Internacional Sheremetyevo (Moscou),Aeroporto de Toulouse-Blagnac (França),2889,03:12 ~ 03:23,03:23 ~ 03:36
Aeroporto Internacional Sheremetyevo (Moscou),Aeroporto Internacional de Viena,1667,01:51 ~ 01:57,01:57 ~ 02:05
Aeroporto Internacional Sheremetyevo (Moscou),Aeroporto de Bruxelas,2237,02:29 ~ 02:37,02:37 ~ 02:47
Aeroporto Internacional Sheremetyevo (Moscou),Aeroporto de Sófia,1786,01:59 ~ 02:06,02:06 ~ 02:13
Aeroporto Internacional Sheremetyevo (Moscou),Aeroporto de Bratislava,1625,01:48 ~ 01:54,01:54 ~ 02:01
Aeroporto Internacional Sheremetyevo (Moscou),Aeroporto de Ljubljana Joe Pu?nik,1925,02:08 ~ 02:15,02:15 ~ 02:24
Aeroporto Internacional Sheremetyevo (Moscou),Aeroporto Adolfo Suárez Madrid-Barajas,3427,03:48 ~ 04:01,04:01 ~ 04:17
Aeroporto Internacional Sheremetyevo (Moscou),Aeroporto de Barcelona-El Prat,3024,03:21 ~ 03:33,03:33 ~ 03:46
Aeroporto Internacional Sheremetyevo (Moscou),Aeroporto de Tallinn,842,00:56 ~ 00:59,00:59 ~ 01:03
Aeroporto Internacional Sheremetyevo (Moscou),Aeroporto de Vágar,2598,02:53 ~ 03:03,03:03 ~ 03:14
Aeroporto Internacional Sheremetyevo (Moscou),Aeroporto de Helsinque,877,00:58 ~ 01:01,01:01 ~ 01:05
Aeroporto Internacional Sheremetyevo (Moscou),Aeroporto Internacional de Brasília,11169,12:24 ~ 13:08,13:08 ~ 13:57
Aeroporto Internacional Sheremetyevo (Moscou),Aeroporto Internacional de Várzea Grande,11672,12:58 ~ 13:43,13:43 ~ 14:35
Aeroporto Internacional Sheremetyevo (Moscou),Aeroporto Internacional de Belém,9877,10:58 ~ 11:37,11:37 ~ 12:20
Aeroporto Internacional Sheremetyevo (Moscou),Aeroporto Internacional de Tabatinga,11164,12:24 ~ 13:08,13:08 ~ 13:57
Aeroporto Internacional Sheremetyevo (Moscou),Aeroporto Internacional de Manaus,10751,11:56 ~ 12:38,12:38 ~ 13:26
Aeroporto Internacional Sheremetyevo (Moscou),Aeroporto Internacional de Macapá,9909,11:00 ~ 11:39,11:39 ~ 12:23
Aeroporto Internacional Sheremetyevo (Moscou),Aeroporto Internacional de Fortaleza,9485,10:32 ~ 11:09,11:09 ~ 11:51
Aeroporto Internacional Sheremetyevo (Moscou),Aeroporto Internacional de Maceió,9807,10:53 ~ 11:32,11:32 ~ 12:15
Aeroporto Internacional Sheremetyevo (Moscou),Aeroporto Internacional de Aracaju,10063,11:10 ~ 11:50,11:50 ~ 12:34
Aeroporto Internacional Sheremetyevo (Moscou),Aeroporto Internacional de Belo Horizonte,11229,12:28 ~ 13:12,13:12 ~ 14:02
Aeroporto Internacional Sheremetyevo (Moscou),Aeroporto Santos Dumont,11525,12:48 ~ 13:33,13:33 ~ 14:24
Aeroporto Internacional Sheremetyevo (Moscou),Aeroporto Internacional do Rio de Janeiro,11520,12:48 ~ 13:33,13:33 ~ 14:24
Aeroporto Internacional Sheremetyevo (Moscou),Aeroporto Internacional de Vitória,11114,12:20 ~ 13:04,13:04 ~ 13:53
Aeroporto Internacional Sheremetyevo (Moscou),Aeroporto Internacional de São José dos Campos,11711,13:00 ~ 13:46,13:46 ~ 14:38
Aeroporto Internacional Sheremetyevo (Moscou),Aeroporto Internacional de Viracopos,11829,13:08 ~ 13:54,13:54 ~ 14:47
Aeroporto Internacional Sheremetyevo (Moscou),Aeroporto Internacional de Curitiba,12091,13:26 ~ 14:13,14:13 ~ 15:06
Aeroporto Internacional Sheremetyevo (Moscou),Aeroporto Internacional de Florianópolis,12269,13:37 ~ 14:26,14:26 ~ 15:20
Aeroporto Internacional Sheremetyevo (Moscou),Aeroporto Internacional de Navegantes,12208,13:33 ~ 14:21,14:21 ~ 15:15
Aeroporto Internacional Sheremetyevo (Moscou),Aeroporto Internacional de Porto Alegre,12629,14:01 ~ 14:51,14:51 ~ 15:47
Aeroporto Internacional Sheremetyevo (Moscou),Aeroporto de Copenhague,3071,03:24 ~ 03:36,03:36 ~ 03:50
Aeroporto Internacional Sheremetyevo (Moscou),Aeroporto Internacional Hartsfield-Jackson Atlanta,8658,09:37 ~ 10:11,10:11 ~ 10:49
Aeroporto Internacional Sheremetyevo (Moscou),Aeroporto de Teresina,9865,10:57 ~ 11:36,11:36 ~ 12:19
Aeroporto Internacional Sheremetyevo (Moscou),Aeroporto Internacional de João Pessoa,9584,10:38 ~ 11:16,11:16 ~ 11:58
Aeroporto de Pulkovo (São Petersburgo),Aeroporto Internacional de Guarulhos,11520,12:48 ~ 13:33,13:33 ~ 14:24
Aeroporto de Pulkovo (São Petersburgo),Aeroporto Internacional do Recife,9442,10:29 ~ 11:06,11:06 ~ 11:48
Aeroporto de Pulkovo (São Petersburgo),Aeroporto Internacional de Salvador,10084,11:12 ~ 11:51,11:51 ~ 12:36
Aeroporto de Pulkovo (São Petersburgo),Aeroporto Internacional de Natal,9228,10:15 ~ 10:51,10:51 ~ 11:32
Aeroporto de Pulkovo (São Petersburgo),Aeroporto Internacional de São Luís,9393,10:26 ~ 11:03,11:03 ~ 11:44
Aeroporto de Pulkovo (São Petersburgo),Aeroporto Internacional Pinto Martins,9203,10:13 ~ 10:49,10:49 ~ 11:30
Aeroporto de Pulkovo (São Petersburgo),Aeroporto Internacional de Nursultan Nazarbayev,2733,03:02 ~ 03:12,03:12 ~ 03:24
Aeroporto de Pulkovo (São Petersburgo),Aeroporto Internacional de Xangai Pudong,7152,07:56 ~ 08:24,08:24 ~ 08:56
Aeroporto de Pulkovo (São Petersburgo),Aeroporto Internacional de Pequim Capital,6073,06:44 ~ 07:08,07:08 ~ 07:35
Aeroporto de Pulkovo (São Petersburgo),Aeroporto Internacional de Pyongyang Sunan,6617,07:21 ~ 07:47,07:47 ~ 08:16
Aeroporto de Pulkovo (São Petersburgo),Aeroporto Internacional de Incheon,6816,07:34 ~ 08:01,08:01 ~ 08:31
Aeroporto de Pulkovo (São Petersburgo),Aeroporto Internacional Ninoy Aquino,8666,09:37 ~ 10:11,10:11 ~ 10:49
Aeroporto de Pulkovo (São Petersburgo),Aeroporto Internacional de Hong Kong,7537,08:22 ~ 08:52,08:52 ~ 09:25
Aeroporto de Pulkovo (São Petersburgo),Aeroporto Internacional Indira Gandhi,4935,05:29 ~ 05:48,05:48 ~ 06:10
Aeroporto de Pulkovo (São Petersburgo),Aeroporto Internacional Soekarno-Hatta (Jacarta),9837,10:55 ~ 11:34,11:34 ~ 12:17
Aeroporto de Pulkovo (São Petersburgo),Aeroporto Internacional Ngurah Rai (Bali),10557,11:43 ~ 12:25,12:25 ~ 13:11
Aeroporto de Pulkovo (São Petersburgo),Aeroporto Internacional de Narita (Tóquio),7648,08:29 ~ 08:59,08:59 ~ 09:33
Aeroporto de Pulkovo (São Petersburgo),Aeroporto Internacional de Haneda (Tóquio),7640,08:29 ~ 08:59,08:59 ~ 09:33
Aeroporto de Pulkovo (São Petersburgo),Aeroporto Internacional de Kansai (Osaka),7531,08:22 ~ 08:51,08:51 ~ 09:24
Aeroporto de Pulkovo (São Petersburgo),Aeroporto Internacional de Wattay (Vientiane),7306,08:07 ~ 08:35,08:35 ~ 09:07
Aeroporto de Pulkovo (São Petersburgo),Aeroporto Internacional de Kuala Lumpur (Sepang),8713,09:40 ~ 10:15,10:15 ~ 10:53
Aeroporto de Pulkovo (São Petersburgo),Aeroporto Internacional de Penang (Penang),8389,09:19 ~ 09:52,09:52 ~ 10:29
Aeroporto de Pulkovo (São Petersburgo),Aeroporto Internacional de Malé,7177,07:58 ~ 08:26,08:26 ~ 08:58
Aeroporto de Pulkovo (São Petersburgo),Aeroporto Internacional de Changi,8971,09:58 ~ 10:33,10:33 ~ 11:12
Aeroporto de Pulkovo (São Petersburgo),Aeroporto Internacional de Suvarnabhumi,7611,08:27 ~ 08:57,08:57 ~ 09:30
Aeroporto de Pulkovo (São Petersburgo),Aeroporto Internacional Don Mueang,7581,08:25 ~ 08:55,08:55 ~ 09:28
Aeroporto de Pulkovo (São Petersburgo),Aeroporto Internacional de Taiwan Taoyuan,7683,08:32 ~ 09:02,09:02 ~ 09:36
Aeroporto de Pulkovo (São Petersburgo),Aeroporto Internacional de Tan Son Nhat,8212,09:07 ~ 09:39,09:39 ~ 10:15
Aeroporto de Pulkovo (São Petersburgo),Aeroporto Internacional de Noi Bai,7185,07:59 ~ 08:27,08:27 ~ 08:58
Aeroporto de Pulkovo (São Petersburgo),Aeroporto de Frankfurt,1752,01:56 ~ 02:03,02:03 ~ 02:11
Aeroporto de Pulkovo (São Petersburgo),Aeroporto de Dublin,2317,02:34 ~ 02:43,02:43 ~ 02:53
Aeroporto de Pulkovo (São Petersburgo),Aeroporto de Varsóvia Chopin,1027,01:08 ~ 01:12,01:12 ~ 01:17
Aeroporto de Pulkovo (São Petersburgo),Aeroporto de Oslo-Gardermoen,1067,01:11 ~ 01:15,01:15 ~ 01:20
Aeroporto de Pulkovo (São Petersburgo),Aeroporto de Roma-Fiumicino,2355,02:37 ~ 02:46,02:46 ~ 02:56
Aeroporto de Pulkovo (São Petersburgo),Aeroporto de Milão-Malpensa,2127,02:21 ~ 02:30,02:30 ~ 02:39
Aeroporto de Pulkovo (São Petersburgo),Aeroporto de Praga,1482,01:38 ~ 01:44,01:44 ~ 01:51
Aeroporto de Pulkovo (São Petersburgo),Aeroporto de Heathrow (Londres),2120,02:21 ~ 02:29,02:29 ~ 02:38
Aeroporto de Pulkovo (São Petersburgo),Aeroporto de Gatwick (Londres),2127,02:21 ~ 02:30,02:30 ~ 02:39
Aeroporto de Pulkovo (São Petersburgo),Aeroporto Internacional de Budapeste Ferenc Liszt,1552,01:43 ~ 01:49,01:49 ~ 01:56
Aeroporto de Pulkovo (São Petersburgo),Aeroporto de Schiphol (Amsterdã),1779,01:58 ~ 02:05,02:05 ~ 02:13
Aeroporto de Pulkovo (São Petersburgo),Aeroporto Internacional de Boryspil (Kiev),1054,01:10 ~ 01:14,01:14 ~ 01:19
Aeroporto de Pulkovo (São Petersburgo),Aeroporto de Istambul,2097,02:19 ~ 02:28,02:28 ~ 02:37
Aeroporto de Pulkovo (São Petersburgo),Aeroporto de Zurique,1970,02:11 ~ 02:19,02:19 ~ 02:27
Aeroporto de Pulkovo (São Petersburgo),Aeroporto de Estocolmo-Arlanda,694,00:46 ~ 00:48,00:48 ~ 00:52
Aeroporto de Pulkovo (São Petersburgo),Aeroporto Nikola Tesla (Belgrado),1796,01:59 ~ 02:06,02:06 ~ 02:14
Aeroporto de Pulkovo (São Petersburgo),Aeroporto Internacional Sheremetyevo (Moscou),601,00:40 ~ 00:42,00:42 ~ 00:45
Aeroporto de Pulkovo (São Petersburgo),Aeroporto Internacional Henri Coand? (Bucareste),1718,01:54 ~ 02:01,02:01 ~ 02:08
Aeroporto de Pulkovo (São Petersburgo),Aeroporto Humberto Delgado (Lisboa),3610,04:00 ~ 04:14,04:14 ~ 04:30
Aeroporto de Pulkovo (São Petersburgo),Aeroporto Francisco Sá Carneiro (Porto),3369,03:44 ~ 03:57,03:57 ~ 04:12
Aeroporto de Pulkovo (São Petersburgo),Aeroporto Internacional de Malta,2895,03:13 ~ 03:24,03:24 ~ 03:37
Aeroporto de Pulkovo (São Petersburgo),Aeroporto de Luxemburgo,1902,02:06 ~ 02:14,02:14 ~ 02:22
Aeroporto de Pulkovo (São Petersburgo),Aeroporto Internacional de Vilnius,649,00:43 ~ 00:45,00:45 ~ 00:48
Aeroporto de Pulkovo (São Petersburgo),Aeroporto Internacional de Riga,487,00:32 ~ 00:34,00:34 ~ 00:36
Aeroporto de Pulkovo (São Petersburgo),Aeroporto Internacional Madre Teresa (Tirana),2170,02:24 ~ 02:33,02:33 ~ 02:42
Aeroporto de Pulkovo (São Petersburgo),Aeroporto de Barcelona-El Prat (Espanha),2827,03:08 ~ 03:19,03:19 ~ 03:32
Aeroporto de Pulkovo (São Petersburgo),Aeroporto de Toulouse-Blagnac (França),2648,02:56 ~ 03:06,03:06 ~ 03:18
Aeroporto de Pulkovo (São Petersburgo),Aeroporto Internacional de Viena,1575,01:45 ~ 01:51,01:51 ~ 01:58
Aeroporto de Pulkovo (São Petersburgo),Aeroporto de Bruxelas,1894,02:06 ~ 02:13,02:13 ~ 02:22
Aeroporto de Pulkovo (São Petersburgo),Aeroporto de Sófia,1960,02:10 ~ 02:18,02:18 ~ 02:27
Aeroporto de Pulkovo (São Petersburgo),Aeroporto de Bratislava,1545,01:42 ~ 01:49,01:49 ~ 01:55
Aeroporto de Pulkovo (São Petersburgo),Aeroporto de Ljubljana Joe Pu?nik,1836,02:02 ~ 02:09,02:09 ~ 02:17
Aeroporto de Pulkovo (São Petersburgo),Aeroporto Adolfo Suárez Madrid-Barajas,3173,03:31 ~ 03:43,03:43 ~ 03:57
Aeroporto de Pulkovo (São Petersburgo),Aeroporto de Barcelona-El Prat,2827,03:08 ~ 03:19,03:19 ~ 03:32
Aeroporto de Pulkovo (São Petersburgo),Aeroporto de Tallinn,311,00:20 ~ 00:21,00:21 ~ 00:23
Aeroporto de Pulkovo (São Petersburgo),Aeroporto de Vágar,2022,02:14 ~ 02:22,02:22 ~ 02:31
Aeroporto de Pulkovo (São Petersburgo),Aeroporto de Helsinque,301,00:20 ~ 00:21,00:21 ~ 00:22
Aeroporto de Pulkovo (São Petersburgo),Aeroporto Internacional de Brasília,10872,12:04 ~ 12:47,12:47 ~ 13:35
Aeroporto de Pulkovo (São Petersburgo),Aeroporto Internacional de Várzea Grande,11312,12:34 ~ 13:18,13:18 ~ 14:08
Aeroporto de Pulkovo (São Petersburgo),Aeroporto Internacional de Belém,9509,10:33 ~ 11:11,11:11 ~ 11:53
Aeroporto de Pulkovo (São Petersburgo),Aeroporto Internacional de Tabatinga,10692,11:52 ~ 12:34,12:34 ~ 13:21
Aeroporto de Pulkovo (São Petersburgo),Aeroporto Internacional de Manaus,10314,11:27 ~ 12:08,12:08 ~ 12:53
Aeroporto de Pulkovo (São Petersburgo),Aeroporto Internacional de Macapá,9517,10:34 ~ 11:11,11:11 ~ 11:53
Aeroporto de Pulkovo (São Petersburgo),Aeroporto Internacional de Fortaleza,9203,10:13 ~ 10:49,10:49 ~ 11:30
Aeroporto de Pulkovo (São Petersburgo),Aeroporto Internacional de Maceió,9573,10:38 ~ 11:15,11:15 ~ 11:57
Aeroporto de Pulkovo (São Petersburgo),Aeroporto Internacional de Aracaju,9827,10:55 ~ 11:33,11:33 ~ 12:17
Aeroporto de Pulkovo (São Petersburgo),Aeroporto Internacional de Belo Horizonte,10987,12:12 ~ 12:55,12:55 ~ 13:44
Aeroporto de Pulkovo (São Petersburgo),Aeroporto Santos Dumont,11300,12:33 ~ 13:17,13:17 ~ 14:07
Aeroporto de Pulkovo (São Petersburgo),Aeroporto Internacional do Rio de Janeiro,11294,12:32 ~ 13:17,13:17 ~ 14:07
Aeroporto de Pulkovo (São Petersburgo),Aeroporto Internacional de Vitória,10898,12:06 ~ 12:49,12:49 ~ 13:37
Aeroporto de Pulkovo (São Petersburgo),Aeroporto Internacional de São José dos Campos,11466,12:44 ~ 13:29,13:29 ~ 14:19
Aeroporto de Pulkovo (São Petersburgo),Aeroporto Internacional de Viracopos,11570,12:51 ~ 13:36,13:36 ~ 14:27
Aeroporto de Pulkovo (São Petersburgo),Aeroporto Internacional de Curitiba,11833,13:08 ~ 13:55,13:55 ~ 14:47
Aeroporto de Pulkovo (São Petersburgo),Aeroporto Internacional de Florianópolis,12029,13:21 ~ 14:09,14:09 ~ 15:02
Aeroporto de Pulkovo (São Petersburgo),Aeroporto Internacional de Navegantes,11964,13:17 ~ 14:04,14:04 ~ 14:57
Aeroporto de Pulkovo (São Petersburgo),Aeroporto Internacional de Porto Alegre,12383,13:45 ~ 14:34,14:34 ~ 15:28
Aeroporto de Pulkovo (São Petersburgo),Aeroporto de Copenhague,2553,02:50 ~ 03:00,03:00 ~ 03:11
Aeroporto de Pulkovo (São Petersburgo),Aeroporto Internacional Hartsfield-Jackson Atlanta,8059,08:57 ~ 09:28,09:28 ~ 10:04
Aeroporto de Pulkovo (São Petersburgo),Aeroporto de Teresina,9556,10:37 ~ 11:14,11:14 ~ 11:56
Aeroporto de Pulkovo (São Petersburgo),Aeroporto Internacional de João Pessoa,9347,10:23 ~ 10:59,10:59 ~ 11:41
Aeroporto Internacional Henri Coand? (Bucareste),Aeroporto Internacional de Guarulhos,10525,11:41 ~ 12:22,12:22 ~ 13:09
Aeroporto Internacional Henri Coand? (Bucareste),Aeroporto Internacional do Recife,8438,09:22 ~ 09:55,09:55 ~ 10:32
Aeroporto Internacional Henri Coand? (Bucareste),Aeroporto Internacional de Salvador,9083,10:05 ~ 10:41,10:41 ~ 11:21
Aeroporto Internacional Henri Coand? (Bucareste),Aeroporto Internacional de Natal,8264,09:10 ~ 09:43,09:43 ~ 10:19
Aeroporto Internacional Henri Coand? (Bucareste),Aeroporto Internacional de São Luís,8671,09:38 ~ 10:12,10:12 ~ 10:50
Aeroporto Internacional Henri Coand? (Bucareste),Aeroporto Internacional Pinto Martins,8337,09:15 ~ 09:48,09:48 ~ 10:25
Aeroporto Internacional Henri Coand? (Bucareste),Aeroporto Internacional de Nursultan Nazarbayev,3416,03:47 ~ 04:01,04:01 ~ 04:16
Aeroporto Internacional Henri Coand? (Bucareste),Aeroporto Internacional de Xangai Pudong,8068,08:57 ~ 09:29,09:29 ~ 10:05
Aeroporto Internacional Henri Coand? (Bucareste),Aeroporto Internacional de Pequim Capital,7072,07:51 ~ 08:19,08:19 ~ 08:50
Aeroporto Internacional Henri Coand? (Bucareste),Aeroporto Internacional de Pyongyang Sunan,7735,08:35 ~ 09:05,09:05 ~ 09:40
Aeroporto Internacional Henri Coand? (Bucareste),Aeroporto Internacional de Incheon,7916,08:47 ~ 09:18,09:18 ~ 09:53
Aeroporto Internacional Henri Coand? (Bucareste),Aeroporto Internacional Ninoy Aquino,9273,10:18 ~ 10:54,10:54 ~ 11:35
Aeroporto Internacional Henri Coand? (Bucareste),Aeroporto Internacional de Hong Kong,8136,09:02 ~ 09:34,09:34 ~ 10:10
Aeroporto Internacional Henri Coand? (Bucareste),Aeroporto Internacional Indira Gandhi,4809,05:20 ~ 05:39,05:39 ~ 06:00
Aeroporto Internacional Henri Coand? (Bucareste),Aeroporto Internacional Soekarno-Hatta (Jacarta),9740,10:49 ~ 11:27,11:27 ~ 12:10
Aeroporto Internacional Henri Coand? (Bucareste),Aeroporto Internacional Ngurah Rai (Bali),10612,11:47 ~ 12:29,12:29 ~ 13:15
Aeroporto Internacional Henri Coand? (Bucareste),Aeroporto Internacional de Narita (Tóquio),8924,09:54 ~ 10:29,10:29 ~ 11:09
Aeroporto Internacional Henri Coand? (Bucareste),Aeroporto Internacional de Haneda (Tóquio),8906,09:53 ~ 10:28,10:28 ~ 11:07
Aeroporto Internacional Henri Coand? (Bucareste),Aeroporto Internacional de Kansai (Osaka),8717,09:41 ~ 10:15,10:15 ~ 10:53
Aeroporto Internacional Henri Coand? (Bucareste),Aeroporto Internacional de Wattay (Vientiane),7566,08:24 ~ 08:54,08:54 ~ 09:27
Aeroporto Internacional Henri Coand? (Bucareste),Aeroporto Internacional de Kuala Lumpur (Sepang),8657,09:37 ~ 10:11,10:11 ~ 10:49
Aeroporto Internacional Henri Coand? (Bucareste),Aeroporto Internacional de Penang (Penang),8346,09:16 ~ 09:49,09:49 ~ 10:25
Aeroporto Internacional Henri Coand? (Bucareste),Aeroporto Internacional de Malé,6427,07:08 ~ 07:33,07:33 ~ 08:02
Aeroporto Internacional Henri Coand? (Bucareste),Aeroporto Internacional de Changi,8945,09:56 ~ 10:31,10:31 ~ 11:10
Aeroporto Internacional Henri Coand? (Bucareste),Aeroporto Internacional de Suvarnabhumi,7740,08:35 ~ 09:06,09:06 ~ 09:40
Aeroporto Internacional Henri Coand? (Bucareste),Aeroporto Internacional Don Mueang,7712,08:34 ~ 09:04,09:04 ~ 09:38
Aeroporto Internacional Henri Coand? (Bucareste),Aeroporto Internacional de Taiwan Taoyuan,8480,09:25 ~ 09:58,09:58 ~ 10:35
Aeroporto Internacional Henri Coand? (Bucareste),Aeroporto Internacional de Tan Son Nhat,8426,09:21 ~ 09:54,09:54 ~ 10:31
Aeroporto Internacional Henri Coand? (Bucareste),Aeroporto Internacional de Noi Bai,7586,08:25 ~ 08:55,08:55 ~ 09:28
Aeroporto Internacional Henri Coand? (Bucareste),Aeroporto de Frankfurt,1454,01:36 ~ 01:42,01:42 ~ 01:49
Aeroporto Internacional Henri Coand? (Bucareste),Aeroporto de Dublin,2536,02:49 ~ 02:59,02:59 ~ 03:10
Aeroporto Internacional Henri Coand? (Bucareste),Aeroporto de Varsóvia Chopin,926,01:01 ~ 01:05,01:05 ~ 01:09
Aeroporto Internacional Henri Coand? (Bucareste),Aeroporto de Oslo-Gardermoen,2008,02:13 ~ 02:21,02:21 ~ 02:30
Aeroporto Internacional Henri Coand? (Bucareste),Aeroporto de Roma-Fiumicino,1167,01:17 ~ 01:22,01:22 ~ 01:27
Aeroporto Internacional Henri Coand? (Bucareste),Aeroporto de Milão-Malpensa,1371,01:31 ~ 01:36,01:36 ~ 01:42
Aeroporto Internacional Henri Coand? (Bucareste),Aeroporto de Praga,1084,01:12 ~ 01:16,01:16 ~ 01:21
Aeroporto Internacional Henri Coand? (Bucareste),Aeroporto de Heathrow (Londres),2111,02:20 ~ 02:29,02:29 ~ 02:38
Aeroporto Internacional Henri Coand? (Bucareste),Aeroporto de Gatwick (Londres),2086,02:19 ~ 02:27,02:27 ~ 02:36
Aeroporto Internacional Henri Coand? (Bucareste),Aeroporto Internacional de Budapeste Ferenc Liszt,619,00:41 ~ 00:43,00:43 ~ 00:46
Aeroporto Internacional Henri Coand? (Bucareste),Aeroporto de Schiphol (Amsterdã),1789,01:59 ~ 02:06,02:06 ~ 02:14
Aeroporto Internacional Henri Coand? (Bucareste),Aeroporto Internacional de Boryspil (Kiev),736,00:49 ~ 00:51,00:51 ~ 00:55
Aeroporto Internacional Henri Coand? (Bucareste),Aeroporto de Istambul,456,00:30 ~ 00:32,00:32 ~ 00:34
Aeroporto Internacional Henri Coand? (Bucareste),Aeroporto de Zurique,1394,01:32 ~ 01:38,01:38 ~ 01:44
Aeroporto Internacional Henri Coand? (Bucareste),Aeroporto de Estocolmo-Arlanda,1766,01:57 ~ 02:04,02:04 ~ 02:12
Aeroporto Internacional Henri Coand? (Bucareste),Aeroporto Nikola Tesla (Belgrado),462,00:30 ~ 00:32,00:32 ~ 00:34
Aeroporto Internacional Henri Coand? (Bucareste),Aeroporto Internacional Sheremetyevo (Moscou),1499,01:39 ~ 01:45,01:45 ~ 01:52
Aeroporto Internacional Henri Coand? (Bucareste),Aeroporto de Pulkovo (São Petersburgo),1718,01:54 ~ 02:01,02:01 ~ 02:08
Aeroporto Internacional Henri Coand? (Bucareste),Aeroporto Humberto Delgado (Lisboa),2981,03:18 ~ 03:30,03:30 ~ 03:43
Aeroporto Internacional Henri Coand? (Bucareste),Aeroporto Francisco Sá Carneiro (Porto),2843,03:09 ~ 03:20,03:20 ~ 03:33
Aeroporto Internacional Henri Coand? (Bucareste),Aeroporto Internacional de Malta,1381,01:32 ~ 01:37,01:37 ~ 01:43
Aeroporto Internacional Henri Coand? (Bucareste),Aeroporto de Luxemburgo,1606,01:47 ~ 01:53,01:53 ~ 02:00
Aeroporto Internacional Henri Coand? (Bucareste),Aeroporto Internacional de Vilnius,1121,01:14 ~ 01:19,01:19 ~ 01:24
Aeroporto Internacional Henri Coand? (Bucareste),Aeroporto Internacional de Riga,1383,01:32 ~ 01:37,01:37 ~ 01:43
Aeroporto Internacional Henri Coand? (Bucareste),Aeroporto Internacional Madre Teresa (Tirana),626,00:41 ~ 00:44,00:44 ~ 00:46
Aeroporto Internacional Henri Coand? (Bucareste),Aeroporto de Barcelona-El Prat (Espanha),1988,02:12 ~ 02:20,02:20 ~ 02:29
Aeroporto Internacional Henri Coand? (Bucareste),Aeroporto de Toulouse-Blagnac (França),1976,02:11 ~ 02:19,02:19 ~ 02:28
Aeroporto Internacional Henri Coand? (Bucareste),Aeroporto Internacional de Viena,832,00:55 ~ 00:58,00:58 ~ 01:02
Aeroporto Internacional Henri Coand? (Bucareste),Aeroporto de Bruxelas,1760,01:57 ~ 02:04,02:04 ~ 02:12
Aeroporto Internacional Henri Coand? (Bucareste),Aeroporto de Sófia,302,00:20 ~ 00:21,00:21 ~ 00:22
Aeroporto Internacional Henri Coand? (Bucareste),Aeroporto de Bratislava,793,00:52 ~ 00:55,00:55 ~ 00:59
Aeroporto Internacional Henri Coand? (Bucareste),Aeroporto de Ljubljana Joe Pu?nik,930,01:02 ~ 01:05,01:05 ~ 01:09
Aeroporto Internacional Henri Coand? (Bucareste),Aeroporto Adolfo Suárez Madrid-Barajas,2465,02:44 ~ 02:53,02:53 ~ 03:04
Aeroporto Internacional Henri Coand? (Bucareste),Aeroporto de Barcelona-El Prat,1988,02:12 ~ 02:20,02:20 ~ 02:29
Aeroporto Internacional Henri Coand? (Bucareste),Aeroporto de Tallinn,1654,01:50 ~ 01:56,01:56 ~ 02:04
Aeroporto Internacional Henri Coand? (Bucareste),Aeroporto de Vágar,2900,03:13 ~ 03:24,03:24 ~ 03:37
Aeroporto Internacional Henri Coand? (Bucareste),Aeroporto de Helsinque,1756,01:57 ~ 02:03,02:03 ~ 02:11
Aeroporto Internacional Henri Coand? (Bucareste),Aeroporto Internacional de Brasília,10019,11:07 ~ 11:47,11:47 ~ 12:31
Aeroporto Internacional Henri Coand? (Bucareste),Aeroporto Internacional de Várzea Grande,10639,11:49 ~ 12:30,12:30 ~ 13:17
Aeroporto Internacional Henri Coand? (Bucareste),Aeroporto Internacional de Belém,8902,09:53 ~ 10:28,10:28 ~ 11:07
Aeroporto Internacional Henri Coand? (Bucareste),Aeroporto Internacional de Tabatinga,10458,11:37 ~ 12:18,12:18 ~ 13:04
Aeroporto Internacional Henri Coand? (Bucareste),Aeroporto Internacional de Manaus,9941,11:02 ~ 11:41,11:41 ~ 12:25
Aeroporto Internacional Henri Coand? (Bucareste),Aeroporto Internacional de Macapá,8993,09:59 ~ 10:34,10:34 ~ 11:14
Aeroporto Internacional Henri Coand? (Bucareste),Aeroporto Internacional de Fortaleza,8338,09:15 ~ 09:48,09:48 ~ 10:25
Aeroporto Internacional Henri Coand? (Bucareste),Aeroporto Internacional de Maceió,8574,09:31 ~ 10:05,10:05 ~ 10:43
Aeroporto Internacional Henri Coand? (Bucareste),Aeroporto Internacional de Aracaju,8829,09:48 ~ 10:23,10:23 ~ 11:02
Aeroporto Internacional Henri Coand? (Bucareste),Aeroporto Internacional de Belo Horizonte,9987,11:05 ~ 11:44,11:44 ~ 12:29
Aeroporto Internacional Henri Coand? (Bucareste),Aeroporto Santos Dumont,10253,11:23 ~ 12:03,12:03 ~ 12:48
Aeroporto Internacional Henri Coand? (Bucareste),Aeroporto Internacional do Rio de Janeiro,10250,11:23 ~ 12:03,12:03 ~ 12:48
Aeroporto Internacional Henri Coand? (Bucareste),Aeroporto Internacional de Vitória,9835,10:55 ~ 11:34,11:34 ~ 12:17
Aeroporto Internacional Henri Coand? (Bucareste),Aeroporto Internacional de São José dos Campos,10464,11:37 ~ 12:18,12:18 ~ 13:04
Aeroporto Internacional Henri Coand? (Bucareste),Aeroporto Internacional de Viracopos,10604,11:46 ~ 12:28,12:28 ~ 13:15
Aeroporto Internacional Henri Coand? (Bucareste),Aeroporto Internacional de Curitiba,10860,12:03 ~ 12:46,12:46 ~ 13:34
Aeroporto Internacional Henri Coand? (Bucareste),Aeroporto Internacional de Florianópolis,11008,12:13 ~ 12:57,12:57 ~ 13:45
Aeroporto Internacional Henri Coand? (Bucareste),Aeroporto Internacional de Navegantes,10956,12:10 ~ 12:53,12:53 ~ 13:41
Aeroporto Internacional Henri Coand? (Bucareste),Aeroporto Internacional de Porto Alegre,11371,12:38 ~ 13:22,13:22 ~ 14:12
Aeroporto Internacional Henri Coand? (Bucareste),Aeroporto de Copenhague,2984,03:18 ~ 03:30,03:30 ~ 03:43
Aeroporto Internacional Henri Coand? (Bucareste),Aeroporto Internacional Hartsfield-Jackson Atlanta,8870,09:51 ~ 10:26,10:26 ~ 11:05
Aeroporto Internacional Henri Coand? (Bucareste),Aeroporto de Teresina,8764,09:44 ~ 10:18,10:18 ~ 10:57
Aeroporto Internacional Henri Coand? (Bucareste),Aeroporto Internacional de João Pessoa,8358,09:17 ~ 09:49,09:49 ~ 10:26
Aeroporto Humberto Delgado (Lisboa),Aeroporto Internacional de Guarulhos,7909,08:47 ~ 09:18,09:18 ~ 09:53
Aeroporto Humberto Delgado (Lisboa),Aeroporto Internacional do Recife,5837,06:29 ~ 06:52,06:52 ~ 07:17
Aeroporto Humberto Delgado (Lisboa),Aeroporto Internacional de Salvador,6477,07:11 ~ 07:37,07:37 ~ 08:05
Aeroporto Humberto Delgado (Lisboa),Aeroporto Internacional de Natal,5620,06:14 ~ 06:36,06:36 ~ 07:01
Aeroporto Humberto Delgado (Lisboa),Aeroporto Internacional de São Luís,5823,06:28 ~ 06:51,06:51 ~ 07:16
Aeroporto Humberto Delgado (Lisboa),Aeroporto Internacional Pinto Martins,5596,06:13 ~ 06:35,06:35 ~ 06:59
Aeroporto Humberto Delgado (Lisboa),Aeroporto Internacional de Nursultan Nazarbayev,6184,06:52 ~ 07:16,07:16 ~ 07:43
Aeroporto Humberto Delgado (Lisboa),Aeroporto Internacional de Xangai Pudong,10754,11:56 ~ 12:39,12:39 ~ 13:26
Aeroporto Humberto Delgado (Lisboa),Aeroporto Internacional de Pequim Capital,9682,10:45 ~ 11:23,11:23 ~ 12:06
Aeroporto Humberto Delgado (Lisboa),Aeroporto Internacional de Pyongyang Sunan,10220,11:21 ~ 12:01,12:01 ~ 12:46
Aeroporto Humberto Delgado (Lisboa),Aeroporto Internacional de Incheon,10421,11:34 ~ 12:15,12:15 ~ 13:01
Aeroporto Humberto Delgado (Lisboa),Aeroporto Internacional Ninoy Aquino,12166,13:31 ~ 14:18,14:18 ~ 15:12
Aeroporto Humberto Delgado (Lisboa),Aeroporto Internacional de Hong Kong,11023,12:14 ~ 12:58,12:58 ~ 13:46
Aeroporto Humberto Delgado (Lisboa),Aeroporto Internacional Indira Gandhi,7786,08:39 ~ 09:09,09:09 ~ 09:43
Aeroporto Humberto Delgado (Lisboa),Aeroporto Internacional Soekarno-Hatta (Jacarta),12665,14:04 ~ 14:54,14:54 ~ 15:49
Aeroporto Humberto Delgado (Lisboa),Aeroporto Internacional Ngurah Rai (Bali),13570,15:04 ~ 15:57,15:57 ~ 16:57
Aeroporto Humberto Delgado (Lisboa),Aeroporto Internacional de Narita (Tóquio),11180,12:25 ~ 13:09,13:09 ~ 13:58
Aeroporto Humberto Delgado (Lisboa),Aeroporto Internacional de Haneda (Tóquio),11179,12:25 ~ 13:09,13:09 ~ 13:58
Aeroporto Humberto Delgado (Lisboa),Aeroporto Internacional de Kansai (Osaka),11110,12:20 ~ 13:04,13:04 ~ 13:53
Aeroporto Humberto Delgado (Lisboa),Aeroporto Internacional de Wattay (Vientiane),10540,11:42 ~ 12:24,12:24 ~ 13:10
Aeroporto Humberto Delgado (Lisboa),Aeroporto Internacional de Kuala Lumpur (Sepang),11609,12:53 ~ 13:39,13:39 ~ 14:30
Aeroporto Humberto Delgado (Lisboa),Aeroporto Internacional de Penang (Penang),11304,12:33 ~ 13:17,13:17 ~ 14:07
Aeroporto Humberto Delgado (Lisboa),Aeroporto Internacional de Malé,9086,10:05 ~ 10:41,10:41 ~ 11:21
Aeroporto Humberto Delgado (Lisboa),Aeroporto Internacional de Changi,11900,13:13 ~ 14:00,14:00 ~ 14:52
Aeroporto Humberto Delgado (Lisboa),Aeroporto Internacional de Suvarnabhumi,10721,11:54 ~ 12:36,12:36 ~ 13:24
Aeroporto Humberto Delgado (Lisboa),Aeroporto Internacional Don Mueang,10693,11:52 ~ 12:34,12:34 ~ 13:21
Aeroporto Humberto Delgado (Lisboa),Aeroporto Internacional de Taiwan Taoyuan,11258,12:30 ~ 13:14,13:14 ~ 14:04
Aeroporto Humberto Delgado (Lisboa),Aeroporto Internacional de Tan Son Nhat,11407,12:40 ~ 13:25,13:25 ~ 14:15
Aeroporto Humberto Delgado (Lisboa),Aeroporto Internacional de Noi Bai,10535,11:42 ~ 12:23,12:23 ~ 13:10
Aeroporto Humberto Delgado (Lisboa),Aeroporto de Frankfurt,1877,02:05 ~ 02:12,02:12 ~ 02:20
Aeroporto Humberto Delgado (Lisboa),Aeroporto de Dublin,1643,01:49 ~ 01:55,01:55 ~ 02:03
Aeroporto Humberto Delgado (Lisboa),Aeroporto de Varsóvia Chopin,2755,03:03 ~ 03:14,03:14 ~ 03:26
Aeroporto Humberto Delgado (Lisboa),Aeroporto de Oslo-Gardermoen,2773,03:04 ~ 03:15,03:15 ~ 03:27
Aeroporto Humberto Delgado (Lisboa),Aeroporto de Roma-Fiumicino,1844,02:02 ~ 02:10,02:10 ~ 02:18
Aeroporto Humberto Delgado (Lisboa),Aeroporto de Milão-Malpensa,1656,01:50 ~ 01:56,01:56 ~ 02:04
Aeroporto Humberto Delgado (Lisboa),Aeroporto de Praga,2234,02:28 ~ 02:37,02:37 ~ 02:47
Aeroporto Humberto Delgado (Lisboa),Aeroporto de Heathrow (Londres),1566,01:44 ~ 01:50,01:50 ~ 01:57
Aeroporto Humberto Delgado (Lisboa),Aeroporto de Gatwick (Londres),1543,01:42 ~ 01:48,01:48 ~ 01:55
Aeroporto Humberto Delgado (Lisboa),Aeroporto Internacional de Budapeste Ferenc Liszt,2486,02:45 ~ 02:55,02:55 ~ 03:06
Aeroporto Humberto Delgado (Lisboa),Aeroporto de Schiphol (Amsterdã),1849,02:03 ~ 02:10,02:10 ~ 02:18
Aeroporto Humberto Delgado (Lisboa),Aeroporto Internacional de Boryspil (Kiev),3382,03:45 ~ 03:58,03:58 ~ 04:13
Aeroporto Humberto Delgado (Lisboa),Aeroporto de Istambul,3231,03:35 ~ 03:48,03:48 ~ 04:02
Aeroporto Humberto Delgado (Lisboa),Aeroporto de Zurique,1727,01:55 ~ 02:01,02:01 ~ 02:09
Aeroporto Humberto Delgado (Lisboa),Aeroporto de Estocolmo-Arlanda,3003,03:20 ~ 03:31,03:31 ~ 03:45
Aeroporto Humberto Delgado (Lisboa),Aeroporto Nikola Tesla (Belgrado),2521,02:48 ~ 02:57,02:57 ~ 03:09
Aeroporto Humberto Delgado (Lisboa),Aeroporto Internacional Sheremetyevo (Moscou),3902,04:20 ~ 04:35,04:35 ~ 04:52
Aeroporto Humberto Delgado (Lisboa),Aeroporto de Pulkovo (São Petersburgo),3610,04:00 ~ 04:14,04:14 ~ 04:30
Aeroporto Humberto Delgado (Lisboa),Aeroporto Internacional Henri Coand? (Bucareste),2981,03:18 ~ 03:30,03:30 ~ 03:43
Aeroporto Humberto Delgado (Lisboa),Aeroporto Francisco Sá Carneiro (Porto),277,00:18 ~ 00:19,00:19 ~ 00:20
Aeroporto Humberto Delgado (Lisboa),Aeroporto Internacional de Malta,2113,02:20 ~ 02:29,02:29 ~ 02:38
Aeroporto Humberto Delgado (Lisboa),Aeroporto de Luxemburgo,1714,01:54 ~ 02:00,02:00 ~ 02:08
Aeroporto Humberto Delgado (Lisboa),Aeroporto Internacional de Vilnius,3121,03:28 ~ 03:40,03:40 ~ 03:54
Aeroporto Humberto Delgado (Lisboa),Aeroporto Internacional de Riga,3144,03:29 ~ 03:41,03:41 ~ 03:55
Aeroporto Humberto Delgado (Lisboa),Aeroporto Internacional Madre Teresa (Tirana),2468,02:44 ~ 02:54,02:54 ~ 03:05
Aeroporto Humberto Delgado (Lisboa),Aeroporto de Barcelona-El Prat (Espanha),997,01:06 ~ 01:10,01:10 ~ 01:14
Aeroporto Humberto Delgado (Lisboa),Aeroporto de Toulouse-Blagnac (França),1033,01:08 ~ 01:12,01:12 ~ 01:17
Aeroporto Humberto Delgado (Lisboa),Aeroporto Internacional de Viena,2311,02:34 ~ 02:43,02:43 ~ 02:53
Aeroporto Humberto Delgado (Lisboa),Aeroporto de Bruxelas,1720,01:54 ~ 02:01,02:01 ~ 02:08
Aeroporto Humberto Delgado (Lisboa),Aeroporto de Sófia,2766,03:04 ~ 03:15,03:15 ~ 03:27
Aeroporto Humberto Delgado (Lisboa),Aeroporto de Bratislava,2359,02:37 ~ 02:46,02:46 ~ 02:56
Aeroporto Humberto Delgado (Lisboa),Aeroporto de Ljubljana Joe Pu?nik,2099,02:19 ~ 02:28,02:28 ~ 02:37
Aeroporto Humberto Delgado (Lisboa),Aeroporto Adolfo Suárez Madrid-Barajas,516,00:34 ~ 00:36,00:36 ~ 00:38
Aeroporto Humberto Delgado (Lisboa),Aeroporto de Barcelona-El Prat,997,01:06 ~ 01:10,01:10 ~ 01:14
Aeroporto Humberto Delgado (Lisboa),Aeroporto de Tallinn,3314,03:40 ~ 03:53,03:53 ~ 04:08
Aeroporto Humberto Delgado (Lisboa),Aeroporto de Vágar,2594,02:52 ~ 03:03,03:03 ~ 03:14
Aeroporto Humberto Delgado (Lisboa),Aeroporto de Helsinque,3371,03:44 ~ 03:57,03:57 ~ 04:12
Aeroporto Humberto Delgado (Lisboa),Aeroporto Internacional de Brasília,7273,08:04 ~ 08:33,08:33 ~ 09:05
Aeroporto Humberto Delgado (Lisboa),Aeroporto Internacional de Várzea Grande,7778,08:38 ~ 09:09,09:09 ~ 09:43
Aeroporto Humberto Delgado (Lisboa),Aeroporto Internacional de Belém,5995,06:39 ~ 07:03,07:03 ~ 07:29
Aeroporto Humberto Delgado (Lisboa),Aeroporto Internacional de Tabatinga,7477,08:18 ~ 08:47,08:47 ~ 09:20
Aeroporto Humberto Delgado (Lisboa),Aeroporto Internacional de Manaus,6971,07:44 ~ 08:12,08:12 ~ 08:42
Aeroporto Humberto Delgado (Lisboa),Aeroporto Internacional de Macapá,6054,06:43 ~ 07:07,07:07 ~ 07:34
Aeroporto Humberto Delgado (Lisboa),Aeroporto Internacional de Fortaleza,5596,06:13 ~ 06:35,06:35 ~ 06:59
Aeroporto Humberto Delgado (Lisboa),Aeroporto Internacional de Maceió,5968,06:37 ~ 07:01,07:01 ~ 07:27
Aeroporto Humberto Delgado (Lisboa),Aeroporto Internacional de Aracaju,6221,06:54 ~ 07:19,07:19 ~ 07:46
Aeroporto Humberto Delgado (Lisboa),Aeroporto Internacional de Belo Horizonte,7378,08:11 ~ 08:40,08:40 ~ 09:13
Aeroporto Humberto Delgado (Lisboa),Aeroporto Santos Dumont,7695,08:33 ~ 09:03,09:03 ~ 09:37
Aeroporto Humberto Delgado (Lisboa),Aeroporto Internacional do Rio de Janeiro,7688,08:32 ~ 09:02,09:02 ~ 09:36
Aeroporto Humberto Delgado (Lisboa),Aeroporto Internacional de Vitória,7297,08:06 ~ 08:35,08:35 ~ 09:07
Aeroporto Humberto Delgado (Lisboa),Aeroporto Internacional de São José dos Campos,7857,08:43 ~ 09:14,09:14 ~ 09:49
Aeroporto Humberto Delgado (Lisboa),Aeroporto Internacional de Viracopos,7960,08:50 ~ 09:21,09:21 ~ 09:56
Aeroporto Humberto Delgado (Lisboa),Aeroporto Internacional de Curitiba,8223,09:08 ~ 09:40,09:40 ~ 10:16
Aeroporto Humberto Delgado (Lisboa),Aeroporto Internacional de Florianópolis,8420,09:21 ~ 09:54,09:54 ~ 10:31
Aeroporto Humberto Delgado (Lisboa),Aeroporto Internacional de Navegantes,8353,09:16 ~ 09:49,09:49 ~ 10:26
Aeroporto Humberto Delgado (Lisboa),Aeroporto Internacional de Porto Alegre,8773,09:44 ~ 10:19,10:19 ~ 10:57
Aeroporto Humberto Delgado (Lisboa),Aeroporto de Copenhague,1891,02:06 ~ 02:13,02:13 ~ 02:21
Aeroporto Humberto Delgado (Lisboa),Aeroporto Internacional Hartsfield-Jackson Atlanta,6599,07:19 ~ 07:45,07:45 ~ 08:14
Aeroporto Humberto Delgado (Lisboa),Aeroporto de Teresina,5965,06:37 ~ 07:01,07:01 ~ 07:27
Aeroporto Humberto Delgado (Lisboa),Aeroporto Internacional de João Pessoa,5741,06:22 ~ 06:45,06:45 ~ 07:10
Aeroporto Francisco Sá Carneiro (Porto),Aeroporto Internacional de Guarulhos,8154,09:03 ~ 09:35,09:35 ~ 10:11
Aeroporto Francisco Sá Carneiro (Porto),Aeroporto Internacional do Recife,6089,06:45 ~ 07:09,07:09 ~ 07:36
Aeroporto Francisco Sá Carneiro (Porto),Aeroporto Internacional de Salvador,6726,07:28 ~ 07:54,07:54 ~ 08:24
Aeroporto Francisco Sá Carneiro (Porto),Aeroporto Internacional de Natal,5868,06:31 ~ 06:54,06:54 ~ 07:20
Aeroporto Francisco Sá Carneiro (Porto),Aeroporto Internacional de São Luís,6042,06:42 ~ 07:06,07:06 ~ 07:33
Aeroporto Francisco Sá Carneiro (Porto),Aeroporto Internacional Pinto Martins,5834,06:28 ~ 06:51,06:51 ~ 07:17
Aeroporto Francisco Sá Carneiro (Porto),Aeroporto Internacional de Nursultan Nazarbayev,5976,06:38 ~ 07:01,07:01 ~ 07:28
Aeroporto Francisco Sá Carneiro (Porto),Aeroporto Internacional de Xangai Pudong,10520,11:41 ~ 12:22,12:22 ~ 13:09
Aeroporto Francisco Sá Carneiro (Porto),Aeroporto Internacional de Pequim Capital,9443,10:29 ~ 11:06,11:06 ~ 11:48
Aeroporto Francisco Sá Carneiro (Porto),Aeroporto Internacional de Pyongyang Sunan,9970,11:04 ~ 11:43,11:43 ~ 12:27
Aeroporto Francisco Sá Carneiro (Porto),Aeroporto Internacional de Incheon,10172,11:18 ~ 11:58,11:58 ~ 12:42
Aeroporto Francisco Sá Carneiro (Porto),Aeroporto Internacional Ninoy Aquino,11964,13:17 ~ 14:04,14:04 ~ 14:57
Aeroporto Francisco Sá Carneiro (Porto),Aeroporto Internacional de Hong Kong,10821,12:01 ~ 12:43,12:43 ~ 13:31
Aeroporto Francisco Sá Carneiro (Porto),Aeroporto Internacional Indira Gandhi,7652,08:30 ~ 09:00,09:00 ~ 09:33
Aeroporto Francisco Sá Carneiro (Porto),Aeroporto Internacional Soekarno-Hatta (Jacarta),12567,13:57 ~ 14:47,14:47 ~ 15:42
Aeroporto Francisco Sá Carneiro (Porto),Aeroporto Internacional Ngurah Rai (Bali),13453,14:56 ~ 15:49,15:49 ~ 16:48
Aeroporto Francisco Sá Carneiro (Porto),Aeroporto Internacional de Narita (Tóquio),10914,12:07 ~ 12:50,12:50 ~ 13:38
Aeroporto Francisco Sá Carneiro (Porto),Aeroporto Internacional de Haneda (Tóquio),10914,12:07 ~ 12:50,12:50 ~ 13:38
Aeroporto Francisco Sá Carneiro (Porto),Aeroporto Internacional de Kansai (Osaka),10851,12:03 ~ 12:45,12:45 ~ 13:33
Aeroporto Francisco Sá Carneiro (Porto),Aeroporto Internacional de Wattay (Vientiane),10378,11:31 ~ 12:12,12:12 ~ 12:58
Aeroporto Francisco Sá Carneiro (Porto),Aeroporto Internacional de Kuala Lumpur (Sepang),11495,12:46 ~ 13:31,13:31 ~ 14:22
Aeroporto Francisco Sá Carneiro (Porto),Aeroporto Internacional de Penang (Penang),11186,12:25 ~ 13:09,13:09 ~ 13:58
Aeroporto Francisco Sá Carneiro (Porto),Aeroporto Internacional de Malé,9053,10:03 ~ 10:39,10:39 ~ 11:18
Aeroporto Francisco Sá Carneiro (Porto),Aeroporto Internacional de Changi,11785,13:05 ~ 13:51,13:51 ~ 14:43
Aeroporto Francisco Sá Carneiro (Porto),Aeroporto Internacional de Suvarnabhumi,10576,11:45 ~ 12:26,12:26 ~ 13:13
Aeroporto Francisco Sá Carneiro (Porto),Aeroporto Internacional Don Mueang,10547,11:43 ~ 12:24,12:24 ~ 13:11
Aeroporto Francisco Sá Carneiro (Porto),Aeroporto Internacional de Taiwan Taoyuan,11035,12:15 ~ 12:58,12:58 ~ 13:47
Aeroporto Francisco Sá Carneiro (Porto),Aeroporto Internacional de Tan Son Nhat,11253,12:30 ~ 13:14,13:14 ~ 14:03
Aeroporto Francisco Sá Carneiro (Porto),Aeroporto Internacional de Noi Bai,10356,11:30 ~ 12:11,12:11 ~ 12:56
Aeroporto Francisco Sá Carneiro (Porto),Aeroporto de Frankfurt,1656,01:50 ~ 01:56,01:56 ~ 02:04
Aeroporto Francisco Sá Carneiro (Porto),Aeroporto de Dublin,1367,01:31 ~ 01:36,01:36 ~ 01:42
Aeroporto Francisco Sá Carneiro (Porto),Aeroporto de Varsóvia Chopin,2546,02:49 ~ 02:59,02:59 ~ 03:10
Aeroporto Francisco Sá Carneiro (Porto),Aeroporto de Oslo-Gardermoen,2508,02:47 ~ 02:57,02:57 ~ 03:08
Aeroporto Francisco Sá Carneiro (Porto),Aeroporto de Roma-Fiumicino,1742,01:56 ~ 02:02,02:02 ~ 02:10
Aeroporto Francisco Sá Carneiro (Porto),Aeroporto de Milão-Malpensa,1487,01:39 ~ 01:44,01:44 ~ 01:51
Aeroporto Francisco Sá Carneiro (Porto),Aeroporto de Praga,2029,02:15 ~ 02:23,02:23 ~ 02:32
Aeroporto Francisco Sá Carneiro (Porto),Aeroporto de Heathrow (Londres),1300,01:26 ~ 01:31,01:31 ~ 01:37
Aeroporto Francisco Sá Carneiro (Porto),Aeroporto de Gatwick (Londres),1280,01:25 ~ 01:30,01:30 ~ 01:36
Aeroporto Francisco Sá Carneiro (Porto),Aeroporto Internacional de Budapeste Ferenc Liszt,2317,02:34 ~ 02:43,02:43 ~ 02:53
Aeroporto Francisco Sá Carneiro (Porto),Aeroporto de Schiphol (Amsterdã),1597,01:46 ~ 01:52,01:52 ~ 01:59
Aeroporto Francisco Sá Carneiro (Porto),Aeroporto Internacional de Boryspil (Kiev),3196,03:33 ~ 03:45,03:45 ~ 03:59
Aeroporto Francisco Sá Carneiro (Porto),Aeroporto de Istambul,3124,03:28 ~ 03:40,03:40 ~ 03:54
Aeroporto Francisco Sá Carneiro (Porto),Aeroporto de Zurique,1533,01:42 ~ 01:48,01:48 ~ 01:54
Aeroporto Francisco Sá Carneiro (Porto),Aeroporto de Estocolmo-Arlanda,2749,03:03 ~ 03:14,03:14 ~ 03:26
Aeroporto Francisco Sá Carneiro (Porto),Aeroporto Nikola Tesla (Belgrado),2381,02:38 ~ 02:48,02:48 ~ 02:58
Aeroporto Francisco Sá Carneiro (Porto),Aeroporto Internacional Sheremetyevo (Moscou),3684,04:05 ~ 04:20,04:20 ~ 04:36
Aeroporto Francisco Sá Carneiro (Porto),Aeroporto de Pulkovo (São Petersburgo),3369,03:44 ~ 03:57,03:57 ~ 04:12
Aeroporto Francisco Sá Carneiro (Porto),Aeroporto Internacional Henri Coand? (Bucareste),2843,03:09 ~ 03:20,03:20 ~ 03:33
Aeroporto Francisco Sá Carneiro (Porto),Aeroporto Humberto Delgado (Lisboa),277,00:18 ~ 00:19,00:19 ~ 00:20
Aeroporto Francisco Sá Carneiro (Porto),Aeroporto Internacional de Malta,2097,02:19 ~ 02:28,02:28 ~ 02:37
Aeroporto Francisco Sá Carneiro (Porto),Aeroporto de Luxemburgo,1487,01:39 ~ 01:44,01:44 ~ 01:51
Aeroporto Francisco Sá Carneiro (Porto),Aeroporto Internacional de Vilnius,2901,03:13 ~ 03:24,03:24 ~ 03:37
Aeroporto Francisco Sá Carneiro (Porto),Aeroporto Internacional de Riga,2910,03:14 ~ 03:25,03:25 ~ 03:38
Aeroporto Francisco Sá Carneiro (Porto),Aeroporto Internacional Madre Teresa (Tirana),2367,02:37 ~ 02:47,02:47 ~ 02:57
Aeroporto Francisco Sá Carneiro (Porto),Aeroporto de Barcelona-El Prat (Espanha),900,01:00 ~ 01:03,01:03 ~ 01:07
Aeroporto Francisco Sá Carneiro (Porto),Aeroporto de Toulouse-Blagnac (França),868,00:57 ~ 01:01,01:01 ~ 01:05
Aeroporto Francisco Sá Carneiro (Porto),Aeroporto Internacional de Viena,2130,02:22 ~ 02:30,02:30 ~ 02:39
Aeroporto Francisco Sá Carneiro (Porto),Aeroporto de Bruxelas,1476,01:38 ~ 01:44,01:44 ~ 01:50
Aeroporto Francisco Sá Carneiro (Porto),Aeroporto de Sófia,2648,02:56 ~ 03:06,03:06 ~ 03:18
Aeroporto Francisco Sá Carneiro (Porto),Aeroporto de Bratislava,2179,02:25 ~ 02:33,02:33 ~ 02:43
Aeroporto Francisco Sá Carneiro (Porto),Aeroporto de Ljubljana Joe Pu?nik,1936,02:09 ~ 02:16,02:16 ~ 02:25
Aeroporto Francisco Sá Carneiro (Porto),Aeroporto Adolfo Suárez Madrid-Barajas,439,00:29 ~ 00:30,00:30 ~ 00:32
Aeroporto Francisco Sá Carneiro (Porto),Aeroporto de Barcelona-El Prat,900,01:00 ~ 01:03,01:03 ~ 01:07
Aeroporto Francisco Sá Carneiro (Porto),Aeroporto de Tallinn,3069,03:24 ~ 03:36,03:36 ~ 03:50
Aeroporto Francisco Sá Carneiro (Porto),Aeroporto de Vágar,2319,02:34 ~ 02:43,02:43 ~ 02:53
Aeroporto Francisco Sá Carneiro (Porto),Aeroporto de Helsinque,3123,03:28 ~ 03:40,03:40 ~ 03:54
Aeroporto Francisco Sá Carneiro (Porto),Aeroporto Internacional de Brasília,7505,08:20 ~ 08:49,08:49 ~ 09:22
Aeroporto Francisco Sá Carneiro (Porto),Aeroporto Internacional de Várzea Grande,7988,08:52 ~ 09:23,09:23 ~ 09:59
Aeroporto Francisco Sá Carneiro (Porto),Aeroporto Internacional de Belém,6197,06:53 ~ 07:17,07:17 ~ 07:44
Aeroporto Francisco Sá Carneiro (Porto),Aeroporto Internacional de Tabatinga,7628,08:28 ~ 08:58,08:58 ~ 09:32
Aeroporto Francisco Sá Carneiro (Porto),Aeroporto Internacional de Manaus,7141,07:56 ~ 08:24,08:24 ~ 08:55
Aeroporto Francisco Sá Carneiro (Porto),Aeroporto Internacional de Macapá,6244,06:56 ~ 07:20,07:20 ~ 07:48
Aeroporto Francisco Sá Carneiro (Porto),Aeroporto Internacional de Fortaleza,5834,06:28 ~ 06:51,06:51 ~ 07:17
Aeroporto Francisco Sá Carneiro (Porto),Aeroporto Internacional de Maceió,6219,06:54 ~ 07:18,07:18 ~ 07:46
Aeroporto Francisco Sá Carneiro (Porto),Aeroporto Internacional de Aracaju,6471,07:11 ~ 07:36,07:36 ~ 08:05
Aeroporto Francisco Sá Carneiro (Porto),Aeroporto Internacional de Belo Horizonte,7625,08:28 ~ 08:58,08:58 ~ 09:31
Aeroporto Francisco Sá Carneiro (Porto),Aeroporto Santos Dumont,7945,08:49 ~ 09:20,09:20 ~ 09:55
Aeroporto Francisco Sá Carneiro (Porto),Aeroporto Internacional do Rio de Janeiro,7939,08:49 ~ 09:20,09:20 ~ 09:55
Aeroporto Francisco Sá Carneiro (Porto),Aeroporto Internacional de Vitória,7550,08:23 ~ 08:52,08:52 ~ 09:26
Aeroporto Francisco Sá Carneiro (Porto),Aeroporto Internacional de São José dos Campos,8102,09:00 ~ 09:31,09:31 ~ 10:07
Aeroporto Francisco Sá Carneiro (Porto),Aeroporto Internacional de Viracopos,8202,09:06 ~ 09:38,09:38 ~ 10:15
Aeroporto Francisco Sá Carneiro (Porto),Aeroporto Internacional de Curitiba,8465,09:24 ~ 09:57,09:57 ~ 10:34
Aeroporto Francisco Sá Carneiro (Porto),Aeroporto Internacional de Florianópolis,8666,09:37 ~ 10:11,10:11 ~ 10:49
Aeroporto Francisco Sá Carneiro (Porto),Aeroporto Internacional de Navegantes,8598,09:33 ~ 10:06,10:06 ~ 10:44
Aeroporto Francisco Sá Carneiro (Porto),Aeroporto Internacional de Porto Alegre,9017,10:01 ~ 10:36,10:36 ~ 11:16
Aeroporto Francisco Sá Carneiro (Porto),Aeroporto de Copenhague,1625,01:48 ~ 01:54,01:54 ~ 02:01
Aeroporto Francisco Sá Carneiro (Porto),Aeroporto Internacional Hartsfield-Jackson Atlanta,6544,07:16 ~ 07:41,07:41 ~ 08:10
Aeroporto Francisco Sá Carneiro (Porto),Aeroporto de Teresina,6192,06:52 ~ 07:17,07:17 ~ 07:44
Aeroporto Francisco Sá Carneiro (Porto),Aeroporto Internacional de João Pessoa,5992,06:39 ~ 07:02,07:02 ~ 07:29
Aeroporto Internacional de Malta,Aeroporto Internacional de Guarulhos,9174,10:11 ~ 10:47,10:47 ~ 11:28
Aeroporto Internacional de Malta,Aeroporto Internacional do Recife,7100,07:53 ~ 08:21,08:21 ~ 08:52
Aeroporto Internacional de Malta,Aeroporto Internacional de Salvador,7741,08:36 ~ 09:06,09:06 ~ 09:40
Aeroporto Internacional de Malta,Aeroporto Internacional de Natal,6938,07:42 ~ 08:09,08:09 ~ 08:40
Aeroporto Internacional de Malta,Aeroporto Internacional de São Luís,7423,08:14 ~ 08:43,08:43 ~ 09:16
Aeroporto Internacional de Malta,Aeroporto Internacional Pinto Martins,7042,07:49 ~ 08:17,08:17 ~ 08:48
Aeroporto Internacional de Malta,Aeroporto Internacional de Nursultan Nazarbayev,4775,05:18 ~ 05:37,05:37 ~ 05:58
Aeroporto Internacional de Malta,Aeroporto Internacional de Xangai Pudong,9412,10:27 ~ 11:04,11:04 ~ 11:45
Aeroporto Internacional de Malta,Aeroporto Internacional de Pequim Capital,8437,09:22 ~ 09:55,09:55 ~ 10:32
Aeroporto Internacional de Malta,Aeroporto Internacional de Pyongyang Sunan,9111,10:07 ~ 10:43,10:43 ~ 11:23
Aeroporto Internacional de Malta,Aeroporto Internacional de Incheon,9290,10:19 ~ 10:55,10:55 ~ 11:36
Aeroporto Internacional de Malta,Aeroporto Internacional Ninoy Aquino,10511,11:40 ~ 12:21,12:21 ~ 13:08
Aeroporto Internacional de Malta,Aeroporto Internacional de Hong Kong,9389,10:25 ~ 11:02,11:02 ~ 11:44
Aeroporto Internacional de Malta,Aeroporto Internacional Indira Gandhi,5861,06:30 ~ 06:53,06:53 ~ 07:19
Aeroporto Internacional de Malta,Aeroporto Internacional Soekarno-Hatta (Jacarta),10605,11:46 ~ 12:28,12:28 ~ 13:15
Aeroporto Internacional de Malta,Aeroporto Internacional Ngurah Rai (Bali),11540,12:49 ~ 13:34,13:34 ~ 14:25
Aeroporto Internacional de Malta,Aeroporto Internacional de Narita (Tóquio),10305,11:26 ~ 12:07,12:07 ~ 12:52
Aeroporto Internacional de Malta,Aeroporto Internacional de Haneda (Tóquio),10287,11:25 ~ 12:06,12:06 ~ 12:51
Aeroporto Internacional de Malta,Aeroporto Internacional de Kansai (Osaka),10096,11:13 ~ 11:52,11:52 ~ 12:37
Aeroporto Internacional de Malta,Aeroporto Internacional de Wattay (Vientiane),8695,09:39 ~ 10:13,10:13 ~ 10:52
Aeroporto Internacional de Malta,Aeroporto Internacional de Kuala Lumpur (Sepang),9586,10:39 ~ 11:16,11:16 ~ 11:58
Aeroporto Internacional de Malta,Aeroporto Internacional de Penang (Penang),9293,10:19 ~ 10:55,10:55 ~ 11:36
Aeroporto Internacional de Malta,Aeroporto Internacional de Malé,6973,07:44 ~ 08:12,08:12 ~ 08:42
Aeroporto Internacional de Malta,Aeroporto Internacional de Changi,9881,10:58 ~ 11:37,11:37 ~ 12:21
Aeroporto Internacional de Malta,Aeroporto Internacional de Suvarnabhumi,8802,09:46 ~ 10:21,10:21 ~ 11:00
Aeroporto Internacional de Malta,Aeroporto Internacional Don Mueang,8774,09:44 ~ 10:19,10:19 ~ 10:58
Aeroporto Internacional de Malta,Aeroporto Internacional de Taiwan Taoyuan,9791,10:52 ~ 11:31,11:31 ~ 12:14
Aeroporto Internacional de Malta,Aeroporto Internacional de Tan Son Nhat,9510,10:33 ~ 11:11,11:11 ~ 11:53
Aeroporto Internacional de Malta,Aeroporto Internacional de Noi Bai,8775,09:45 ~ 10:19,10:19 ~ 10:58
Aeroporto Internacional de Malta,Aeroporto de Frankfurt,1645,01:49 ~ 01:56,01:56 ~ 02:03
Aeroporto Internacional de Malta,Aeroporto de Dublin,2532,02:48 ~ 02:58,02:58 ~ 03:09
Aeroporto Internacional de Malta,Aeroporto de Varsóvia Chopin,1883,02:05 ~ 02:12,02:12 ~ 02:21
Aeroporto Internacional de Malta,Aeroporto de Oslo-Gardermoen,2718,03:01 ~ 03:11,03:11 ~ 03:23
Aeroporto Internacional de Malta,Aeroporto de Roma-Fiumicino,687,00:45 ~ 00:48,00:48 ~ 00:51
Aeroporto Internacional de Malta,Aeroporto de Milão-Malpensa,1188,01:19 ~ 01:23,01:23 ~ 01:29
Aeroporto Internacional de Malta,Aeroporto de Praga,1582,01:45 ~ 01:51,01:51 ~ 01:58
Aeroporto Internacional de Malta,Aeroporto de Heathrow (Londres),2103,02:20 ~ 02:28,02:28 ~ 02:37
Aeroporto Internacional de Malta,Aeroporto de Gatwick (Londres),2063,02:17 ~ 02:25,02:25 ~ 02:34
Aeroporto Internacional de Malta,Aeroporto Internacional de Budapeste Ferenc Liszt,1345,01:29 ~ 01:34,01:34 ~ 01:40
Aeroporto Internacional de Malta,Aeroporto de Schiphol (Amsterdã),1982,02:12 ~ 02:19,02:19 ~ 02:28
Aeroporto Internacional de Malta,Aeroporto Internacional de Boryspil (Kiev),2082,02:18 ~ 02:26,02:26 ~ 02:36
Aeroporto Internacional de Malta,Aeroporto de Istambul,1372,01:31 ~ 01:36,01:36 ~ 01:42
Aeroporto Internacional de Malta,Aeroporto de Zurique,1378,01:31 ~ 01:37,01:37 ~ 01:43
Aeroporto Internacional de Malta,Aeroporto de Estocolmo-Arlanda,2657,02:57 ~ 03:07,03:07 ~ 03:19
Aeroporto Internacional de Malta,Aeroporto Nikola Tesla (Belgrado),1110,01:14 ~ 01:18,01:18 ~ 01:23
Aeroporto Internacional de Malta,Aeroporto Internacional Sheremetyevo (Moscou),2829,03:08 ~ 03:19,03:19 ~ 03:32
Aeroporto Internacional de Malta,Aeroporto de Pulkovo (São Petersburgo),2895,03:13 ~ 03:24,03:24 ~ 03:37
Aeroporto Internacional de Malta,Aeroporto Internacional Henri Coand? (Bucareste),1381,01:32 ~ 01:37,01:37 ~ 01:43
Aeroporto Internacional de Malta,Aeroporto Humberto Delgado (Lisboa),2113,02:20 ~ 02:29,02:29 ~ 02:38
Aeroporto Internacional de Malta,Aeroporto Francisco Sá Carneiro (Porto),2097,02:19 ~ 02:28,02:28 ~ 02:37
Aeroporto Internacional de Malta,Aeroporto de Luxemburgo,1670,01:51 ~ 01:57,01:57 ~ 02:05
Aeroporto Internacional de Malta,Aeroporto Internacional de Vilnius,2247,02:29 ~ 02:38,02:38 ~ 02:48
Aeroporto Internacional de Malta,Aeroporto Internacional de Riga,2447,02:43 ~ 02:52,02:52 ~ 03:03
Aeroporto Internacional de Malta,Aeroporto Internacional Madre Teresa (Tirana),768,00:51 ~ 00:54,00:54 ~ 00:57
Aeroporto Internacional de Malta,Aeroporto de Barcelona-El Prat (Espanha),1235,01:22 ~ 01:27,01:27 ~ 01:32
Aeroporto Internacional de Malta,Aeroporto de Toulouse-Blagnac (França),1414,01:34 ~ 01:39,01:39 ~ 01:46
Aeroporto Internacional de Malta,Aeroporto Internacional de Viena,1371,01:31 ~ 01:36,01:36 ~ 01:42
Aeroporto Internacional de Malta,Aeroporto de Bruxelas,1853,02:03 ~ 02:10,02:10 ~ 02:18
Aeroporto Internacional de Malta,Aeroporto de Sófia,1080,01:11 ~ 01:16,01:16 ~ 01:21
Aeroporto Internacional de Malta,Aeroporto de Bratislava,1387,01:32 ~ 01:37,01:37 ~ 01:44
Aeroporto Internacional de Malta,Aeroporto de Ljubljana Joe Pu?nik,1150,01:16 ~ 01:21,01:21 ~ 01:26
Aeroporto Internacional de Malta,Aeroporto Adolfo Suárez Madrid-Barajas,1658,01:50 ~ 01:57,01:57 ~ 02:04
Aeroporto Internacional de Malta,Aeroporto de Barcelona-El Prat,1236,01:22 ~ 01:27,01:27 ~ 01:32
Aeroporto Internacional de Malta,Aeroporto de Tallinn,2723,03:01 ~ 03:12,03:12 ~ 03:24
Aeroporto Internacional de Malta,Aeroporto de Vágar,3285,03:38 ~ 03:51,03:51 ~ 04:06
Aeroporto Internacional de Malta,Aeroporto de Helsinque,2822,03:08 ~ 03:19,03:19 ~ 03:31
Aeroporto Internacional de Malta,Aeroporto Internacional de Brasília,8708,09:40 ~ 10:14,10:14 ~ 10:53
Aeroporto Internacional de Malta,Aeroporto Internacional de Várzea Grande,9379,10:25 ~ 11:02,11:02 ~ 11:43
Aeroporto Internacional de Malta,Aeroporto Internacional de Belém,7699,08:33 ~ 09:03,09:03 ~ 09:37
Aeroporto Internacional de Malta,Aeroporto Internacional de Tabatinga,9397,10:26 ~ 11:03,11:03 ~ 11:44
Aeroporto Internacional de Malta,Aeroporto Internacional de Manaus,8823,09:48 ~ 10:22,10:22 ~ 11:01
Aeroporto Internacional de Malta,Aeroporto Internacional de Macapá,7825,08:41 ~ 09:12,09:12 ~ 09:46
Aeroporto Internacional de Malta,Aeroporto Internacional de Fortaleza,7042,07:49 ~ 08:17,08:17 ~ 08:48
Aeroporto Internacional de Malta,Aeroporto Internacional de Maceió,7235,08:02 ~ 08:30,08:30 ~ 09:02
Aeroporto Internacional de Malta,Aeroporto Internacional de Aracaju,7488,08:19 ~ 08:48,08:48 ~ 09:21
Aeroporto Internacional de Malta,Aeroporto Internacional de Belo Horizonte,8639,09:35 ~ 10:09,10:09 ~ 10:47
Aeroporto Internacional de Malta,Aeroporto Santos Dumont,8893,09:52 ~ 10:27,10:27 ~ 11:06
Aeroporto Internacional de Malta,Aeroporto Internacional do Rio de Janeiro,8891,09:52 ~ 10:27,10:27 ~ 11:06
Aeroporto Internacional de Malta,Aeroporto Internacional de Vitória,8475,09:24 ~ 09:58,09:58 ~ 10:35
Aeroporto Internacional de Malta,Aeroporto Internacional de São José dos Campos,9113,10:07 ~ 10:43,10:43 ~ 11:23
Aeroporto Internacional de Malta,Aeroporto Internacional de Viracopos,9259,10:17 ~ 10:53,10:53 ~ 11:34
Aeroporto Internacional de Malta,Aeroporto Internacional de Curitiba,9511,10:34 ~ 11:11,11:11 ~ 11:53
Aeroporto Internacional de Malta,Aeroporto Internacional de Florianópolis,9650,10:43 ~ 11:21,11:21 ~ 12:03
Aeroporto Internacional de Malta,Aeroporto Internacional de Navegantes,9600,10:39 ~ 11:17,11:17 ~ 12:00
Aeroporto Internacional de Malta,Aeroporto Internacional de Porto Alegre,10012,11:07 ~ 11:46,11:46 ~ 12:30
Aeroporto Internacional de Malta,Aeroporto de Copenhague,3009,03:20 ~ 03:32,03:32 ~ 03:45
Aeroporto Internacional de Malta,Aeroporto Internacional Hartsfield-Jackson Atlanta,8612,09:34 ~ 10:07,10:07 ~ 10:45
Aeroporto Internacional de Malta,Aeroporto de Teresina,7488,08:19 ~ 08:48,08:48 ~ 09:21
Aeroporto Internacional de Malta,Aeroporto Internacional de João Pessoa,7024,07:48 ~ 08:15,08:15 ~ 08:46
Aeroporto de Luxemburgo,Aeroporto Internacional de Guarulhos,9619,10:41 ~ 11:18,11:18 ~ 12:01
Aeroporto de Luxemburgo,Aeroporto Internacional do Recife,7539,08:22 ~ 08:52,08:52 ~ 09:25
Aeroporto de Luxemburgo,Aeroporto Internacional de Salvador,8182,09:05 ~ 09:37,09:37 ~ 10:13
Aeroporto de Luxemburgo,Aeroporto Internacional de Natal,7327,08:08 ~ 08:37,08:37 ~ 09:09
Aeroporto de Luxemburgo,Aeroporto Internacional de São Luís,7529,08:21 ~ 08:51,08:51 ~ 09:24
Aeroporto de Luxemburgo,Aeroporto Internacional Pinto Martins,7310,08:07 ~ 08:35,08:35 ~ 09:08
Aeroporto de Luxemburgo,Aeroporto Internacional de Nursultan Nazarbayev,4494,04:59 ~ 05:17,05:17 ~ 05:37
Aeroporto de Luxemburgo,Aeroporto Internacional de Xangai Pudong,9040,10:02 ~ 10:38,10:38 ~ 11:18
Aeroporto de Luxemburgo,Aeroporto Internacional de Pequim Capital,7968,08:51 ~ 09:22,09:22 ~ 09:57
Aeroporto de Luxemburgo,Aeroporto Internacional de Pyongyang Sunan,8519,09:27 ~ 10:01,10:01 ~ 10:38
Aeroporto de Luxemburgo,Aeroporto Internacional de Incheon,8718,09:41 ~ 10:15,10:15 ~ 10:53
Aeroporto de Luxemburgo,Aeroporto Internacional Ninoy Aquino,10482,11:38 ~ 12:19,12:19 ~ 13:06
Aeroporto de Luxemburgo,Aeroporto Internacional de Hong Kong,9341,10:22 ~ 10:59,10:59 ~ 11:40
Aeroporto de Luxemburgo,Aeroporto Internacional Indira Gandhi,6307,07:00 ~ 07:25,07:25 ~ 07:53
Aeroporto de Luxemburgo,Aeroporto Internacional Soekarno-Hatta (Jacarta),11278,12:31 ~ 13:16,13:16 ~ 14:05
Aeroporto de Luxemburgo,Aeroporto Internacional Ngurah Rai (Bali),12109,13:27 ~ 14:14,14:14 ~ 15:08
Aeroporto de Luxemburgo,Aeroporto Internacional de Narita (Tóquio),9527,10:35 ~ 11:12,11:12 ~ 11:54
Aeroporto de Luxemburgo,Aeroporto Internacional de Haneda (Tóquio),9522,10:34 ~ 11:12,11:12 ~ 11:54
Aeroporto de Luxemburgo,Aeroporto Internacional de Kansai (Osaka),9428,10:28 ~ 11:05,11:05 ~ 11:47
Aeroporto de Luxemburgo,Aeroporto Internacional de Wattay (Vientiane),8952,09:56 ~ 10:31,10:31 ~ 11:11
Aeroporto de Luxemburgo,Aeroporto Internacional de Kuala Lumpur (Sepang),10175,11:18 ~ 11:58,11:58 ~ 12:43
Aeroporto de Luxemburgo,Aeroporto Internacional de Penang (Penang),9857,10:57 ~ 11:35,11:35 ~ 12:19
Aeroporto de Luxemburgo,Aeroporto Internacional de Malé,8033,08:55 ~ 09:27,09:27 ~ 10:02
Aeroporto de Luxemburgo,Aeroporto Internacional de Changi,10455,11:37 ~ 12:18,12:18 ~ 13:04
Aeroporto de Luxemburgo,Aeroporto Internacional de Suvarnabhumi,9184,10:12 ~ 10:48,10:48 ~ 11:28
Aeroporto de Luxemburgo,Aeroporto Internacional Don Mueang,9155,10:10 ~ 10:46,10:46 ~ 11:26
Aeroporto de Luxemburgo,Aeroporto Internacional de Taiwan Taoyuan,9549,10:36 ~ 11:14,11:14 ~ 11:56
Aeroporto de Luxemburgo,Aeroporto Internacional de Tan Son Nhat,9841,10:56 ~ 11:34,11:34 ~ 12:18
Aeroporto de Luxemburgo,Aeroporto Internacional de Noi Bai,8901,09:53 ~ 10:28,10:28 ~ 11:07
Aeroporto de Luxemburgo,Aeroporto de Frankfurt,176,00:11 ~ 00:12,00:12 ~ 00:13
Aeroporto de Luxemburgo,Aeroporto de Dublin,960,01:03 ~ 01:07,01:07 ~ 01:11
Aeroporto de Luxemburgo,Aeroporto de Varsóvia Chopin,1074,01:11 ~ 01:15,01:15 ~ 01:20
Aeroporto de Luxemburgo,Aeroporto de Oslo-Gardermoen,1218,01:21 ~ 01:25,01:25 ~ 01:31
Aeroporto de Luxemburgo,Aeroporto de Roma-Fiumicino,988,01:05 ~ 01:09,01:09 ~ 01:14
Aeroporto de Luxemburgo,Aeroporto de Milão-Malpensa,483,00:32 ~ 00:34,00:34 ~ 00:36
Aeroporto de Luxemburgo,Aeroporto de Praga,581,00:38 ~ 00:41,00:41 ~ 00:43
Aeroporto de Luxemburgo,Aeroporto de Heathrow (Londres),515,00:34 ~ 00:36,00:36 ~ 00:38
Aeroporto de Luxemburgo,Aeroporto de Gatwick (Londres),485,00:32 ~ 00:34,00:34 ~ 00:36
Aeroporto de Luxemburgo,Aeroporto Internacional de Budapeste Ferenc Liszt,992,01:06 ~ 01:10,01:10 ~ 01:14
Aeroporto de Luxemburgo,Aeroporto de Schiphol (Amsterdã),315,00:21 ~ 00:22,00:22 ~ 00:23
Aeroporto de Luxemburgo,Aeroporto Internacional de Boryspil (Kiev),1765,01:57 ~ 02:04,02:04 ~ 02:12
Aeroporto de Luxemburgo,Aeroporto de Istambul,2006,02:13 ~ 02:21,02:21 ~ 02:30
Aeroporto de Luxemburgo,Aeroporto de Zurique,297,00:19 ~ 00:20,00:20 ~ 00:22
Aeroporto de Luxemburgo,Aeroporto de Estocolmo-Arlanda,1344,01:29 ~ 01:34,01:34 ~ 01:40
Aeroporto de Luxemburgo,Aeroporto Nikola Tesla (Belgrado),1190,01:19 ~ 01:23,01:23 ~ 01:29
Aeroporto de Luxemburgo,Aeroporto Internacional Sheremetyevo (Moscou),2198,02:26 ~ 02:35,02:35 ~ 02:44
Aeroporto de Luxemburgo,Aeroporto de Pulkovo (São Petersburgo),1902,02:06 ~ 02:14,02:14 ~ 02:22
Aeroporto de Luxemburgo,Aeroporto Internacional Henri Coand? (Bucareste),1606,01:47 ~ 01:53,01:53 ~ 02:00
Aeroporto de Luxemburgo,Aeroporto Humberto Delgado (Lisboa),1714,01:54 ~ 02:00,02:00 ~ 02:08
Aeroporto de Luxemburgo,Aeroporto Francisco Sá Carneiro (Porto),1487,01:39 ~ 01:44,01:44 ~ 01:51
Aeroporto de Luxemburgo,Aeroporto Internacional de Malta,1670,01:51 ~ 01:57,01:57 ~ 02:05
Aeroporto de Luxemburgo,Aeroporto Internacional de Vilnius,1415,01:34 ~ 01:39,01:39 ~ 01:46
Aeroporto de Luxemburgo,Aeroporto Internacional de Riga,1430,01:35 ~ 01:40,01:40 ~ 01:47
Aeroporto de Luxemburgo,Aeroporto Internacional Madre Teresa (Tirana),1392,01:32 ~ 01:38,01:38 ~ 01:44
Aeroporto de Luxemburgo,Aeroporto de Barcelona-El Prat (Espanha),981,01:05 ~ 01:09,01:09 ~ 01:13
Aeroporto de Luxemburgo,Aeroporto de Toulouse-Blagnac (França),761,00:50 ~ 00:53,00:53 ~ 00:57
Aeroporto de Luxemburgo,Aeroporto Internacional de Viena,778,00:51 ~ 00:54,00:54 ~ 00:58
Aeroporto de Luxemburgo,Aeroporto de Bruxelas,188,00:12 ~ 00:13,00:13 ~ 00:14
Aeroporto de Luxemburgo,Aeroporto de Sófia,1530,01:42 ~ 01:48,01:48 ~ 01:54
Aeroporto de Luxemburgo,Aeroporto de Bratislava,822,00:54 ~ 00:58,00:58 ~ 01:01
Aeroporto de Luxemburgo,Aeroporto de Ljubljana Joe Pu?nik,723,00:48 ~ 00:51,00:51 ~ 00:54
Aeroporto de Luxemburgo,Aeroporto Adolfo Suárez Madrid-Barajas,1272,01:24 ~ 01:29,01:29 ~ 01:35
Aeroporto de Luxemburgo,Aeroporto de Barcelona-El Prat,980,01:05 ~ 01:09,01:09 ~ 01:13
Aeroporto de Luxemburgo,Aeroporto de Tallinn,1614,01:47 ~ 01:53,01:53 ~ 02:01
Aeroporto de Luxemburgo,Aeroporto de Vágar,1615,01:47 ~ 01:53,01:53 ~ 02:01
Aeroporto de Luxemburgo,Aeroporto de Helsinque,1680,01:52 ~ 01:58,01:58 ~ 02:06
Aeroporto de Luxemburgo,Aeroporto Internacional de Brasília,8987,09:59 ~ 10:34,10:34 ~ 11:14
Aeroporto de Luxemburgo,Aeroporto Internacional de Várzea Grande,9474,10:31 ~ 11:08,11:08 ~ 11:50
Aeroporto de Luxemburgo,Aeroporto Internacional de Belém,7680,08:31 ~ 09:02,09:02 ~ 09:35
Aeroporto de Luxemburgo,Aeroporto Internacional de Tabatinga,9041,10:02 ~ 10:38,10:38 ~ 11:18
Aeroporto de Luxemburgo,Aeroporto Internacional de Manaus,8587,09:32 ~ 10:06,10:06 ~ 10:44
Aeroporto de Luxemburgo,Aeroporto Internacional de Macapá,7718,08:34 ~ 09:04,09:04 ~ 09:38
Aeroporto de Luxemburgo,Aeroporto Internacional de Fortaleza,7311,08:07 ~ 08:36,08:36 ~ 09:08
Aeroporto de Luxemburgo,Aeroporto Internacional de Maceió,7671,08:31 ~ 09:01,09:01 ~ 09:35
Aeroporto de Luxemburgo,Aeroporto Internacional de Aracaju,7925,08:48 ~ 09:19,09:19 ~ 09:54
Aeroporto de Luxemburgo,Aeroporto Internacional de Belo Horizonte,9086,10:05 ~ 10:41,10:41 ~ 11:21
Aeroporto de Luxemburgo,Aeroporto Santos Dumont,9398,10:26 ~ 11:03,11:03 ~ 11:44
Aeroporto de Luxemburgo,Aeroporto Internacional do Rio de Janeiro,9392,10:26 ~ 11:02,11:02 ~ 11:44
Aeroporto de Luxemburgo,Aeroporto Internacional de Vitória,8996,09:59 ~ 10:35,10:35 ~ 11:14
Aeroporto de Luxemburgo,Aeroporto Internacional de São José dos Campos,9566,10:37 ~ 11:15,11:15 ~ 11:57
Aeroporto de Luxemburgo,Aeroporto Internacional de Viracopos,9672,10:44 ~ 11:22,11:22 ~ 12:05
Aeroporto de Luxemburgo,Aeroporto Internacional de Curitiba,9935,11:02 ~ 11:41,11:41 ~ 12:25
Aeroporto de Luxemburgo,Aeroporto Internacional de Florianópolis,10129,11:15 ~ 11:54,11:54 ~ 12:39
Aeroporto de Luxemburgo,Aeroporto Internacional de Navegantes,10063,11:10 ~ 11:50,11:50 ~ 12:34
Aeroporto de Luxemburgo,Aeroporto Internacional de Porto Alegre,10483,11:38 ~ 12:19,12:19 ~ 13:06
Aeroporto de Luxemburgo,Aeroporto de Copenhague,1435,01:35 ~ 01:41,01:41 ~ 01:47
Aeroporto de Luxemburgo,Aeroporto Internacional Hartsfield-Jackson Atlanta,7290,08:05 ~ 08:34,08:34 ~ 09:06
Aeroporto de Luxemburgo,Aeroporto de Teresina,7677,08:31 ~ 09:01,09:01 ~ 09:35
Aeroporto de Luxemburgo,Aeroporto Internacional de João Pessoa,7445,08:16 ~ 08:45,08:45 ~ 09:18
Aeroporto Internacional de Vilnius,Aeroporto Internacional de Guarulhos,11001,12:13 ~ 12:56,12:56 ~ 13:45
Aeroporto Internacional de Vilnius,Aeroporto Internacional do Recife,8911,09:54 ~ 10:29,10:29 ~ 11:08
Aeroporto Internacional de Vilnius,Aeroporto Internacional de Salvador,9557,10:37 ~ 11:14,11:14 ~ 11:56
Aeroporto Internacional de Vilnius,Aeroporto Internacional de Natal,8707,09:40 ~ 10:14,10:14 ~ 10:53
Aeroporto Internacional de Vilnius,Aeroporto Internacional de São Luís,8942,09:56 ~ 10:31,10:31 ~ 11:10
Aeroporto Internacional de Vilnius,Aeroporto Internacional Pinto Martins,8709,09:40 ~ 10:14,10:14 ~ 10:53
Aeroporto Internacional de Vilnius,Aeroporto Internacional de Nursultan Nazarbayev,3081,03:25 ~ 03:37,03:37 ~ 03:51
Aeroporto Internacional de Vilnius,Aeroporto Internacional de Xangai Pudong,7640,08:29 ~ 08:59,08:59 ~ 09:33
Aeroporto Internacional de Vilnius,Aeroporto Internacional de Pequim Capital,6579,07:18 ~ 07:44,07:44 ~ 08:13
Aeroporto Internacional de Vilnius,Aeroporto Internacional de Pyongyang Sunan,7160,07:57 ~ 08:25,08:25 ~ 08:56
Aeroporto Internacional de Vilnius,Aeroporto Internacional de Incheon,7355,08:10 ~ 08:39,08:39 ~ 09:11
Aeroporto Internacional de Vilnius,Aeroporto Internacional Ninoy Aquino,9068,10:04 ~ 10:40,10:40 ~ 11:20
Aeroporto Internacional de Vilnius,Aeroporto Internacional de Hong Kong,7928,08:48 ~ 09:19,09:19 ~ 09:54
Aeroporto Internacional de Vilnius,Aeroporto Internacional Indira Gandhi,5038,05:35 ~ 05:55,05:55 ~ 06:17
Aeroporto Internacional de Vilnius,Aeroporto Internacional Soekarno-Hatta (Jacarta),10006,11:07 ~ 11:46,11:46 ~ 12:30
Aeroporto Internacional de Vilnius,Aeroporto Internacional Ngurah Rai (Bali),10786,11:59 ~ 12:41,12:41 ~ 13:28
Aeroporto Internacional de Vilnius,Aeroporto Internacional de Narita (Tóquio),8237,09:09 ~ 09:41,09:41 ~ 10:17
Aeroporto Internacional de Vilnius,Aeroporto Internacional de Haneda (Tóquio),8227,09:08 ~ 09:40,09:40 ~ 10:17
Aeroporto Internacional de Vilnius,Aeroporto Internacional de Kansai (Osaka),8097,08:59 ~ 09:31,09:31 ~ 10:07
Aeroporto Internacional de Vilnius,Aeroporto Internacional de Wattay (Vientiane),7580,08:25 ~ 08:55,08:55 ~ 09:28
Aeroporto Internacional de Vilnius,Aeroporto Internacional de Kuala Lumpur (Sepang),8887,09:52 ~ 10:27,10:27 ~ 11:06
Aeroporto Internacional de Vilnius,Aeroporto Internacional de Penang (Penang),8565,09:31 ~ 10:04,10:04 ~ 10:42
Aeroporto Internacional de Vilnius,Aeroporto Internacional de Malé,7068,07:51 ~ 08:18,08:18 ~ 08:50
Aeroporto Internacional de Vilnius,Aeroporto Internacional de Changi,9158,10:10 ~ 10:46,10:46 ~ 11:26
Aeroporto Internacional de Vilnius,Aeroporto Internacional de Suvarnabhumi,7841,08:42 ~ 09:13,09:13 ~ 09:48
Aeroporto Internacional de Vilnius,Aeroporto Internacional Don Mueang,7812,08:40 ~ 09:11,09:11 ~ 09:45
Aeroporto Internacional de Vilnius,Aeroporto Internacional de Taiwan Taoyuan,8138,09:02 ~ 09:34,09:34 ~ 10:10
Aeroporto Internacional de Vilnius,Aeroporto Internacional de Tan Son Nhat,8478,09:25 ~ 09:58,09:58 ~ 10:35
Aeroporto Internacional de Vilnius,Aeroporto Internacional de Noi Bai,7506,08:20 ~ 08:49,08:49 ~ 09:22
Aeroporto Internacional de Vilnius,Aeroporto de Frankfurt,1246,01:23 ~ 01:27,01:27 ~ 01:33
Aeroporto Internacional de Vilnius,Aeroporto de Dublin,2053,02:16 ~ 02:24,02:24 ~ 02:33
Aeroporto Internacional de Vilnius,Aeroporto de Varsóvia Chopin,398,00:26 ~ 00:28,00:28 ~ 00:29
Aeroporto Internacional de Vilnius,Aeroporto de Oslo-Gardermoen,1051,01:10 ~ 01:14,01:14 ~ 01:18
Aeroporto Internacional de Vilnius,Aeroporto de Roma-Fiumicino,1720,01:54 ~ 02:01,02:01 ~ 02:08
Aeroporto Internacional de Vilnius,Aeroporto de Milão-Malpensa,1545,01:42 ~ 01:49,01:49 ~ 01:55
Aeroporto Internacional de Vilnius,Aeroporto de Praga,904,01:00 ~ 01:03,01:03 ~ 01:07
Aeroporto Internacional de Vilnius,Aeroporto de Heathrow (Londres),1752,01:56 ~ 02:03,02:03 ~ 02:11
Aeroporto Internacional de Vilnius,Aeroporto de Gatwick (Londres),1748,01:56 ~ 02:03,02:03 ~ 02:11
Aeroporto Internacional de Vilnius,Aeroporto Internacional de Budapeste Ferenc Liszt,905,01:00 ~ 01:03,01:03 ~ 01:07
Aeroporto Internacional de Vilnius,Aeroporto de Schiphol (Amsterdã),1382,01:32 ~ 01:37,01:37 ~ 01:43
Aeroporto Internacional de Vilnius,Aeroporto Internacional de Boryspil (Kiev),611,00:40 ~ 00:43,00:43 ~ 00:45
Aeroporto Internacional de Vilnius,Aeroporto de Istambul,1541,01:42 ~ 01:48,01:48 ~ 01:55
Aeroporto Internacional de Vilnius,Aeroporto de Zurique,1414,01:34 ~ 01:39,01:39 ~ 01:46
Aeroporto Internacional de Vilnius,Aeroporto de Estocolmo-Arlanda,714,00:47 ~ 00:50,00:50 ~ 00:53
Aeroporto Internacional de Vilnius,Aeroporto Nikola Tesla (Belgrado),1149,01:16 ~ 01:21,01:21 ~ 01:26
Aeroporto Internacional de Vilnius,Aeroporto Internacional Sheremetyevo (Moscou),783,00:52 ~ 00:55,00:55 ~ 00:58
Aeroporto Internacional de Vilnius,Aeroporto de Pulkovo (São Petersburgo),649,00:43 ~ 00:45,00:45 ~ 00:48
Aeroporto Internacional de Vilnius,Aeroporto Internacional Henri Coand? (Bucareste),1121,01:14 ~ 01:19,01:19 ~ 01:24
Aeroporto Internacional de Vilnius,Aeroporto Humberto Delgado (Lisboa),3121,03:28 ~ 03:40,03:40 ~ 03:54
Aeroporto Internacional de Vilnius,Aeroporto Francisco Sá Carneiro (Porto),2901,03:13 ~ 03:24,03:24 ~ 03:37
Aeroporto Internacional de Vilnius,Aeroporto Internacional de Malta,2247,02:29 ~ 02:38,02:38 ~ 02:48
Aeroporto Internacional de Vilnius,Aeroporto de Luxemburgo,1415,01:34 ~ 01:39,01:39 ~ 01:46
Aeroporto Internacional de Vilnius,Aeroporto Internacional de Riga,268,00:17 ~ 00:18,00:18 ~ 00:20
Aeroporto Internacional de Vilnius,Aeroporto Internacional Madre Teresa (Tirana),1526,01:41 ~ 01:47,01:47 ~ 01:54
Aeroporto Internacional de Vilnius,Aeroporto de Barcelona-El Prat (Espanha),2263,02:30 ~ 02:39,02:39 ~ 02:49
Aeroporto Internacional de Vilnius,Aeroporto de Toulouse-Blagnac (França),2114,02:20 ~ 02:29,02:29 ~ 02:38
Aeroporto Internacional de Vilnius,Aeroporto Internacional de Viena,945,01:03 ~ 01:06,01:06 ~ 01:10
Aeroporto Internacional de Vilnius,Aeroporto de Bruxelas,1458,01:37 ~ 01:42,01:42 ~ 01:49
Aeroporto Internacional de Vilnius,Aeroporto de Sófia,1335,01:29 ~ 01:34,01:34 ~ 01:40
Aeroporto Internacional de Vilnius,Aeroporto de Bratislava,911,01:00 ~ 01:04,01:04 ~ 01:08
Aeroporto Internacional de Vilnius,Aeroporto de Ljubljana Joe Pu?nik,1209,01:20 ~ 01:25,01:25 ~ 01:30
Aeroporto Internacional de Vilnius,Aeroporto Adolfo Suárez Madrid-Barajas,2650,02:56 ~ 03:07,03:07 ~ 03:18
Aeroporto Internacional de Vilnius,Aeroporto de Barcelona-El Prat,2262,02:30 ~ 02:39,02:39 ~ 02:49
Aeroporto Internacional de Vilnius,Aeroporto de Tallinn,532,00:35 ~ 00:37,00:37 ~ 00:39
Aeroporto Internacional de Vilnius,Aeroporto de Vágar,2051,02:16 ~ 02:24,02:24 ~ 02:33
Aeroporto Internacional de Vilnius,Aeroporto de Helsinque,634,00:42 ~ 00:44,00:44 ~ 00:47
Aeroporto Internacional de Vilnius,Aeroporto Internacional de Brasília,10391,11:32 ~ 12:13,12:13 ~ 12:59
Aeroporto Internacional de Vilnius,Aeroporto Internacional de Várzea Grande,10889,12:05 ~ 12:48,12:48 ~ 13:36
Aeroporto Internacional de Vilnius,Aeroporto Internacional de Belém,9095,10:06 ~ 10:41,10:41 ~ 11:22
Aeroporto Internacional de Vilnius,Aeroporto Internacional de Tabatinga,10409,11:33 ~ 12:14,12:14 ~ 13:00
Aeroporto Internacional de Vilnius,Aeroporto Internacional de Manaus,9981,11:05 ~ 11:44,11:44 ~ 12:28
Aeroporto Internacional de Vilnius,Aeroporto Internacional de Macapá,9129,10:08 ~ 10:44,10:44 ~ 11:24
Aeroporto Internacional de Vilnius,Aeroporto Internacional de Fortaleza,8709,09:40 ~ 10:14,10:14 ~ 10:53
Aeroporto Internacional de Vilnius,Aeroporto Internacional de Maceió,9044,10:02 ~ 10:38,10:38 ~ 11:18
Aeroporto Internacional de Vilnius,Aeroporto Internacional de Aracaju,9300,10:20 ~ 10:56,10:56 ~ 11:37
Aeroporto Internacional de Vilnius,Aeroporto Internacional de Belo Horizonte,10465,11:37 ~ 12:18,12:18 ~ 13:04
Aeroporto Internacional de Vilnius,Aeroporto Santos Dumont,10766,11:57 ~ 12:39,12:39 ~ 13:27
Aeroporto Internacional de Vilnius,Aeroporto Internacional do Rio de Janeiro,10761,11:57 ~ 12:39,12:39 ~ 13:27
Aeroporto Internacional de Vilnius,Aeroporto Internacional de Vitória,10359,11:30 ~ 12:11,12:11 ~ 12:56
Aeroporto Internacional de Vilnius,Aeroporto Internacional de São José dos Campos,10946,12:09 ~ 12:52,12:52 ~ 13:40
Aeroporto Internacional de Vilnius,Aeroporto Internacional de Viracopos,11060,12:17 ~ 13:00,13:00 ~ 13:49
Aeroporto Internacional de Vilnius,Aeroporto Internacional de Curitiba,11322,12:34 ~ 13:19,13:19 ~ 14:09
Aeroporto Internacional de Vilnius,Aeroporto Internacional de Florianópolis,11506,12:47 ~ 13:32,13:32 ~ 14:22
Aeroporto Internacional de Vilnius,Aeroporto Internacional de Navegantes,11444,12:42 ~ 13:27,13:27 ~ 14:18
Aeroporto Internacional de Vilnius,Aeroporto Internacional de Porto Alegre,11865,13:11 ~ 13:57,13:57 ~ 14:49
Aeroporto Internacional de Vilnius,Aeroporto de Copenhague,2393,02:39 ~ 02:48,02:48 ~ 02:59
Aeroporto Internacional de Vilnius,Aeroporto Internacional Hartsfield-Jackson Atlanta,8157,09:03 ~ 09:35,09:35 ~ 10:11
Aeroporto Internacional de Vilnius,Aeroporto de Teresina,9085,10:05 ~ 10:41,10:41 ~ 11:21
Aeroporto Internacional de Vilnius,Aeroporto Internacional de João Pessoa,8820,09:48 ~ 10:22,10:22 ~ 11:01
Aeroporto Internacional de Riga,Aeroporto Internacional de Guarulhos,11049,12:16 ~ 12:59,12:59 ~ 13:48
Aeroporto Internacional de Riga,Aeroporto Internacional do Recife,8966,09:57 ~ 10:32,10:32 ~ 11:12
Aeroporto Internacional de Riga,Aeroporto Internacional de Salvador,9610,10:40 ~ 11:18,11:18 ~ 12:00
Aeroporto Internacional de Riga,Aeroporto Internacional de Natal,8756,09:43 ~ 10:18,10:18 ~ 10:56
Aeroporto Internacional de Riga,Aeroporto Internacional de São Luís,8947,09:56 ~ 10:31,10:31 ~ 11:11
Aeroporto Internacional de Riga,Aeroporto Internacional Pinto Martins,8740,09:42 ~ 10:16,10:16 ~ 10:55
Aeroporto Internacional de Riga,Aeroporto Internacional de Nursultan Nazarbayev,3118,03:27 ~ 03:40,03:40 ~ 03:53
Aeroporto Internacional de Riga,Aeroporto Internacional de Xangai Pudong,7611,08:27 ~ 08:57,08:57 ~ 09:30
Aeroporto Internacional de Riga,Aeroporto Internacional de Pequim Capital,6538,07:15 ~ 07:41,07:41 ~ 08:10
Aeroporto Internacional de Riga,Aeroporto Internacional de Pyongyang Sunan,7094,07:52 ~ 08:20,08:20 ~ 08:52
Aeroporto Internacional de Riga,Aeroporto Internacional de Incheon,7292,08:06 ~ 08:34,08:34 ~ 09:06
Aeroporto Internacional de Riga,Aeroporto Internacional Ninoy Aquino,9089,10:05 ~ 10:41,10:41 ~ 11:21
Aeroporto Internacional de Riga,Aeroporto Internacional de Hong Kong,7953,08:50 ~ 09:21,09:21 ~ 09:56
Aeroporto Internacional de Riga,Aeroporto Internacional Indira Gandhi,5180,05:45 ~ 06:05,06:05 ~ 06:28
Aeroporto Internacional de Riga,Aeroporto Internacional Soekarno-Hatta (Jacarta),10131,11:15 ~ 11:55,11:55 ~ 12:39
Aeroporto Internacional de Riga,Aeroporto Internacional Ngurah Rai (Bali),10888,12:05 ~ 12:48,12:48 ~ 13:36
Aeroporto Internacional de Riga,Aeroporto Internacional de Narita (Tóquio),8135,09:02 ~ 09:34,09:34 ~ 10:10
Aeroporto Internacional de Riga,Aeroporto Internacional de Haneda (Tóquio),8127,09:01 ~ 09:33,09:33 ~ 10:09
Aeroporto Internacional de Riga,Aeroporto Internacional de Kansai (Osaka),8014,08:54 ~ 09:25,09:25 ~ 10:01
Aeroporto Internacional de Riga,Aeroporto Internacional de Wattay (Vientiane),7660,08:30 ~ 09:00,09:00 ~ 09:34
Aeroporto Internacional de Riga,Aeroporto Internacional de Kuala Lumpur (Sepang),9009,10:00 ~ 10:35,10:35 ~ 11:15
Aeroporto Internacional de Riga,Aeroporto Internacional de Penang (Penang),8686,09:39 ~ 10:13,10:13 ~ 10:51
Aeroporto Internacional de Riga,Aeroporto Internacional de Malé,7278,08:05 ~ 08:33,08:33 ~ 09:05
Aeroporto Internacional de Riga,Aeroporto Internacional de Changi,9275,10:18 ~ 10:54,10:54 ~ 11:35
Aeroporto Internacional de Riga,Aeroporto Internacional de Suvarnabhumi,7940,08:49 ~ 09:20,09:20 ~ 09:55
Aeroporto Internacional de Riga,Aeroporto Internacional Don Mueang,7910,08:47 ~ 09:18,09:18 ~ 09:53
Aeroporto Internacional de Riga,Aeroporto Internacional de Taiwan Taoyuan,8129,09:01 ~ 09:33,09:33 ~ 10:09
Aeroporto Internacional de Riga,Aeroporto Internacional de Tan Son Nhat,8562,09:30 ~ 10:04,10:04 ~ 10:42
Aeroporto Internacional de Riga,Aeroporto Internacional de Noi Bai,7565,08:24 ~ 08:54,08:54 ~ 09:27
Aeroporto Internacional de Riga,Aeroporto de Frankfurt,1274,01:24 ~ 01:29,01:29 ~ 01:35
Aeroporto Internacional de Riga,Aeroporto de Dublin,1947,02:09 ~ 02:17,02:17 ~ 02:26
Aeroporto Internacional de Riga,Aeroporto de Varsóvia Chopin,565,00:37 ~ 00:39,00:39 ~ 00:42
Aeroporto Internacional de Riga,Aeroporto de Oslo-Gardermoen,832,00:55 ~ 00:58,00:58 ~ 01:02
Aeroporto Internacional de Riga,Aeroporto de Roma-Fiumicino,1880,02:05 ~ 02:12,02:12 ~ 02:21
Aeroporto Internacional de Riga,Aeroporto de Milão-Malpensa,1639,01:49 ~ 01:55,01:55 ~ 02:02
Aeroporto Internacional de Riga,Aeroporto de Praga,994,01:06 ~ 01:10,01:10 ~ 01:14
Aeroporto Internacional de Riga,Aeroporto de Heathrow (Londres),1695,01:53 ~ 01:59,01:59 ~ 02:07
Aeroporto Internacional de Riga,Aeroporto de Gatwick (Londres),1697,01:53 ~ 01:59,01:59 ~ 02:07
Aeroporto Internacional de Riga,Aeroporto Internacional de Budapeste Ferenc Liszt,1104,01:13 ~ 01:17,01:17 ~ 01:22
Aeroporto Internacional de Riga,Aeroporto de Schiphol (Amsterdã),1337,01:29 ~ 01:34,01:34 ~ 01:40
Aeroporto Internacional de Riga,Aeroporto Internacional de Boryspil (Kiev),863,00:57 ~ 01:00,01:00 ~ 01:04
Aeroporto Internacional de Riga,Aeroporto de Istambul,1808,02:00 ~ 02:07,02:07 ~ 02:15
Aeroporto Internacional de Riga,Aeroporto de Zurique,1484,01:38 ~ 01:44,01:44 ~ 01:51
Aeroporto Internacional de Riga,Aeroporto de Estocolmo-Arlanda,467,00:31 ~ 00:32,00:32 ~ 00:35
Aeroporto Internacional de Riga,Aeroporto Nikola Tesla (Belgrado),1371,01:31 ~ 01:36,01:36 ~ 01:42
Aeroporto Internacional de Riga,Aeroporto Internacional Sheremetyevo (Moscou),834,00:55 ~ 00:58,00:58 ~ 01:02
Aeroporto Internacional de Riga,Aeroporto de Pulkovo (São Petersburgo),487,00:32 ~ 00:34,00:34 ~ 00:36
Aeroporto Internacional de Riga,Aeroporto Internacional Henri Coand? (Bucareste),1383,01:32 ~ 01:37,01:37 ~ 01:43
Aeroporto Internacional de Riga,Aeroporto Humberto Delgado (Lisboa),3144,03:29 ~ 03:41,03:41 ~ 03:55
Aeroporto Internacional de Riga,Aeroporto Francisco Sá Carneiro (Porto),2910,03:14 ~ 03:25,03:25 ~ 03:38
Aeroporto Internacional de Riga,Aeroporto Internacional de Malta,2447,02:43 ~ 02:52,02:52 ~ 03:03
Aeroporto Internacional de Riga,Aeroporto de Luxemburgo,1430,01:35 ~ 01:40,01:40 ~ 01:47
Aeroporto Internacional de Riga,Aeroporto Internacional de Vilnius,268,00:17 ~ 00:18,00:18 ~ 00:20
Aeroporto Internacional de Riga,Aeroporto Internacional Madre Teresa (Tirana),1752,01:56 ~ 02:03,02:03 ~ 02:11
Aeroporto Internacional de Riga,Aeroporto de Barcelona-El Prat (Espanha),2342,02:36 ~ 02:45,02:45 ~ 02:55
Aeroporto Internacional de Riga,Aeroporto de Toulouse-Blagnac (França),2167,02:24 ~ 02:32,02:32 ~ 02:42
Aeroporto Internacional de Riga,Aeroporto Internacional de Viena,1101,01:13 ~ 01:17,01:17 ~ 01:22
Aeroporto Internacional de Riga,Aeroporto de Bruxelas,1439,01:35 ~ 01:41,01:41 ~ 01:47
Aeroporto Internacional de Riga,Aeroporto de Sófia,1584,01:45 ~ 01:51,01:51 ~ 01:58
Aeroporto Internacional de Riga,Aeroporto de Bratislava,1075,01:11 ~ 01:15,01:15 ~ 01:20
Aeroporto Internacional de Riga,Aeroporto de Ljubljana Joe Pu?nik,1359,01:30 ~ 01:35,01:35 ~ 01:41
Aeroporto Internacional de Riga,Aeroporto Adolfo Suárez Madrid-Barajas,2696,02:59 ~ 03:10,03:10 ~ 03:22
Aeroporto Internacional de Riga,Aeroporto de Barcelona-El Prat,2341,02:36 ~ 02:45,02:45 ~ 02:55
Aeroporto Internacional de Riga,Aeroporto de Tallinn,281,00:18 ~ 00:19,00:19 ~ 00:21
Aeroporto Internacional de Riga,Aeroporto de Vágar,1839,02:02 ~ 02:09,02:09 ~ 02:17
Aeroporto Internacional de Riga,Aeroporto de Helsinque,383,00:25 ~ 00:27,00:27 ~ 00:28
Aeroporto Internacional de Riga,Aeroporto Internacional de Brasília,10415,11:34 ~ 12:15,12:15 ~ 13:01
Aeroporto Internacional de Riga,Aeroporto Internacional de Várzea Grande,10880,12:05 ~ 12:48,12:48 ~ 13:35
Aeroporto Internacional de Riga,Aeroporto Internacional de Belém,9079,10:05 ~ 10:40,10:40 ~ 11:20
Aeroporto Internacional de Riga,Aeroporto Internacional de Tabatinga,10331,11:28 ~ 12:09,12:09 ~ 12:54
Aeroporto Internacional de Riga,Aeroporto Internacional de Manaus,9925,11:01 ~ 11:40,11:40 ~ 12:24
Aeroporto Internacional de Riga,Aeroporto Internacional de Macapá,9100,10:06 ~ 10:42,10:42 ~ 11:22
Aeroporto Internacional de Riga,Aeroporto Internacional de Fortaleza,8740,09:42 ~ 10:16,10:16 ~ 10:55
Aeroporto Internacional de Riga,Aeroporto Internacional de Maceió,9099,10:06 ~ 10:42,10:42 ~ 11:22
Aeroporto Internacional de Riga,Aeroporto Internacional de Aracaju,9353,10:23 ~ 11:00,11:00 ~ 11:41
Aeroporto Internacional de Riga,Aeroporto Internacional de Belo Horizonte,10515,11:41 ~ 12:22,12:22 ~ 13:08
Aeroporto Internacional de Riga,Aeroporto Santos Dumont,10825,12:01 ~ 12:44,12:44 ~ 13:31
Aeroporto Internacional de Riga,Aeroporto Internacional do Rio de Janeiro,10819,12:01 ~ 12:43,12:43 ~ 13:31
Aeroporto Internacional de Riga,Aeroporto Internacional de Vitória,10421,11:34 ~ 12:15,12:15 ~ 13:01
Aeroporto Internacional de Riga,Aeroporto Internacional de São José dos Campos,10995,12:13 ~ 12:56,12:56 ~ 13:44
Aeroporto Internacional de Riga,Aeroporto Internacional de Viracopos,11102,12:20 ~ 13:03,13:03 ~ 13:52
Aeroporto Internacional de Riga,Aeroporto Internacional de Curitiba,11365,12:37 ~ 13:22,13:22 ~ 14:12
Aeroporto Internacional de Riga,Aeroporto Internacional de Florianópolis,11558,12:50 ~ 13:35,13:35 ~ 14:26
Aeroporto Internacional de Riga,Aeroporto Internacional de Navegantes,11493,12:46 ~ 13:31,13:31 ~ 14:21
Aeroporto Internacional de Riga,Aeroporto Internacional de Porto Alegre,11913,13:14 ~ 14:00,14:00 ~ 14:53
Aeroporto Internacional de Riga,Aeroporto de Copenhague,2247,02:29 ~ 02:38,02:38 ~ 02:48
Aeroporto Internacional de Riga,Aeroporto Internacional Hartsfield-Jackson Atlanta,7945,08:49 ~ 09:20,09:20 ~ 09:55
Aeroporto Internacional de Riga,Aeroporto de Teresina,9102,10:06 ~ 10:42,10:42 ~ 11:22
Aeroporto Internacional de Riga,Aeroporto Internacional de João Pessoa,8873,09:51 ~ 10:26,10:26 ~ 11:05
Aeroporto Internacional Madre Teresa (Tirana),Aeroporto Internacional de Guarulhos,9899,10:59 ~ 11:38,11:38 ~ 12:22
Aeroporto Internacional Madre Teresa (Tirana),Aeroporto Internacional do Recife,7814,08:40 ~ 09:11,09:11 ~ 09:46
Aeroporto Internacional Madre Teresa (Tirana),Aeroporto Internacional de Salvador,8459,09:23 ~ 09:57,09:57 ~ 10:34
Aeroporto Internacional Madre Teresa (Tirana),Aeroporto Internacional de Natal,7642,08:29 ~ 08:59,08:59 ~ 09:33
Aeroporto Internacional Madre Teresa (Tirana),Aeroporto Internacional de São Luís,8069,08:57 ~ 09:29,09:29 ~ 10:05
Aeroporto Internacional Madre Teresa (Tirana),Aeroporto Internacional Pinto Martins,7722,08:34 ~ 09:05,09:05 ~ 09:39
Aeroporto Internacional Madre Teresa (Tirana),Aeroporto Internacional de Nursultan Nazarbayev,4042,04:29 ~ 04:45,04:45 ~ 05:03
Aeroporto Internacional Madre Teresa (Tirana),Aeroporto Internacional de Xangai Pudong,8692,09:39 ~ 10:13,10:13 ~ 10:51
Aeroporto Internacional Madre Teresa (Tirana),Aeroporto Internacional de Pequim Capital,7699,08:33 ~ 09:03,09:03 ~ 09:37
Aeroporto Internacional Madre Teresa (Tirana),Aeroporto Internacional de Pyongyang Sunan,8360,09:17 ~ 09:50,09:50 ~ 10:26
Aeroporto Internacional Madre Teresa (Tirana),Aeroporto Internacional de Incheon,8542,09:29 ~ 10:02,10:02 ~ 10:40
Aeroporto Internacional Madre Teresa (Tirana),Aeroporto Internacional Ninoy Aquino,9870,10:58 ~ 11:36,11:36 ~ 12:20
Aeroporto Internacional Madre Teresa (Tirana),Aeroporto Internacional de Hong Kong,8736,09:42 ~ 10:16,10:16 ~ 10:55
Aeroporto Internacional Madre Teresa (Tirana),Aeroporto Internacional Indira Gandhi,5329,05:55 ~ 06:16,06:16 ~ 06:39
Aeroporto Internacional Madre Teresa (Tirana),Aeroporto Internacional Soekarno-Hatta (Jacarta),10202,11:20 ~ 12:00,12:00 ~ 12:45
Aeroporto Internacional Madre Teresa (Tirana),Aeroporto Internacional Ngurah Rai (Bali),11102,12:20 ~ 13:03,13:03 ~ 13:52
Aeroporto Internacional Madre Teresa (Tirana),Aeroporto Internacional de Narita (Tóquio),9542,10:36 ~ 11:13,11:13 ~ 11:55
Aeroporto Internacional Madre Teresa (Tirana),Aeroporto Internacional de Haneda (Tóquio),9525,10:35 ~ 11:12,11:12 ~ 11:54
Aeroporto Internacional Madre Teresa (Tirana),Aeroporto Internacional de Kansai (Osaka),9340,10:22 ~ 10:59,10:59 ~ 11:40
Aeroporto Internacional Madre Teresa (Tirana),Aeroporto Internacional de Wattay (Vientiane),8123,09:01 ~ 09:33,09:33 ~ 10:09
Aeroporto Internacional Madre Teresa (Tirana),Aeroporto Internacional de Kuala Lumpur (Sepang),9141,10:09 ~ 10:45,10:45 ~ 11:25
Aeroporto Internacional Madre Teresa (Tirana),Aeroporto Internacional de Penang (Penang),8836,09:49 ~ 10:23,10:23 ~ 11:02
Aeroporto Internacional Madre Teresa (Tirana),Aeroporto Internacional de Malé,6741,07:29 ~ 07:55,07:55 ~ 08:25
Aeroporto Internacional Madre Teresa (Tirana),Aeroporto Internacional de Changi,9432,10:28 ~ 11:05,11:05 ~ 11:47
Aeroporto Internacional Madre Teresa (Tirana),Aeroporto Internacional de Suvarnabhumi,8273,09:11 ~ 09:43,09:43 ~ 10:20
Aeroporto Internacional Madre Teresa (Tirana),Aeroporto Internacional Don Mueang,8245,09:09 ~ 09:41,09:41 ~ 10:18
Aeroporto Internacional Madre Teresa (Tirana),Aeroporto Internacional de Taiwan Taoyuan,9097,10:06 ~ 10:42,10:42 ~ 11:22
Aeroporto Internacional Madre Teresa (Tirana),Aeroporto Internacional de Tan Son Nhat,8968,09:57 ~ 10:33,10:33 ~ 11:12
Aeroporto Internacional Madre Teresa (Tirana),Aeroporto Internacional de Noi Bai,8165,09:04 ~ 09:36,09:36 ~ 10:12
Aeroporto Internacional Madre Teresa (Tirana),Aeroporto de Frankfurt,1290,01:26 ~ 01:31,01:31 ~ 01:36
Aeroporto Internacional Madre Teresa (Tirana),Aeroporto de Dublin,2350,02:36 ~ 02:45,02:45 ~ 02:56
Aeroporto Internacional Madre Teresa (Tirana),Aeroporto de Varsóvia Chopin,1198,01:19 ~ 01:24,01:24 ~ 01:29
Aeroporto Internacional Madre Teresa (Tirana),Aeroporto de Oslo-Gardermoen,2173,02:24 ~ 02:33,02:33 ~ 02:42
Aeroporto Internacional Madre Teresa (Tirana),Aeroporto de Roma-Fiumicino,626,00:41 ~ 00:44,00:44 ~ 00:46
Aeroporto Internacional Madre Teresa (Tirana),Aeroporto de Milão-Malpensa,1004,01:06 ~ 01:10,01:10 ~ 01:15
Aeroporto Internacional Madre Teresa (Tirana),Aeroporto de Praga,1054,01:10 ~ 01:14,01:14 ~ 01:19
Aeroporto Internacional Madre Teresa (Tirana),Aeroporto de Heathrow (Londres),1902,02:06 ~ 02:14,02:14 ~ 02:22
Aeroporto Internacional Madre Teresa (Tirana),Aeroporto de Gatwick (Londres),1868,02:04 ~ 02:11,02:11 ~ 02:20
Aeroporto Internacional Madre Teresa (Tirana),Aeroporto Internacional de Budapeste Ferenc Liszt,670,00:44 ~ 00:47,00:47 ~ 00:50
Aeroporto Internacional Madre Teresa (Tirana),Aeroporto de Schiphol (Amsterdã),1657,01:50 ~ 01:56,01:56 ~ 02:04
Aeroporto Internacional Madre Teresa (Tirana),Aeroporto Internacional de Boryspil (Kiev),1315,01:27 ~ 01:32,01:32 ~ 01:38
Aeroporto Internacional Madre Teresa (Tirana),Aeroporto de Istambul,763,00:50 ~ 00:53,00:53 ~ 00:57
Aeroporto Internacional Madre Teresa (Tirana),Aeroporto de Zurique,1113,01:14 ~ 01:18,01:18 ~ 01:23
Aeroporto Internacional Madre Teresa (Tirana),Aeroporto de Estocolmo-Arlanda,2032,02:15 ~ 02:23,02:23 ~ 02:32
Aeroporto Internacional Madre Teresa (Tirana),Aeroporto Nikola Tesla (Belgrado),381,00:25 ~ 00:26,00:26 ~ 00:28
Aeroporto Internacional Madre Teresa (Tirana),Aeroporto Internacional Sheremetyevo (Moscou),2064,02:17 ~ 02:25,02:25 ~ 02:34
Aeroporto Internacional Madre Teresa (Tirana),Aeroporto de Pulkovo (São Petersburgo),2170,02:24 ~ 02:33,02:33 ~ 02:42
Aeroporto Internacional Madre Teresa (Tirana),Aeroporto Internacional Henri Coand? (Bucareste),626,00:41 ~ 00:44,00:44 ~ 00:46
Aeroporto Internacional Madre Teresa (Tirana),Aeroporto Humberto Delgado (Lisboa),2468,02:44 ~ 02:54,02:54 ~ 03:05
Aeroporto Internacional Madre Teresa (Tirana),Aeroporto Francisco Sá Carneiro (Porto),2367,02:37 ~ 02:47,02:47 ~ 02:57
Aeroporto Internacional Madre Teresa (Tirana),Aeroporto Internacional de Malta,768,00:51 ~ 00:54,00:54 ~ 00:57
Aeroporto Internacional Madre Teresa (Tirana),Aeroporto de Luxemburgo,1392,01:32 ~ 01:38,01:38 ~ 01:44
Aeroporto Internacional Madre Teresa (Tirana),Aeroporto Internacional de Vilnius,1526,01:41 ~ 01:47,01:47 ~ 01:54
Aeroporto Internacional Madre Teresa (Tirana),Aeroporto Internacional de Riga,1752,01:56 ~ 02:03,02:03 ~ 02:11
Aeroporto Internacional Madre Teresa (Tirana),Aeroporto de Barcelona-El Prat (Espanha),1475,01:38 ~ 01:44,01:44 ~ 01:50
Aeroporto Internacional Madre Teresa (Tirana),Aeroporto de Toulouse-Blagnac (França),1526,01:41 ~ 01:47,01:47 ~ 01:54
Aeroporto Internacional Madre Teresa (Tirana),Aeroporto Internacional de Viena,784,00:52 ~ 00:55,00:55 ~ 00:58
Aeroporto Internacional Madre Teresa (Tirana),Aeroporto de Bruxelas,1575,01:45 ~ 01:51,01:51 ~ 01:58
Aeroporto Internacional Madre Teresa (Tirana),Aeroporto de Sófia,335,00:22 ~ 00:23,00:23 ~ 00:25
Aeroporto Internacional Madre Teresa (Tirana),Aeroporto de Bratislava,777,00:51 ~ 00:54,00:54 ~ 00:58
Aeroporto Internacional Madre Teresa (Tirana),Aeroporto de Ljubljana Joe Pu?nik,681,00:45 ~ 00:48,00:48 ~ 00:51
Aeroporto Internacional Madre Teresa (Tirana),Aeroporto Adolfo Suárez Madrid-Barajas,1957,02:10 ~ 02:18,02:18 ~ 02:26
Aeroporto Internacional Madre Teresa (Tirana),Aeroporto de Barcelona-El Prat,1475,01:38 ~ 01:44,01:44 ~ 01:50
Aeroporto Internacional Madre Teresa (Tirana),Aeroporto de Tallinn,2032,02:15 ~ 02:23,02:23 ~ 02:32
Aeroporto Internacional Madre Teresa (Tirana),Aeroporto de Vágar,2915,03:14 ~ 03:25,03:25 ~ 03:38
Aeroporto Internacional Madre Teresa (Tirana),Aeroporto de Helsinque,2134,02:22 ~ 02:30,02:30 ~ 02:40
Aeroporto Internacional Madre Teresa (Tirana),Aeroporto Internacional de Brasília,9401,10:26 ~ 11:03,11:03 ~ 11:45
Aeroporto Internacional Madre Teresa (Tirana),Aeroporto Internacional de Várzea Grande,10035,11:09 ~ 11:48,11:48 ~ 12:32
Aeroporto Internacional Madre Teresa (Tirana),Aeroporto Internacional de Belém,8314,09:14 ~ 09:46,09:46 ~ 10:23
Aeroporto Internacional Madre Teresa (Tirana),Aeroporto Internacional de Tabatinga,9922,11:01 ~ 11:40,11:40 ~ 12:24
Aeroporto Internacional Madre Teresa (Tirana),Aeroporto Internacional de Manaus,9383,10:25 ~ 11:02,11:02 ~ 11:43
Aeroporto Internacional Madre Teresa (Tirana),Aeroporto Internacional de Macapá,8417,09:21 ~ 09:54,09:54 ~ 10:31
Aeroporto Internacional Madre Teresa (Tirana),Aeroporto Internacional de Fortaleza,7723,08:34 ~ 09:05,09:05 ~ 09:39
Aeroporto Internacional Madre Teresa (Tirana),Aeroporto Internacional de Maceió,7950,08:50 ~ 09:21,09:21 ~ 09:56
Aeroporto Internacional Madre Teresa (Tirana),Aeroporto Internacional de Aracaju,8204,09:06 ~ 09:39,09:39 ~ 10:15
Aeroporto Internacional Madre Teresa (Tirana),Aeroporto Internacional de Belo Horizonte,9362,10:24 ~ 11:00,11:00 ~ 11:42
Aeroporto Internacional Madre Teresa (Tirana),Aeroporto Santos Dumont,9626,10:41 ~ 11:19,11:19 ~ 12:01
Aeroporto Internacional Madre Teresa (Tirana),Aeroporto Internacional do Rio de Janeiro,9623,10:41 ~ 11:19,11:19 ~ 12:01
Aeroporto Internacional Madre Teresa (Tirana),Aeroporto Internacional de Vitória,9209,10:13 ~ 10:50,10:50 ~ 11:30
Aeroporto Internacional Madre Teresa (Tirana),Aeroporto Internacional de São José dos Campos,9839,10:55 ~ 11:34,11:34 ~ 12:17
Aeroporto Internacional Madre Teresa (Tirana),Aeroporto Internacional de Viracopos,9980,11:05 ~ 11:44,11:44 ~ 12:28
Aeroporto Internacional Madre Teresa (Tirana),Aeroporto Internacional de Curitiba,10235,11:22 ~ 12:02,12:02 ~ 12:47
Aeroporto Internacional Madre Teresa (Tirana),Aeroporto Internacional de Florianópolis,10382,11:32 ~ 12:12,12:12 ~ 12:58
Aeroporto Internacional Madre Teresa (Tirana),Aeroporto Internacional de Navegantes,10330,11:28 ~ 12:09,12:09 ~ 12:54
Aeroporto Internacional Madre Teresa (Tirana),Aeroporto Internacional de Porto Alegre,10745,11:56 ~ 12:38,12:38 ~ 13:25
Aeroporto Internacional Madre Teresa (Tirana),Aeroporto de Copenhague,2827,03:08 ~ 03:19,03:19 ~ 03:32
Aeroporto Internacional Madre Teresa (Tirana),Aeroporto Internacional Hartsfield-Jackson Atlanta,8654,09:36 ~ 10:10,10:10 ~ 10:49
Aeroporto Internacional Madre Teresa (Tirana),Aeroporto de Teresina,8154,09:03 ~ 09:35,09:35 ~ 10:11
Aeroporto Internacional Madre Teresa (Tirana),Aeroporto Internacional de João Pessoa,7734,08:35 ~ 09:05,09:05 ~ 09:40
Aeroporto de Barcelona-El Prat (Espanha),Aeroporto Internacional de Guarulhos,8742,09:42 ~ 10:17,10:17 ~ 10:55
Aeroporto de Barcelona-El Prat (Espanha),Aeroporto Internacional do Recife,6650,07:23 ~ 07:49,07:49 ~ 08:18
Aeroporto de Barcelona-El Prat (Espanha),Aeroporto Internacional de Salvador,7296,08:06 ~ 08:35,08:35 ~ 09:07
Aeroporto de Barcelona-El Prat (Espanha),Aeroporto Internacional de Natal,6449,07:09 ~ 07:35,07:35 ~ 08:03
Aeroporto de Barcelona-El Prat (Espanha),Aeroporto Internacional de São Luís,6745,07:29 ~ 07:56,07:56 ~ 08:25
Aeroporto de Barcelona-El Prat (Espanha),Aeroporto Internacional Pinto Martins,6468,07:11 ~ 07:36,07:36 ~ 08:05
Aeroporto de Barcelona-El Prat (Espanha),Aeroporto Internacional de Nursultan Nazarbayev,5263,05:50 ~ 06:11,06:11 ~ 06:34
Aeroporto de Barcelona-El Prat (Espanha),Aeroporto Internacional de Xangai Pudong,9886,10:59 ~ 11:37,11:37 ~ 12:21
Aeroporto de Barcelona-El Prat (Espanha),Aeroporto Internacional de Pequim Capital,8836,09:49 ~ 10:23,10:23 ~ 11:02
Aeroporto de Barcelona-El Prat (Espanha),Aeroporto Internacional de Pyongyang Sunan,9423,10:28 ~ 11:05,11:05 ~ 11:46
Aeroporto de Barcelona-El Prat (Espanha),Aeroporto Internacional de Incheon,9618,10:41 ~ 11:18,11:18 ~ 12:01
Aeroporto de Barcelona-El Prat (Espanha),Aeroporto Internacional Ninoy Aquino,11220,12:28 ~ 13:11,13:11 ~ 14:01
Aeroporto de Barcelona-El Prat (Espanha),Aeroporto Internacional de Hong Kong,10077,11:11 ~ 11:51,11:51 ~ 12:35
Aeroporto de Barcelona-El Prat (Espanha),Aeroporto Internacional Indira Gandhi,6789,07:32 ~ 07:59,07:59 ~ 08:29
Aeroporto de Barcelona-El Prat (Espanha),Aeroporto Internacional Soekarno-Hatta (Jacarta),11677,12:58 ~ 13:44,13:44 ~ 14:35
Aeroporto de Barcelona-El Prat (Espanha),Aeroporto Internacional Ngurah Rai (Bali),12575,13:58 ~ 14:47,14:47 ~ 15:43
Aeroporto de Barcelona-El Prat (Espanha),Aeroporto Internacional de Narita (Tóquio),10475,11:38 ~ 12:19,12:19 ~ 13:05
Aeroporto de Barcelona-El Prat (Espanha),Aeroporto Internacional de Haneda (Tóquio),10468,11:37 ~ 12:18,12:18 ~ 13:05
Aeroporto de Barcelona-El Prat (Espanha),Aeroporto Internacional de Kansai (Osaka),10354,11:30 ~ 12:10,12:10 ~ 12:56
Aeroporto de Barcelona-El Prat (Espanha),Aeroporto Internacional de Wattay (Vientiane),9553,10:36 ~ 11:14,11:14 ~ 11:56
Aeroporto de Barcelona-El Prat (Espanha),Aeroporto Internacional de Kuala Lumpur (Sepang),10614,11:47 ~ 12:29,12:29 ~ 13:16
Aeroporto de Barcelona-El Prat (Espanha),Aeroporto Internacional de Penang (Penang),10308,11:27 ~ 12:07,12:07 ~ 12:53
Aeroporto de Barcelona-El Prat (Espanha),Aeroporto Internacional de Malé,8157,09:03 ~ 09:35,09:35 ~ 10:11
Aeroporto de Barcelona-El Prat (Espanha),Aeroporto Internacional de Changi,10905,12:07 ~ 12:49,12:49 ~ 13:37
Aeroporto de Barcelona-El Prat (Espanha),Aeroporto Internacional de Suvarnabhumi,9726,10:48 ~ 11:26,11:26 ~ 12:09
Aeroporto de Barcelona-El Prat (Espanha),Aeroporto Internacional Don Mueang,9698,10:46 ~ 11:24,11:24 ~ 12:07
Aeroporto de Barcelona-El Prat (Espanha),Aeroporto Internacional de Taiwan Taoyuan,10357,11:30 ~ 12:11,12:11 ~ 12:56
Aeroporto de Barcelona-El Prat (Espanha),Aeroporto Internacional de Tan Son Nhat,10414,11:34 ~ 12:15,12:15 ~ 13:01
Aeroporto de Barcelona-El Prat (Espanha),Aeroporto Internacional de Noi Bai,9561,10:37 ~ 11:14,11:14 ~ 11:57
Aeroporto de Barcelona-El Prat (Espanha),Aeroporto de Frankfurt,1095,01:12 ~ 01:17,01:17 ~ 01:22
Aeroporto de Barcelona-El Prat (Espanha),Aeroporto de Dublin,1486,01:39 ~ 01:44,01:44 ~ 01:51
Aeroporto de Barcelona-El Prat (Espanha),Aeroporto de Varsóvia Chopin,1873,02:04 ~ 02:12,02:12 ~ 02:20
Aeroporto de Barcelona-El Prat (Espanha),Aeroporto de Oslo-Gardermoen,2194,02:26 ~ 02:34,02:34 ~ 02:44
Aeroporto de Barcelona-El Prat (Espanha),Aeroporto de Roma-Fiumicino,849,00:56 ~ 00:59,00:59 ~ 01:03
Aeroporto de Barcelona-El Prat (Espanha),Aeroporto de Milão-Malpensa,722,00:48 ~ 00:50,00:50 ~ 00:54
Aeroporto de Barcelona-El Prat (Espanha),Aeroporto de Praga,1360,01:30 ~ 01:36,01:36 ~ 01:42
Aeroporto de Barcelona-El Prat (Espanha),Aeroporto de Heathrow (Londres),1149,01:16 ~ 01:21,01:21 ~ 01:26
Aeroporto de Barcelona-El Prat (Espanha),Aeroporto de Gatwick (Londres),1110,01:14 ~ 01:18,01:18 ~ 01:23
Aeroporto de Barcelona-El Prat (Espanha),Aeroporto Internacional de Budapeste Ferenc Liszt,1526,01:41 ~ 01:47,01:47 ~ 01:54
Aeroporto de Barcelona-El Prat (Espanha),Aeroporto de Schiphol (Amsterdã),1242,01:22 ~ 01:27,01:27 ~ 01:33
Aeroporto de Barcelona-El Prat (Espanha),Aeroporto Internacional de Boryspil (Kiev),2436,02:42 ~ 02:51,02:51 ~ 03:02
Aeroporto de Barcelona-El Prat (Espanha),Aeroporto de Istambul,2236,02:29 ~ 02:37,02:37 ~ 02:47
Aeroporto de Barcelona-El Prat (Espanha),Aeroporto de Zurique,857,00:57 ~ 01:00,01:00 ~ 01:04
Aeroporto de Barcelona-El Prat (Espanha),Aeroporto de Estocolmo-Arlanda,2318,02:34 ~ 02:43,02:43 ~ 02:53
Aeroporto de Barcelona-El Prat (Espanha),Aeroporto Nikola Tesla (Belgrado),1531,01:42 ~ 01:48,01:48 ~ 01:54
Aeroporto de Barcelona-El Prat (Espanha),Aeroporto Internacional Sheremetyevo (Moscou),3025,03:21 ~ 03:33,03:33 ~ 03:46
Aeroporto de Barcelona-El Prat (Espanha),Aeroporto de Pulkovo (São Petersburgo),2827,03:08 ~ 03:19,03:19 ~ 03:32
Aeroporto de Barcelona-El Prat (Espanha),Aeroporto Internacional Henri Coand? (Bucareste),1988,02:12 ~ 02:20,02:20 ~ 02:29
Aeroporto de Barcelona-El Prat (Espanha),Aeroporto Humberto Delgado (Lisboa),997,01:06 ~ 01:10,01:10 ~ 01:14
Aeroporto de Barcelona-El Prat (Espanha),Aeroporto Francisco Sá Carneiro (Porto),900,01:00 ~ 01:03,01:03 ~ 01:07
Aeroporto de Barcelona-El Prat (Espanha),Aeroporto Internacional de Malta,1235,01:22 ~ 01:27,01:27 ~ 01:32
Aeroporto de Barcelona-El Prat (Espanha),Aeroporto de Luxemburgo,981,01:05 ~ 01:09,01:09 ~ 01:13
Aeroporto de Barcelona-El Prat (Espanha),Aeroporto Internacional de Vilnius,2263,02:30 ~ 02:39,02:39 ~ 02:49
Aeroporto de Barcelona-El Prat (Espanha),Aeroporto Internacional de Riga,2342,02:36 ~ 02:45,02:45 ~ 02:55
Aeroporto de Barcelona-El Prat (Espanha),Aeroporto Internacional Madre Teresa (Tirana),1475,01:38 ~ 01:44,01:44 ~ 01:50
Aeroporto de Barcelona-El Prat (Espanha),Aeroporto de Toulouse-Blagnac (França),268,00:17 ~ 00:18,00:18 ~ 00:20
Aeroporto de Barcelona-El Prat (Espanha),Aeroporto Internacional de Viena,1373,01:31 ~ 01:36,01:36 ~ 01:42
Aeroporto de Barcelona-El Prat (Espanha),Aeroporto de Bruxelas,1084,01:12 ~ 01:16,01:16 ~ 01:21
Aeroporto de Barcelona-El Prat (Espanha),Aeroporto de Sófia,1769,01:57 ~ 02:04,02:04 ~ 02:12
Aeroporto de Barcelona-El Prat (Espanha),Aeroporto de Bratislava,1419,01:34 ~ 01:40,01:40 ~ 01:46
Aeroporto de Barcelona-El Prat (Espanha),Aeroporto de Ljubljana Joe Pu?nik,1136,01:15 ~ 01:20,01:20 ~ 01:25
Aeroporto de Barcelona-El Prat (Espanha),Aeroporto Adolfo Suárez Madrid-Barajas,483,00:32 ~ 00:34,00:34 ~ 00:36
Aeroporto de Barcelona-El Prat (Espanha),Aeroporto de Barcelona-El Prat,1,00:00 ~ 00:00,00:00 ~ 00:00
Aeroporto de Barcelona-El Prat (Espanha),Aeroporto de Tallinn,2558,02:50 ~ 03:00,03:00 ~ 03:11
Aeroporto de Barcelona-El Prat (Espanha),Aeroporto de Vágar,2395,02:39 ~ 02:49,02:49 ~ 02:59
Aeroporto de Barcelona-El Prat (Espanha),Aeroporto de Helsinque,2633,02:55 ~ 03:05,03:05 ~ 03:17
Aeroporto de Barcelona-El Prat (Espanha),Aeroporto Internacional de Brasília,8156,09:03 ~ 09:35,09:35 ~ 10:11
Aeroporto de Barcelona-El Prat (Espanha),Aeroporto Internacional de Várzea Grande,8710,09:40 ~ 10:14,10:14 ~ 10:53
Aeroporto de Barcelona-El Prat (Espanha),Aeroporto Internacional de Belém,6945,07:43 ~ 08:10,08:10 ~ 08:40
Aeroporto de Barcelona-El Prat (Espanha),Aeroporto Internacional de Tabatinga,8471,09:24 ~ 09:57,09:57 ~ 10:35
Aeroporto de Barcelona-El Prat (Espanha),Aeroporto Internacional de Manaus,7955,08:50 ~ 09:21,09:21 ~ 09:56
Aeroporto de Barcelona-El Prat (Espanha),Aeroporto Internacional de Macapá,7020,07:47 ~ 08:15,08:15 ~ 08:46
Aeroporto de Barcelona-El Prat (Espanha),Aeroporto Internacional de Fortaleza,6469,07:11 ~ 07:36,07:36 ~ 08:05
Aeroporto de Barcelona-El Prat (Espanha),Aeroporto Internacional de Maceió,6783,07:32 ~ 07:58,07:58 ~ 08:28
Aeroporto de Barcelona-El Prat (Espanha),Aeroporto Internacional de Aracaju,7039,07:49 ~ 08:16,08:16 ~ 08:47
Aeroporto de Barcelona-El Prat (Espanha),Aeroporto Internacional de Belo Horizonte,8205,09:07 ~ 09:39,09:39 ~ 10:15
Aeroporto de Barcelona-El Prat (Espanha),Aeroporto Santos Dumont,8504,09:26 ~ 10:00,10:00 ~ 10:37
Aeroporto de Barcelona-El Prat (Espanha),Aeroporto Internacional do Rio de Janeiro,8499,09:26 ~ 09:59,09:59 ~ 10:37
Aeroporto de Barcelona-El Prat (Espanha),Aeroporto Internacional de Vitória,8096,08:59 ~ 09:31,09:31 ~ 10:07
Aeroporto de Barcelona-El Prat (Espanha),Aeroporto Internacional de São José dos Campos,8686,09:39 ~ 10:13,10:13 ~ 10:51
Aeroporto de Barcelona-El Prat (Espanha),Aeroporto Internacional de Viracopos,8805,09:46 ~ 10:21,10:21 ~ 11:00
Aeroporto de Barcelona-El Prat (Espanha),Aeroporto Internacional de Curitiba,9066,10:04 ~ 10:39,10:39 ~ 11:19
Aeroporto de Barcelona-El Prat (Espanha),Aeroporto Internacional de Florianópolis,9246,10:16 ~ 10:52,10:52 ~ 11:33
Aeroporto de Barcelona-El Prat (Espanha),Aeroporto Internacional de Navegantes,9184,10:12 ~ 10:48,10:48 ~ 11:28
Aeroporto de Barcelona-El Prat (Espanha),Aeroporto Internacional de Porto Alegre,9605,10:40 ~ 11:18,11:18 ~ 12:00
Aeroporto de Barcelona-El Prat (Espanha),Aeroporto de Copenhague,1922,02:08 ~ 02:15,02:15 ~ 02:24
Aeroporto de Barcelona-El Prat (Espanha),Aeroporto Internacional Hartsfield-Jackson Atlanta,7376,08:11 ~ 08:40,08:40 ~ 09:13
Aeroporto de Barcelona-El Prat (Espanha),Aeroporto de Teresina,6865,07:37 ~ 08:04,08:04 ~ 08:34
Aeroporto de Barcelona-El Prat (Espanha),Aeroporto Internacional de João Pessoa,6560,07:17 ~ 07:43,07:43 ~ 08:11
Aeroporto de Toulouse-Blagnac (França),Aeroporto Internacional de Guarulhos,8889,09:52 ~ 10:27,10:27 ~ 11:06
Aeroporto de Toulouse-Blagnac (França),Aeroporto Internacional do Recife,6802,07:33 ~ 08:00,08:00 ~ 08:30
Aeroporto de Toulouse-Blagnac (França),Aeroporto Internacional de Salvador,7447,08:16 ~ 08:45,08:45 ~ 09:18
Aeroporto de Toulouse-Blagnac (França),Aeroporto Internacional de Natal,6595,07:19 ~ 07:45,07:45 ~ 08:14
Aeroporto de Toulouse-Blagnac (França),Aeroporto Internacional de São Luís,6846,07:36 ~ 08:03,08:03 ~ 08:33
Aeroporto de Toulouse-Blagnac (França),Aeroporto Internacional Pinto Martins,6596,07:19 ~ 07:45,07:45 ~ 08:14
Aeroporto de Toulouse-Blagnac (França),Aeroporto Internacional de Nursultan Nazarbayev,5157,05:43 ~ 06:04,06:04 ~ 06:26
Aeroporto de Toulouse-Blagnac (França),Aeroporto Internacional de Xangai Pudong,9753,10:50 ~ 11:28,11:28 ~ 12:11
Aeroporto de Toulouse-Blagnac (França),Aeroporto Internacional de Pequim Capital,8692,09:39 ~ 10:13,10:13 ~ 10:51
Aeroporto de Toulouse-Blagnac (França),Aeroporto Internacional de Pyongyang Sunan,9261,10:17 ~ 10:53,10:53 ~ 11:34
Aeroporto de Toulouse-Blagnac (França),Aeroporto Internacional de Incheon,9458,10:30 ~ 11:07,11:07 ~ 11:49
Aeroporto de Toulouse-Blagnac (França),Aeroporto Internacional Ninoy Aquino,11135,12:22 ~ 13:05,13:05 ~ 13:55
Aeroporto de Toulouse-Blagnac (França),Aeroporto Internacional de Hong Kong,9991,11:06 ~ 11:45,11:45 ~ 12:29
Aeroporto de Toulouse-Blagnac (França),Aeroporto Internacional Indira Gandhi,6784,07:32 ~ 07:58,07:58 ~ 08:28
Aeroporto de Toulouse-Blagnac (França),Aeroporto Internacional Soekarno-Hatta (Jacarta),11708,13:00 ~ 13:46,13:46 ~ 14:38
Aeroporto de Toulouse-Blagnac (França),Aeroporto Internacional Ngurah Rai (Bali),12588,13:59 ~ 14:48,14:48 ~ 15:44
Aeroporto de Toulouse-Blagnac (França),Aeroporto Internacional de Narita (Tóquio),10285,11:25 ~ 12:05,12:05 ~ 12:51
Aeroporto de Toulouse-Blagnac (França),Aeroporto Internacional de Haneda (Tóquio),10280,11:25 ~ 12:05,12:05 ~ 12:50
Aeroporto de Toulouse-Blagnac (França),Aeroporto Internacional de Kansai (Osaka),10179,11:18 ~ 11:58,11:58 ~ 12:43
Aeroporto de Toulouse-Blagnac (França),Aeroporto Internacional de Wattay (Vientiane),9515,10:34 ~ 11:11,11:11 ~ 11:53
Aeroporto de Toulouse-Blagnac (França),Aeroporto Internacional de Kuala Lumpur (Sepang),10631,11:48 ~ 12:30,12:30 ~ 13:17
Aeroporto de Toulouse-Blagnac (França),Aeroporto Internacional de Penang (Penang),10321,11:28 ~ 12:08,12:08 ~ 12:54
Aeroporto de Toulouse-Blagnac (França),Aeroporto Internacional de Malé,8257,09:10 ~ 09:42,09:42 ~ 10:19
Aeroporto de Toulouse-Blagnac (França),Aeroporto Internacional de Changi,10920,12:07 ~ 12:50,12:50 ~ 13:39
Aeroporto de Toulouse-Blagnac (França),Aeroporto Internacional de Suvarnabhumi,9709,10:47 ~ 11:25,11:25 ~ 12:08
Aeroporto de Toulouse-Blagnac (França),Aeroporto Internacional Don Mueang,9680,10:45 ~ 11:23,11:23 ~ 12:05
Aeroporto de Toulouse-Blagnac (França),Aeroporto Internacional de Taiwan Taoyuan,10242,11:22 ~ 12:02,12:02 ~ 12:48
Aeroporto de Toulouse-Blagnac (França),Aeroporto Internacional de Tan Son Nhat,10388,11:32 ~ 12:13,12:13 ~ 12:59
Aeroporto de Toulouse-Blagnac (França),Aeroporto Internacional de Noi Bai,9503,10:33 ~ 11:10,11:10 ~ 11:52
Aeroporto de Toulouse-Blagnac (França),Aeroporto de Frankfurt,897,00:59 ~ 01:03,01:03 ~ 01:07
Aeroporto de Toulouse-Blagnac (França),Aeroporto de Dublin,1222,01:21 ~ 01:26,01:26 ~ 01:31
Aeroporto de Toulouse-Blagnac (França),Aeroporto de Varsóvia Chopin,1736,01:55 ~ 02:02,02:02 ~ 02:10
Aeroporto de Toulouse-Blagnac (França),Aeroporto de Oslo-Gardermoen,1955,02:10 ~ 02:17,02:17 ~ 02:26
Aeroporto de Toulouse-Blagnac (França),Aeroporto de Roma-Fiumicino,913,01:00 ~ 01:04,01:04 ~ 01:08
Aeroporto de Toulouse-Blagnac (França),Aeroporto de Milão-Malpensa,623,00:41 ~ 00:43,00:43 ~ 00:46
Aeroporto de Toulouse-Blagnac (França),Aeroporto de Praga,1214,01:20 ~ 01:25,01:25 ~ 01:31
Aeroporto de Toulouse-Blagnac (França),Aeroporto de Heathrow (Londres),881,00:58 ~ 01:02,01:02 ~ 01:06
Aeroporto de Toulouse-Blagnac (França),Aeroporto de Gatwick (Londres),842,00:56 ~ 00:59,00:59 ~ 01:03
Aeroporto de Toulouse-Blagnac (França),Aeroporto Internacional de Budapeste Ferenc Liszt,1455,01:37 ~ 01:42,01:42 ~ 01:49
Aeroporto de Toulouse-Blagnac (França),Aeroporto de Schiphol (Amsterdã),996,01:06 ~ 01:10,01:10 ~ 01:14
Aeroporto de Toulouse-Blagnac (França),Aeroporto Internacional de Boryspil (Kiev),2348,02:36 ~ 02:45,02:45 ~ 02:56
Aeroporto de Toulouse-Blagnac (França),Aeroporto de Istambul,2271,02:31 ~ 02:40,02:40 ~ 02:50
Aeroporto de Toulouse-Blagnac (França),Aeroporto de Zurique,702,00:46 ~ 00:49,00:49 ~ 00:52
Aeroporto de Toulouse-Blagnac (França),Aeroporto de Estocolmo-Arlanda,2104,02:20 ~ 02:28,02:28 ~ 02:37
Aeroporto de Toulouse-Blagnac (França),Aeroporto Nikola Tesla (Belgrado),1514,01:40 ~ 01:46,01:46 ~ 01:53
Aeroporto de Toulouse-Blagnac (França),Aeroporto Internacional Sheremetyevo (Moscou),2889,03:12 ~ 03:23,03:23 ~ 03:36
Aeroporto de Toulouse-Blagnac (França),Aeroporto de Pulkovo (São Petersburgo),2648,02:56 ~ 03:06,03:06 ~ 03:18
Aeroporto de Toulouse-Blagnac (França),Aeroporto Internacional Henri Coand? (Bucareste),1976,02:11 ~ 02:19,02:19 ~ 02:28
Aeroporto de Toulouse-Blagnac (França),Aeroporto Humberto Delgado (Lisboa),1033,01:08 ~ 01:12,01:12 ~ 01:17
Aeroporto de Toulouse-Blagnac (França),Aeroporto Francisco Sá Carneiro (Porto),868,00:57 ~ 01:01,01:01 ~ 01:05
Aeroporto de Toulouse-Blagnac (França),Aeroporto Internacional de Malta,1414,01:34 ~ 01:39,01:39 ~ 01:46
Aeroporto de Toulouse-Blagnac (França),Aeroporto de Luxemburgo,761,00:50 ~ 00:53,00:53 ~ 00:57
Aeroporto de Toulouse-Blagnac (França),Aeroporto Internacional de Vilnius,2114,02:20 ~ 02:29,02:29 ~ 02:38
Aeroporto de Toulouse-Blagnac (França),Aeroporto Internacional de Riga,2167,02:24 ~ 02:32,02:32 ~ 02:42
Aeroporto de Toulouse-Blagnac (França),Aeroporto Internacional Madre Teresa (Tirana),1526,01:41 ~ 01:47,01:47 ~ 01:54
Aeroporto de Toulouse-Blagnac (França),Aeroporto de Barcelona-El Prat (Espanha),268,00:17 ~ 00:18,00:18 ~ 00:20
Aeroporto de Toulouse-Blagnac (França),Aeroporto Internacional de Viena,1277,01:25 ~ 01:30,01:30 ~ 01:35
Aeroporto de Toulouse-Blagnac (França),Aeroporto de Bruxelas,840,00:56 ~ 00:59,00:59 ~ 01:03
Aeroporto de Toulouse-Blagnac (França),Aeroporto de Sófia,1790,01:59 ~ 02:06,02:06 ~ 02:14
Aeroporto de Toulouse-Blagnac (França),Aeroporto de Bratislava,1325,01:28 ~ 01:33,01:33 ~ 01:39
Aeroporto de Toulouse-Blagnac (França),Aeroporto de Ljubljana Joe Pu?nik,1071,01:11 ~ 01:15,01:15 ~ 01:20
Aeroporto de Toulouse-Blagnac (França),Aeroporto Adolfo Suárez Madrid-Barajas,538,00:35 ~ 00:37,00:37 ~ 00:40
Aeroporto de Toulouse-Blagnac (França),Aeroporto de Barcelona-El Prat,267,00:17 ~ 00:18,00:18 ~ 00:20
Aeroporto de Toulouse-Blagnac (França),Aeroporto de Tallinn,2367,02:37 ~ 02:47,02:47 ~ 02:57
Aeroporto de Toulouse-Blagnac (França),Aeroporto de Vágar,2127,02:21 ~ 02:30,02:30 ~ 02:39
Aeroporto de Toulouse-Blagnac (França),Aeroporto de Helsinque,2437,02:42 ~ 02:52,02:52 ~ 03:02
Aeroporto de Toulouse-Blagnac (França),Aeroporto Internacional de Brasília,8280,09:11 ~ 09:44,09:44 ~ 10:20
Aeroporto de Toulouse-Blagnac (França),Aeroporto Internacional de Várzea Grande,8806,09:47 ~ 10:21,10:21 ~ 11:00
Aeroporto de Toulouse-Blagnac (França),Aeroporto Internacional de Belém,7026,07:48 ~ 08:15,08:15 ~ 08:46
Aeroporto de Toulouse-Blagnac (França),Aeroporto Internacional de Tabatinga,8494,09:26 ~ 09:59,09:59 ~ 10:37
Aeroporto de Toulouse-Blagnac (França),Aeroporto Internacional de Manaus,7999,08:53 ~ 09:24,09:24 ~ 09:59
Aeroporto de Toulouse-Blagnac (França),Aeroporto Internacional de Macapá,7087,07:52 ~ 08:20,08:20 ~ 08:51
Aeroporto de Toulouse-Blagnac (França),Aeroporto Internacional de Fortaleza,6596,07:19 ~ 07:45,07:45 ~ 08:14
Aeroporto de Toulouse-Blagnac (França),Aeroporto Internacional de Maceió,6935,07:42 ~ 08:09,08:09 ~ 08:40
Aeroporto de Toulouse-Blagnac (França),Aeroporto Internacional de Aracaju,7190,07:59 ~ 08:27,08:27 ~ 08:59
Aeroporto de Toulouse-Blagnac (França),Aeroporto Internacional de Belo Horizonte,8354,09:16 ~ 09:49,09:49 ~ 10:26
Aeroporto de Toulouse-Blagnac (França),Aeroporto Santos Dumont,8660,09:37 ~ 10:11,10:11 ~ 10:49
Aeroporto de Toulouse-Blagnac (França),Aeroporto Internacional do Rio de Janeiro,8654,09:36 ~ 10:10,10:10 ~ 10:49
Aeroporto de Toulouse-Blagnac (França),Aeroporto Internacional de Vitória,8255,09:10 ~ 09:42,09:42 ~ 10:19
Aeroporto de Toulouse-Blagnac (França),Aeroporto Internacional de São José dos Campos,8835,09:48 ~ 10:23,10:23 ~ 11:02
Aeroporto de Toulouse-Blagnac (França),Aeroporto Internacional de Viracopos,8947,09:56 ~ 10:31,10:31 ~ 11:11
Aeroporto de Toulouse-Blagnac (França),Aeroporto Internacional de Curitiba,9209,10:13 ~ 10:50,10:50 ~ 11:30
Aeroporto de Toulouse-Blagnac (França),Aeroporto Internacional de Florianópolis,9396,10:26 ~ 11:03,11:03 ~ 11:44
Aeroporto de Toulouse-Blagnac (França),Aeroporto Internacional de Navegantes,9332,10:22 ~ 10:58,10:58 ~ 11:39
Aeroporto de Toulouse-Blagnac (França),Aeroporto Internacional de Porto Alegre,9753,10:50 ~ 11:28,11:28 ~ 12:11
Aeroporto de Toulouse-Blagnac (França),Aeroporto de Copenhague,1666,01:51 ~ 01:57,01:57 ~ 02:04
Aeroporto de Toulouse-Blagnac (França),Aeroporto Internacional Hartsfield-Jackson Atlanta,7216,08:01 ~ 08:29,08:29 ~ 09:01
Aeroporto de Toulouse-Blagnac (França),Aeroporto de Teresina,6979,07:45 ~ 08:12,08:12 ~ 08:43
Aeroporto de Toulouse-Blagnac (França),Aeroporto Internacional de João Pessoa,6710,07:27 ~ 07:53,07:53 ~ 08:23
Aeroporto Internacional de Viena,Aeroporto Internacional de Guarulhos,10105,11:13 ~ 11:53,11:53 ~ 12:37
Aeroporto Internacional de Viena,Aeroporto Internacional do Recife,8010,08:54 ~ 09:25,09:25 ~ 10:00
Aeroporto Internacional de Viena,Aeroporto Internacional de Salvador,8658,09:37 ~ 10:11,10:11 ~ 10:49
Aeroporto Internacional de Viena,Aeroporto Internacional de Natal,7815,08:41 ~ 09:11,09:11 ~ 09:46
Aeroporto Internacional de Viena,Aeroporto Internacional de São Luís,8114,09:00 ~ 09:32,09:32 ~ 10:08
Aeroporto Internacional de Viena,Aeroporto Internacional Pinto Martins,7841,08:42 ~ 09:13,09:13 ~ 09:48
Aeroporto Internacional de Viena,Aeroporto Internacional de Nursultan Nazarbayev,3892,04:19 ~ 04:34,04:34 ~ 04:51
Aeroporto Internacional de Viena,Aeroporto Internacional de Xangai Pudong,8516,09:27 ~ 10:01,10:01 ~ 10:38
Aeroporto Internacional de Viena,Aeroporto Internacional de Pequim Capital,7473,08:18 ~ 08:47,08:47 ~ 09:20
Aeroporto Internacional de Viena,Aeroporto Internacional de Pyongyang Sunan,8078,08:58 ~ 09:30,09:30 ~ 10:05
Aeroporto Internacional de Viena,Aeroporto Internacional de Incheon,8270,09:11 ~ 09:43,09:43 ~ 10:20
Aeroporto Internacional de Viena,Aeroporto Internacional Ninoy Aquino,9859,10:57 ~ 11:35,11:35 ~ 12:19
Aeroporto Internacional de Viena,Aeroporto Internacional de Hong Kong,8716,09:41 ~ 10:15,10:15 ~ 10:53
Aeroporto Internacional de Viena,Aeroporto Internacional Indira Gandhi,5557,06:10 ~ 06:32,06:32 ~ 06:56
Aeroporto Internacional de Viena,Aeroporto Internacional Soekarno-Hatta (Jacarta),10519,11:41 ~ 12:22,12:22 ~ 13:08
Aeroporto Internacional de Viena,Aeroporto Internacional Ngurah Rai (Bali),11366,12:37 ~ 13:22,13:22 ~ 14:12
Aeroporto Internacional de Viena,Aeroporto Internacional de Narita (Tóquio),9176,10:11 ~ 10:47,10:47 ~ 11:28
Aeroporto Internacional de Viena,Aeroporto Internacional de Haneda (Tóquio),9165,10:11 ~ 10:46,10:46 ~ 11:27
Aeroporto Internacional de Viena,Aeroporto Internacional de Kansai (Osaka),9026,10:01 ~ 10:37,10:37 ~ 11:16
Aeroporto Internacional de Viena,Aeroporto Internacional de Wattay (Vientiane),8249,09:09 ~ 09:42,09:42 ~ 10:18
Aeroporto Internacional de Viena,Aeroporto Internacional de Kuala Lumpur (Sepang),9422,10:28 ~ 11:05,11:05 ~ 11:46
Aeroporto Internacional de Viena,Aeroporto Internacional de Penang (Penang),9106,10:07 ~ 10:42,10:42 ~ 11:22
Aeroporto Internacional de Viena,Aeroporto Internacional de Malé,7259,08:03 ~ 08:32,08:32 ~ 09:04
Aeroporto Internacional de Viena,Aeroporto Internacional de Changi,9706,10:47 ~ 11:25,11:25 ~ 12:07
Aeroporto Internacional de Viena,Aeroporto Internacional de Suvarnabhumi,8459,09:23 ~ 09:57,09:57 ~ 10:34
Aeroporto Internacional de Viena,Aeroporto Internacional Don Mueang,8430,09:22 ~ 09:55,09:55 ~ 10:32
Aeroporto Internacional de Viena,Aeroporto Internacional de Taiwan Taoyuan,8984,09:58 ~ 10:34,10:34 ~ 11:13
Aeroporto Internacional de Viena,Aeroporto Internacional de Tan Son Nhat,9128,10:08 ~ 10:44,10:44 ~ 11:24
Aeroporto Internacional de Viena,Aeroporto Internacional de Noi Bai,8228,09:08 ~ 09:40,09:40 ~ 10:17
Aeroporto Internacional de Viena,Aeroporto de Frankfurt,622,00:41 ~ 00:43,00:43 ~ 00:46
Aeroporto Internacional de Viena,Aeroporto de Dublin,1706,01:53 ~ 02:00,02:00 ~ 02:07
Aeroporto Internacional de Viena,Aeroporto de Varsóvia Chopin,550,00:36 ~ 00:38,00:38 ~ 00:41
Aeroporto Internacional de Viena,Aeroporto de Oslo-Gardermoen,1392,01:32 ~ 01:38,01:38 ~ 01:44
Aeroporto Internacional de Viena,Aeroporto de Roma-Fiumicino,780,00:52 ~ 00:55,00:55 ~ 00:58
Aeroporto Internacional de Viena,Aeroporto de Milão-Malpensa,658,00:43 ~ 00:46,00:46 ~ 00:49
Aeroporto Internacional de Viena,Aeroporto de Praga,278,00:18 ~ 00:19,00:19 ~ 00:20
Aeroporto Internacional de Viena,Aeroporto de Heathrow (Londres),1279,01:25 ~ 01:30,01:30 ~ 01:35
Aeroporto Internacional de Viena,Aeroporto de Gatwick (Londres),1254,01:23 ~ 01:28,01:28 ~ 01:34
Aeroporto Internacional de Viena,Aeroporto Internacional de Budapeste Ferenc Liszt,214,00:14 ~ 00:15,00:15 ~ 00:16
Aeroporto Internacional de Viena,Aeroporto de Schiphol (Amsterdã),962,01:04 ~ 01:07,01:07 ~ 01:12
Aeroporto Internacional de Viena,Aeroporto Internacional de Boryspil (Kiev),1071,01:11 ~ 01:15,01:15 ~ 01:20
Aeroporto Internacional de Viena,Aeroporto de Istambul,1252,01:23 ~ 01:28,01:28 ~ 01:33
Aeroporto Internacional de Viena,Aeroporto de Zurique,605,00:40 ~ 00:42,00:42 ~ 00:45
Aeroporto Internacional de Viena,Aeroporto de Estocolmo-Arlanda,1288,01:25 ~ 01:30,01:30 ~ 01:36
Aeroporto Internacional de Viena,Aeroporto Nikola Tesla (Belgrado),464,00:30 ~ 00:32,00:32 ~ 00:34
Aeroporto Internacional de Viena,Aeroporto Internacional Sheremetyevo (Moscou),1667,01:51 ~ 01:57,01:57 ~ 02:05
Aeroporto Internacional de Viena,Aeroporto de Pulkovo (São Petersburgo),1575,01:45 ~ 01:51,01:51 ~ 01:58
Aeroporto Internacional de Viena,Aeroporto Internacional Henri Coand? (Bucareste),832,00:55 ~ 00:58,00:58 ~ 01:02
Aeroporto Internacional de Viena,Aeroporto Humberto Delgado (Lisboa),2311,02:34 ~ 02:43,02:43 ~ 02:53
Aeroporto Internacional de Viena,Aeroporto Francisco Sá Carneiro (Porto),2130,02:22 ~ 02:30,02:30 ~ 02:39
Aeroporto Internacional de Viena,Aeroporto Internacional de Malta,1371,01:31 ~ 01:36,01:36 ~ 01:42
Aeroporto Internacional de Viena,Aeroporto de Luxemburgo,778,00:51 ~ 00:54,00:54 ~ 00:58
Aeroporto Internacional de Viena,Aeroporto Internacional de Vilnius,945,01:03 ~ 01:06,01:06 ~ 01:10
Aeroporto Internacional de Viena,Aeroporto Internacional de Riga,1101,01:13 ~ 01:17,01:17 ~ 01:22
Aeroporto Internacional de Viena,Aeroporto Internacional Madre Teresa (Tirana),784,00:52 ~ 00:55,00:55 ~ 00:58
Aeroporto Internacional de Viena,Aeroporto de Barcelona-El Prat (Espanha),1373,01:31 ~ 01:36,01:36 ~ 01:42
Aeroporto Internacional de Viena,Aeroporto de Toulouse-Blagnac (França),1277,01:25 ~ 01:30,01:30 ~ 01:35
Aeroporto Internacional de Viena,Aeroporto de Bruxelas,928,01:01 ~ 01:05,01:05 ~ 01:09
Aeroporto Internacional de Viena,Aeroporto de Sófia,805,00:53 ~ 00:56,00:56 ~ 01:00
Aeroporto Internacional de Viena,Aeroporto de Bratislava,48,00:03 ~ 00:03,00:03 ~ 00:03
Aeroporto Internacional de Viena,Aeroporto de Ljubljana Joe Pu?nik,264,00:17 ~ 00:18,00:18 ~ 00:19
Aeroporto Internacional de Viena,Aeroporto Adolfo Suárez Madrid-Barajas,1808,02:00 ~ 02:07,02:07 ~ 02:15
Aeroporto Internacional de Viena,Aeroporto de Barcelona-El Prat,1372,01:31 ~ 01:36,01:36 ~ 01:42
Aeroporto Internacional de Viena,Aeroporto de Tallinn,1368,01:31 ~ 01:36,01:36 ~ 01:42
Aeroporto Internacional de Viena,Aeroporto de Vágar,2152,02:23 ~ 02:31,02:31 ~ 02:41
Aeroporto Internacional de Viena,Aeroporto de Helsinque,1463,01:37 ~ 01:43,01:43 ~ 01:49
Aeroporto Internacional de Viena,Aeroporto Internacional de Brasília,9528,10:35 ~ 11:12,11:12 ~ 11:54
Aeroporto Internacional de Viena,Aeroporto Internacional de Várzea Grande,10077,11:11 ~ 11:51,11:51 ~ 12:35
Aeroporto Internacional de Viena,Aeroporto Internacional de Belém,8302,09:13 ~ 09:46,09:46 ~ 10:22
Aeroporto Internacional de Viena,Aeroporto Internacional de Tabatinga,9753,10:50 ~ 11:28,11:28 ~ 12:11
Aeroporto Internacional de Viena,Aeroporto Internacional de Manaus,9271,10:18 ~ 10:54,10:54 ~ 11:35
Aeroporto Internacional de Viena,Aeroporto Internacional de Macapá,8364,09:17 ~ 09:50,09:50 ~ 10:27
Aeroporto Internacional de Viena,Aeroporto Internacional de Fortaleza,7841,08:42 ~ 09:13,09:13 ~ 09:48
Aeroporto Internacional de Viena,Aeroporto Internacional de Maceió,8145,09:03 ~ 09:34,09:34 ~ 10:10
Aeroporto Internacional de Viena,Aeroporto Internacional de Aracaju,8401,09:20 ~ 09:53,09:53 ~ 10:30
Aeroporto Internacional de Viena,Aeroporto Internacional de Belo Horizonte,9567,10:37 ~ 11:15,11:15 ~ 11:57
Aeroporto Internacional de Viena,Aeroporto Santos Dumont,9859,10:57 ~ 11:35,11:35 ~ 12:19
Aeroporto Internacional de Viena,Aeroporto Internacional do Rio de Janeiro,9855,10:56 ~ 11:35,11:35 ~ 12:19
Aeroporto Internacional de Viena,Aeroporto Internacional de Vitória,9448,10:29 ~ 11:06,11:06 ~ 11:48
Aeroporto Internacional de Viena,Aeroporto Internacional de São José dos Campos,10048,11:09 ~ 11:49,11:49 ~ 12:33
Aeroporto Internacional de Viena,Aeroporto Internacional de Viracopos,10170,11:18 ~ 11:57,11:57 ~ 12:42
Aeroporto Internacional de Viena,Aeroporto Internacional de Curitiba,10431,11:35 ~ 12:16,12:16 ~ 13:02
Aeroporto Internacional de Viena,Aeroporto Internacional de Florianópolis,10605,11:46 ~ 12:28,12:28 ~ 13:15
Aeroporto Internacional de Viena,Aeroporto Internacional de Navegantes,10546,11:43 ~ 12:24,12:24 ~ 13:10
Aeroporto Internacional de Viena,Aeroporto Internacional de Porto Alegre,10966,12:11 ~ 12:54,12:54 ~ 13:42
Aeroporto Internacional de Viena,Aeroporto de Copenhague,2159,02:23 ~ 02:32,02:32 ~ 02:41
Aeroporto Internacional de Viena,Aeroporto Internacional Hartsfield-Jackson Atlanta,8042,08:56 ~ 09:27,09:27 ~ 10:03
Aeroporto Internacional de Viena,Aeroporto de Teresina,8237,09:09 ~ 09:41,09:41 ~ 10:17
Aeroporto Internacional de Viena,Aeroporto Internacional de João Pessoa,7922,08:48 ~ 09:19,09:19 ~ 09:54
Aeroporto de Bruxelas,Aeroporto Internacional de Guarulhos,9628,10:41 ~ 11:19,11:19 ~ 12:02
Aeroporto de Bruxelas,Aeroporto Internacional do Recife,7557,08:23 ~ 08:53,08:53 ~ 09:26
Aeroporto de Bruxelas,Aeroporto Internacional de Salvador,8196,09:06 ~ 09:38,09:38 ~ 10:14
Aeroporto de Bruxelas,Aeroporto Internacional de Natal,7339,08:09 ~ 08:38,08:38 ~ 09:10
Aeroporto de Bruxelas,Aeroporto Internacional de São Luís,7508,08:20 ~ 08:49,08:49 ~ 09:23
Aeroporto de Bruxelas,Aeroporto Internacional Pinto Martins,7309,08:07 ~ 08:35,08:35 ~ 09:08
Aeroporto de Bruxelas,Aeroporto Internacional de Nursultan Nazarbayev,4537,05:02 ~ 05:20,05:20 ~ 05:40
Aeroporto de Bruxelas,Aeroporto Internacional de Xangai Pudong,9045,10:03 ~ 10:38,10:38 ~ 11:18
Aeroporto de Bruxelas,Aeroporto Internacional de Pequim Capital,7967,08:51 ~ 09:22,09:22 ~ 09:57
Aeroporto de Bruxelas,Aeroporto Internacional de Pyongyang Sunan,8500,09:26 ~ 10:00,10:00 ~ 10:37
Aeroporto de Bruxelas,Aeroporto Internacional de Incheon,8701,09:40 ~ 10:14,10:14 ~ 10:52
Aeroporto de Bruxelas,Aeroporto Internacional Ninoy Aquino,10521,11:41 ~ 12:22,12:22 ~ 13:09
Aeroporto de Bruxelas,Aeroporto Internacional de Hong Kong,9382,10:25 ~ 11:02,11:02 ~ 11:43
Aeroporto de Bruxelas,Aeroporto Internacional Indira Gandhi,6413,07:07 ~ 07:32,07:32 ~ 08:00
Aeroporto de Bruxelas,Aeroporto Internacional Soekarno-Hatta (Jacarta),11388,12:39 ~ 13:23,13:23 ~ 14:14
Aeroporto de Bruxelas,Aeroporto Internacional Ngurah Rai (Bali),12206,13:33 ~ 14:21,14:21 ~ 15:15
Aeroporto de Bruxelas,Aeroporto Internacional de Narita (Tóquio),9482,10:32 ~ 11:09,11:09 ~ 11:51
Aeroporto de Bruxelas,Aeroporto Internacional de Haneda (Tóquio),9479,10:31 ~ 11:09,11:09 ~ 11:50
Aeroporto de Bruxelas,Aeroporto Internacional de Kansai (Osaka),9396,10:26 ~ 11:03,11:03 ~ 11:44
Aeroporto de Bruxelas,Aeroporto Internacional de Wattay (Vientiane),9027,10:01 ~ 10:37,10:37 ~ 11:17
Aeroporto de Bruxelas,Aeroporto Internacional de Kuala Lumpur (Sepang),10280,11:25 ~ 12:05,12:05 ~ 12:50
Aeroporto de Bruxelas,Aeroporto Internacional de Penang (Penang),9961,11:04 ~ 11:43,11:43 ~ 12:27
Aeroporto de Bruxelas,Aeroporto Internacional de Malé,8187,09:05 ~ 09:37,09:37 ~ 10:14
Aeroporto de Bruxelas,Aeroporto Internacional de Changi,10558,11:43 ~ 12:25,12:25 ~ 13:11
Aeroporto de Bruxelas,Aeroporto Internacional de Suvarnabhumi,9272,10:18 ~ 10:54,10:54 ~ 11:35
Aeroporto de Bruxelas,Aeroporto Internacional Don Mueang,9242,10:16 ~ 10:52,10:52 ~ 11:33
Aeroporto de Bruxelas,Aeroporto Internacional de Taiwan Taoyuan,9567,10:37 ~ 11:15,11:15 ~ 11:57
Aeroporto de Bruxelas,Aeroporto Internacional de Tan Son Nhat,9921,11:01 ~ 11:40,11:40 ~ 12:24
Aeroporto de Bruxelas,Aeroporto Internacional de Noi Bai,8963,09:57 ~ 10:32,10:32 ~ 11:12
Aeroporto de Bruxelas,Aeroporto de Frankfurt,306,00:20 ~ 00:21,00:21 ~ 00:22
Aeroporto de Bruxelas,Aeroporto de Dublin,785,00:52 ~ 00:55,00:55 ~ 00:58
Aeroporto de Bruxelas,Aeroporto de Varsóvia Chopin,1150,01:16 ~ 01:21,01:21 ~ 01:26
Aeroporto de Bruxelas,Aeroporto de Oslo-Gardermoen,1115,01:14 ~ 01:18,01:18 ~ 01:23
Aeroporto de Bruxelas,Aeroporto de Roma-Fiumicino,1173,01:18 ~ 01:22,01:22 ~ 01:27
Aeroporto de Bruxelas,Aeroporto de Milão-Malpensa,665,00:44 ~ 00:46,00:46 ~ 00:49
Aeroporto de Bruxelas,Aeroporto de Praga,699,00:46 ~ 00:49,00:49 ~ 00:52
Aeroporto de Bruxelas,Aeroporto de Heathrow (Londres),351,00:23 ~ 00:24,00:24 ~ 00:26
Aeroporto de Bruxelas,Aeroporto de Gatwick (Londres),329,00:21 ~ 00:23,00:23 ~ 00:24
Aeroporto de Bruxelas,Aeroporto Internacional de Budapeste Ferenc Liszt,1141,01:16 ~ 01:20,01:20 ~ 01:25
Aeroporto de Bruxelas,Aeroporto de Schiphol (Amsterdã),158,00:10 ~ 00:11,00:11 ~ 00:11
Aeroporto de Bruxelas,Aeroporto Internacional de Boryspil (Kiev),1860,02:04 ~ 02:11,02:11 ~ 02:19
Aeroporto de Bruxelas,Aeroporto de Istambul,2171,02:24 ~ 02:33,02:33 ~ 02:42
Aeroporto de Bruxelas,Aeroporto de Zurique,484,00:32 ~ 00:34,00:34 ~ 00:36
Aeroporto de Bruxelas,Aeroporto de Estocolmo-Arlanda,1290,01:26 ~ 01:31,01:31 ~ 01:36
Aeroporto de Bruxelas,Aeroporto Nikola Tesla (Belgrado),1358,01:30 ~ 01:35,01:35 ~ 01:41
Aeroporto de Bruxelas,Aeroporto Internacional Sheremetyevo (Moscou),2237,02:29 ~ 02:37,02:37 ~ 02:47
Aeroporto de Bruxelas,Aeroporto de Pulkovo (São Petersburgo),1894,02:06 ~ 02:13,02:13 ~ 02:22
Aeroporto de Bruxelas,Aeroporto Internacional Henri Coand? (Bucareste),1760,01:57 ~ 02:04,02:04 ~ 02:12
Aeroporto de Bruxelas,Aeroporto Humberto Delgado (Lisboa),1720,01:54 ~ 02:01,02:01 ~ 02:08
Aeroporto de Bruxelas,Aeroporto Francisco Sá Carneiro (Porto),1476,01:38 ~ 01:44,01:44 ~ 01:50
Aeroporto de Bruxelas,Aeroporto Internacional de Malta,1853,02:03 ~ 02:10,02:10 ~ 02:18
Aeroporto de Bruxelas,Aeroporto de Luxemburgo,188,00:12 ~ 00:13,00:13 ~ 00:14
Aeroporto de Bruxelas,Aeroporto Internacional de Vilnius,1458,01:37 ~ 01:42,01:42 ~ 01:49
Aeroporto de Bruxelas,Aeroporto Internacional de Riga,1439,01:35 ~ 01:41,01:41 ~ 01:47
Aeroporto de Bruxelas,Aeroporto Internacional Madre Teresa (Tirana),1575,01:45 ~ 01:51,01:51 ~ 01:58
Aeroporto de Bruxelas,Aeroporto de Barcelona-El Prat (Espanha),1084,01:12 ~ 01:16,01:16 ~ 01:21
Aeroporto de Bruxelas,Aeroporto de Toulouse-Blagnac (França),840,00:56 ~ 00:59,00:59 ~ 01:03
Aeroporto de Bruxelas,Aeroporto Internacional de Viena,928,01:01 ~ 01:05,01:05 ~ 01:09
Aeroporto de Bruxelas,Aeroporto de Sófia,1701,01:53 ~ 02:00,02:00 ~ 02:07
Aeroporto de Bruxelas,Aeroporto de Bratislava,968,01:04 ~ 01:08,01:08 ~ 01:12
Aeroporto de Bruxelas,Aeroporto de Ljubljana Joe Pu?nik,901,01:00 ~ 01:03,01:03 ~ 01:07
Aeroporto de Bruxelas,Aeroporto Adolfo Suárez Madrid-Barajas,1315,01:27 ~ 01:32,01:32 ~ 01:38
Aeroporto de Bruxelas,Aeroporto de Barcelona-El Prat,1084,01:12 ~ 01:16,01:16 ~ 01:21
Aeroporto de Bruxelas,Aeroporto de Tallinn,1594,01:46 ~ 01:52,01:52 ~ 01:59
Aeroporto de Bruxelas,Aeroporto de Vágar,1434,01:35 ~ 01:41,01:41 ~ 01:47
Aeroporto de Bruxelas,Aeroporto de Helsinque,1651,01:50 ~ 01:56,01:56 ~ 02:03
Aeroporto de Bruxelas,Aeroporto Internacional de Brasília,8979,09:58 ~ 10:33,10:33 ~ 11:13
Aeroporto de Bruxelas,Aeroporto Internacional de Várzea Grande,9443,10:29 ~ 11:06,11:06 ~ 11:48
Aeroporto de Bruxelas,Aeroporto Internacional de Belém,7645,08:29 ~ 08:59,08:59 ~ 09:33
Aeroporto de Bruxelas,Aeroporto Internacional de Tabatinga,8963,09:57 ~ 10:32,10:32 ~ 11:12
Aeroporto de Bruxelas,Aeroporto Internacional de Manaus,8524,09:28 ~ 10:01,10:01 ~ 10:39
Aeroporto de Bruxelas,Aeroporto Internacional de Macapá,7673,08:31 ~ 09:01,09:01 ~ 09:35
Aeroporto de Bruxelas,Aeroporto Internacional de Fortaleza,7309,08:07 ~ 08:35,08:35 ~ 09:08
Aeroporto de Bruxelas,Aeroporto Internacional de Maceió,7687,08:32 ~ 09:02,09:02 ~ 09:36
Aeroporto de Bruxelas,Aeroporto Internacional de Aracaju,7941,08:49 ~ 09:20,09:20 ~ 09:55
Aeroporto de Bruxelas,Aeroporto Internacional de Belo Horizonte,9097,10:06 ~ 10:42,10:42 ~ 11:22
Aeroporto de Bruxelas,Aeroporto Santos Dumont,9415,10:27 ~ 11:04,11:04 ~ 11:46
Aeroporto de Bruxelas,Aeroporto Internacional do Rio de Janeiro,9408,10:27 ~ 11:04,11:04 ~ 11:45
Aeroporto de Bruxelas,Aeroporto Internacional de Vitória,9017,10:01 ~ 10:36,10:36 ~ 11:16
Aeroporto de Bruxelas,Aeroporto Internacional de São José dos Campos,9576,10:38 ~ 11:15,11:15 ~ 11:58
Aeroporto de Bruxelas,Aeroporto Internacional de Viracopos,9677,10:45 ~ 11:23,11:23 ~ 12:05
Aeroporto de Bruxelas,Aeroporto Internacional de Curitiba,9940,11:02 ~ 11:41,11:41 ~ 12:25
Aeroporto de Bruxelas,Aeroporto Internacional de Florianópolis,10139,11:15 ~ 11:55,11:55 ~ 12:40
Aeroporto de Bruxelas,Aeroporto Internacional de Navegantes,10072,11:11 ~ 11:50,11:50 ~ 12:35
Aeroporto de Bruxelas,Aeroporto Internacional de Porto Alegre,10492,11:39 ~ 12:20,12:20 ~ 13:06
Aeroporto de Bruxelas,Aeroporto de Copenhague,1254,01:23 ~ 01:28,01:28 ~ 01:34
Aeroporto de Bruxelas,Aeroporto Internacional Hartsfield-Jackson Atlanta,7122,07:54 ~ 08:22,08:22 ~ 08:54
Aeroporto de Bruxelas,Aeroporto de Teresina,7665,08:31 ~ 09:01,09:01 ~ 09:34
Aeroporto de Bruxelas,Aeroporto Internacional de João Pessoa,7461,08:17 ~ 08:46,08:46 ~ 09:19
Aeroporto de Sófia,Aeroporto Internacional de Guarulhos,10232,11:22 ~ 12:02,12:02 ~ 12:47
Aeroporto de Sófia,Aeroporto Internacional do Recife,8148,09:03 ~ 09:35,09:35 ~ 10:11
Aeroporto de Sófia,Aeroporto Internacional de Salvador,8793,09:46 ~ 10:20,10:20 ~ 10:59
Aeroporto de Sófia,Aeroporto Internacional de Natal,7977,08:51 ~ 09:23,09:23 ~ 09:58
Aeroporto de Sófia,Aeroporto Internacional de São Luís,8402,09:20 ~ 09:53,09:53 ~ 10:30
Aeroporto de Sófia,Aeroporto Internacional Pinto Martins,8058,08:57 ~ 09:28,09:28 ~ 10:04
Aeroporto de Sófia,Aeroporto Internacional de Nursultan Nazarbayev,3709,04:07 ~ 04:21,04:21 ~ 04:38
Aeroporto de Sófia,Aeroporto Internacional de Xangai Pudong,8358,09:17 ~ 09:49,09:49 ~ 10:26
Aeroporto de Sófia,Aeroporto Internacional de Pequim Capital,7368,08:11 ~ 08:40,08:40 ~ 09:12
Aeroporto de Sófia,Aeroporto Internacional de Pyongyang Sunan,8034,08:55 ~ 09:27,09:27 ~ 10:02
Aeroporto de Sófia,Aeroporto Internacional de Incheon,8215,09:07 ~ 09:39,09:39 ~ 10:16
Aeroporto de Sófia,Aeroporto Internacional Ninoy Aquino,9538,10:35 ~ 11:13,11:13 ~ 11:55
Aeroporto de Sófia,Aeroporto Internacional de Hong Kong,8403,09:20 ~ 09:53,09:53 ~ 10:30
Aeroporto de Sófia,Aeroporto Internacional Indira Gandhi,5021,05:34 ~ 05:54,05:54 ~ 06:16
Aeroporto de Sófia,Aeroporto Internacional Soekarno-Hatta (Jacarta),9920,11:01 ~ 11:40,11:40 ~ 12:24
Aeroporto de Sófia,Aeroporto Internacional Ngurah Rai (Bali),10808,12:00 ~ 12:42,12:42 ~ 13:30
Aeroporto de Sófia,Aeroporto Internacional de Narita (Tóquio),9226,10:15 ~ 10:51,10:51 ~ 11:31
Aeroporto de Sófia,Aeroporto Internacional de Haneda (Tóquio),9207,10:13 ~ 10:49,10:49 ~ 11:30
Aeroporto de Sófia,Aeroporto Internacional de Kansai (Osaka),9017,10:01 ~ 10:36,10:36 ~ 11:16
Aeroporto de Sófia,Aeroporto Internacional de Wattay (Vientiane),7802,08:40 ~ 09:10,09:10 ~ 09:45
Aeroporto de Sófia,Aeroporto Internacional de Kuala Lumpur (Sepang),8849,09:49 ~ 10:24,10:24 ~ 11:03
Aeroporto de Sófia,Aeroporto Internacional de Penang (Penang),8541,09:29 ~ 10:02,10:02 ~ 10:40
Aeroporto de Sófia,Aeroporto Internacional de Malé,6523,07:14 ~ 07:40,07:40 ~ 08:09
Aeroporto de Sófia,Aeroporto Internacional de Changi,9139,10:09 ~ 10:45,10:45 ~ 11:25
Aeroporto de Sófia,Aeroporto Internacional de Suvarnabhumi,7961,08:50 ~ 09:21,09:21 ~ 09:57
Aeroporto de Sófia,Aeroporto Internacional Don Mueang,7933,08:48 ~ 09:19,09:19 ~ 09:54
Aeroporto de Sófia,Aeroporto Internacional de Taiwan Taoyuan,8762,09:44 ~ 10:18,10:18 ~ 10:57
Aeroporto de Sófia,Aeroporto Internacional de Tan Son Nhat,8653,09:36 ~ 10:10,10:10 ~ 10:48
Aeroporto de Sófia,Aeroporto Internacional de Noi Bai,7837,08:42 ~ 09:13,09:13 ~ 09:47
Aeroporto de Sófia,Aeroporto de Frankfurt,1399,01:33 ~ 01:38,01:38 ~ 01:44
Aeroporto de Sófia,Aeroporto de Dublin,2486,02:45 ~ 02:55,02:55 ~ 03:06
Aeroporto de Sófia,Aeroporto de Varsóvia Chopin,1069,01:11 ~ 01:15,01:15 ~ 01:20
Aeroporto de Sófia,Aeroporto de Oslo-Gardermoen,2120,02:21 ~ 02:29,02:29 ~ 02:38
Aeroporto de Sófia,Aeroporto de Roma-Fiumicino,926,01:01 ~ 01:05,01:05 ~ 01:09
Aeroporto de Sófia,Aeroporto de Milão-Malpensa,1217,01:21 ~ 01:25,01:25 ~ 01:31
Aeroporto de Sófia,Aeroporto de Praga,1081,01:12 ~ 01:16,01:16 ~ 01:21
Aeroporto de Sófia,Aeroporto de Heathrow (Londres),2045,02:16 ~ 02:24,02:24 ~ 02:33
Aeroporto de Sófia,Aeroporto de Gatwick (Londres),2015,02:14 ~ 02:22,02:22 ~ 02:31
Aeroporto de Sófia,Aeroporto Internacional de Budapeste Ferenc Liszt,620,00:41 ~ 00:43,00:43 ~ 00:46
Aeroporto de Sófia,Aeroporto de Schiphol (Amsterdã),1756,01:57 ~ 02:03,02:03 ~ 02:11
Aeroporto de Sófia,Aeroporto Internacional de Boryspil (Kiev),1025,01:08 ~ 01:12,01:12 ~ 01:16
Aeroporto de Sófia,Aeroporto de Istambul,488,00:32 ~ 00:34,00:34 ~ 00:36
Aeroporto de Sófia,Aeroporto de Zurique,1281,01:25 ~ 01:30,01:30 ~ 01:36
Aeroporto de Sófia,Aeroporto de Estocolmo-Arlanda,1923,02:08 ~ 02:15,02:15 ~ 02:24
Aeroporto de Sófia,Aeroporto Nikola Tesla (Belgrado),345,00:23 ~ 00:24,00:24 ~ 00:25
Aeroporto de Sófia,Aeroporto Internacional Sheremetyevo (Moscou),1786,01:59 ~ 02:06,02:06 ~ 02:13
Aeroporto de Sófia,Aeroporto de Pulkovo (São Petersburgo),1960,02:10 ~ 02:18,02:18 ~ 02:27
Aeroporto de Sófia,Aeroporto Internacional Henri Coand? (Bucareste),302,00:20 ~ 00:21,00:21 ~ 00:22
Aeroporto de Sófia,Aeroporto Humberto Delgado (Lisboa),2766,03:04 ~ 03:15,03:15 ~ 03:27
Aeroporto de Sófia,Aeroporto Francisco Sá Carneiro (Porto),2648,02:56 ~ 03:06,03:06 ~ 03:18
Aeroporto de Sófia,Aeroporto Internacional de Malta,1080,01:11 ~ 01:16,01:16 ~ 01:21
Aeroporto de Sófia,Aeroporto de Luxemburgo,1530,01:42 ~ 01:48,01:48 ~ 01:54
Aeroporto de Sófia,Aeroporto Internacional de Vilnius,1335,01:29 ~ 01:34,01:34 ~ 01:40
Aeroporto de Sófia,Aeroporto Internacional de Riga,1584,01:45 ~ 01:51,01:51 ~ 01:58
Aeroporto de Sófia,Aeroporto Internacional Madre Teresa (Tirana),335,00:22 ~ 00:23,00:23 ~ 00:25
Aeroporto de Sófia,Aeroporto de Barcelona-El Prat (Espanha),1769,01:57 ~ 02:04,02:04 ~ 02:12
Aeroporto de Sófia,Aeroporto de Toulouse-Blagnac (França),1790,01:59 ~ 02:06,02:06 ~ 02:14
Aeroporto de Sófia,Aeroporto Internacional de Viena,805,00:53 ~ 00:56,00:56 ~ 01:00
Aeroporto de Sófia,Aeroporto de Bruxelas,1701,01:53 ~ 02:00,02:00 ~ 02:07
Aeroporto de Sófia,Aeroporto de Bratislava,778,00:51 ~ 00:54,00:54 ~ 00:58
Aeroporto de Sófia,Aeroporto de Ljubljana Joe Pu?nik,812,00:54 ~ 00:57,00:57 ~ 01:00
Aeroporto de Sófia,Aeroporto Adolfo Suárez Madrid-Barajas,2252,02:30 ~ 02:38,02:38 ~ 02:48
Aeroporto de Sófia,Aeroporto de Barcelona-El Prat,1769,01:57 ~ 02:04,02:04 ~ 02:12
Aeroporto de Sófia,Aeroporto de Tallinn,1862,02:04 ~ 02:11,02:11 ~ 02:19
Aeroporto de Sófia,Aeroporto de Vágar,2949,03:16 ~ 03:28,03:28 ~ 03:41
Aeroporto de Sófia,Aeroporto de Helsinque,1965,02:10 ~ 02:18,02:18 ~ 02:27
Aeroporto de Sófia,Aeroporto Internacional de Brasília,9737,10:49 ~ 11:27,11:27 ~ 12:10
Aeroporto de Sófia,Aeroporto Internacional de Várzea Grande,10369,11:31 ~ 12:11,12:11 ~ 12:57
Aeroporto de Sófia,Aeroporto Internacional de Belém,8644,09:36 ~ 10:10,10:10 ~ 10:48
Aeroporto de Sófia,Aeroporto Internacional de Tabatinga,10234,11:22 ~ 12:02,12:02 ~ 12:47
Aeroporto de Sófia,Aeroporto Internacional de Manaus,9703,10:46 ~ 11:24,11:24 ~ 12:07
Aeroporto de Sófia,Aeroporto Internacional de Macapá,8743,09:42 ~ 10:17,10:17 ~ 10:55
Aeroporto de Sófia,Aeroporto Internacional de Fortaleza,8058,08:57 ~ 09:28,09:28 ~ 10:04
Aeroporto de Sófia,Aeroporto Internacional de Maceió,8284,09:12 ~ 09:44,09:44 ~ 10:21
Aeroporto de Sófia,Aeroporto Internacional de Aracaju,8539,09:29 ~ 10:02,10:02 ~ 10:40
Aeroporto de Sófia,Aeroporto Internacional de Belo Horizonte,9696,10:46 ~ 11:24,11:24 ~ 12:07
Aeroporto de Sófia,Aeroporto Santos Dumont,9958,11:03 ~ 11:42,11:42 ~ 12:26
Aeroporto de Sófia,Aeroporto Internacional do Rio de Janeiro,9955,11:03 ~ 11:42,11:42 ~ 12:26
Aeroporto de Sófia,Aeroporto Internacional de Vitória,9541,10:36 ~ 11:13,11:13 ~ 11:55
Aeroporto de Sófia,Aeroporto Internacional de São José dos Campos,10172,11:18 ~ 11:58,11:58 ~ 12:42
Aeroporto de Sófia,Aeroporto Internacional de Viracopos,10313,11:27 ~ 12:07,12:07 ~ 12:53
Aeroporto de Sófia,Aeroporto Internacional de Curitiba,10568,11:44 ~ 12:25,12:25 ~ 13:12
Aeroporto de Sófia,Aeroporto Internacional de Florianópolis,10714,11:54 ~ 12:36,12:36 ~ 13:23
Aeroporto de Sófia,Aeroporto Internacional de Navegantes,10662,11:50 ~ 12:32,12:32 ~ 13:19
Aeroporto de Sófia,Aeroporto Internacional de Porto Alegre,11077,12:18 ~ 13:01,13:01 ~ 13:50
Aeroporto de Sófia,Aeroporto de Copenhague,2950,03:16 ~ 03:28,03:28 ~ 03:41
Aeroporto de Sófia,Aeroporto Internacional Hartsfield-Jackson Atlanta,8820,09:48 ~ 10:22,10:22 ~ 11:01
Aeroporto de Sófia,Aeroporto de Teresina,8489,09:25 ~ 09:59,09:59 ~ 10:36
Aeroporto de Sófia,Aeroporto Internacional de João Pessoa,8069,08:57 ~ 09:29,09:29 ~ 10:05
Aeroporto de Bratislava,Aeroporto Internacional de Guarulhos,10149,11:16 ~ 11:56,11:56 ~ 12:41
Aeroporto de Bratislava,Aeroporto Internacional do Recife,8054,08:56 ~ 09:28,09:28 ~ 10:04
Aeroporto de Bratislava,Aeroporto Internacional de Salvador,8701,09:40 ~ 10:14,10:14 ~ 10:52
Aeroporto de Bratislava,Aeroporto Internacional de Natal,7859,08:43 ~ 09:14,09:14 ~ 09:49
Aeroporto de Bratislava,Aeroporto Internacional de São Luís,8161,09:04 ~ 09:36,09:36 ~ 10:12
Aeroporto de Bratislava,Aeroporto Internacional Pinto Martins,7886,08:45 ~ 09:16,09:16 ~ 09:51
Aeroporto de Bratislava,Aeroporto Internacional de Nursultan Nazarbayev,3845,04:16 ~ 04:31,04:31 ~ 04:48
Aeroporto de Bratislava,Aeroporto Internacional de Xangai Pudong,8471,09:24 ~ 09:57,09:57 ~ 10:35
Aeroporto de Bratislava,Aeroporto Internacional de Pequim Capital,7429,08:15 ~ 08:44,08:44 ~ 09:17
Aeroporto de Bratislava,Aeroporto Internacional de Pyongyang Sunan,8036,08:55 ~ 09:27,09:27 ~ 10:02
Aeroporto de Bratislava,Aeroporto Internacional de Incheon,8228,09:08 ~ 09:40,09:40 ~ 10:17
Aeroporto de Bratislava,Aeroporto Internacional Ninoy Aquino,9812,10:54 ~ 11:32,11:32 ~ 12:15
Aeroporto de Bratislava,Aeroporto Internacional de Hong Kong,8668,09:37 ~ 10:11,10:11 ~ 10:50
Aeroporto de Bratislava,Aeroporto Internacional Indira Gandhi,5510,06:07 ~ 06:28,06:28 ~ 06:53
Aeroporto de Bratislava,Aeroporto Internacional Soekarno-Hatta (Jacarta),10472,11:38 ~ 12:19,12:19 ~ 13:05
Aeroporto de Bratislava,Aeroporto Internacional Ngurah Rai (Bali),11319,12:34 ~ 13:18,13:18 ~ 14:08
Aeroporto de Bratislava,Aeroporto Internacional de Narita (Tóquio),9138,10:09 ~ 10:45,10:45 ~ 11:25
Aeroporto de Bratislava,Aeroporto Internacional de Haneda (Tóquio),9126,10:08 ~ 10:44,10:44 ~ 11:24
Aeroporto de Bratislava,Aeroporto Internacional de Kansai (Osaka),8985,09:58 ~ 10:34,10:34 ~ 11:13
Aeroporto de Bratislava,Aeroporto Internacional de Wattay (Vientiane),8201,09:06 ~ 09:38,09:38 ~ 10:15
Aeroporto de Bratislava,Aeroporto Internacional de Kuala Lumpur (Sepang),9375,10:24 ~ 11:01,11:01 ~ 11:43
Aeroporto de Bratislava,Aeroporto Internacional de Penang (Penang),9059,10:03 ~ 10:39,10:39 ~ 11:19
Aeroporto de Bratislava,Aeroporto Internacional de Malé,7219,08:01 ~ 08:29,08:29 ~ 09:01
Aeroporto de Bratislava,Aeroporto Internacional de Changi,9658,10:43 ~ 11:21,11:21 ~ 12:04
Aeroporto de Bratislava,Aeroporto Internacional de Suvarnabhumi,8411,09:20 ~ 09:53,09:53 ~ 10:30
Aeroporto de Bratislava,Aeroporto Internacional Don Mueang,8382,09:18 ~ 09:51,09:51 ~ 10:28
Aeroporto de Bratislava,Aeroporto Internacional de Taiwan Taoyuan,8938,09:55 ~ 10:30,10:30 ~ 11:10
Aeroporto de Bratislava,Aeroporto Internacional de Tan Son Nhat,9080,10:05 ~ 10:40,10:40 ~ 11:20
Aeroporto de Bratislava,Aeroporto Internacional de Noi Bai,8179,09:05 ~ 09:37,09:37 ~ 10:13
Aeroporto de Bratislava,Aeroporto de Frankfurt,663,00:44 ~ 00:46,00:46 ~ 00:49
Aeroporto de Bratislava,Aeroporto de Dublin,1744,01:56 ~ 02:03,02:03 ~ 02:10
Aeroporto de Bratislava,Aeroporto de Varsóvia Chopin,518,00:34 ~ 00:36,00:36 ~ 00:38
Aeroporto de Bratislava,Aeroporto de Oslo-Gardermoen,1395,01:33 ~ 01:38,01:38 ~ 01:44
Aeroporto de Bratislava,Aeroporto de Roma-Fiumicino,810,00:54 ~ 00:57,00:57 ~ 01:00
Aeroporto de Bratislava,Aeroporto de Milão-Malpensa,706,00:47 ~ 00:49,00:49 ~ 00:52
Aeroporto de Bratislava,Aeroporto de Praga,303,00:20 ~ 00:21,00:21 ~ 00:22
Aeroporto de Bratislava,Aeroporto de Heathrow (Londres),1320,01:27 ~ 01:33,01:33 ~ 01:38
Aeroporto de Bratislava,Aeroporto de Gatwick (Londres),1295,01:26 ~ 01:31,01:31 ~ 01:37
Aeroporto de Bratislava,Aeroporto Internacional de Budapeste Ferenc Liszt,174,00:11 ~ 00:12,00:12 ~ 00:13
Aeroporto de Bratislava,Aeroporto de Schiphol (Amsterdã),998,01:06 ~ 01:10,01:10 ~ 01:14
Aeroporto de Bratislava,Aeroporto Internacional de Boryspil (Kiev),1023,01:08 ~ 01:12,01:12 ~ 01:16
Aeroporto de Bratislava,Aeroporto de Istambul,1218,01:21 ~ 01:25,01:25 ~ 01:31
Aeroporto de Bratislava,Aeroporto de Zurique,653,00:43 ~ 00:46,00:46 ~ 00:48
Aeroporto de Bratislava,Aeroporto de Estocolmo-Arlanda,1278,01:25 ~ 01:30,01:30 ~ 01:35
Aeroporto de Bratislava,Aeroporto Nikola Tesla (Belgrado),442,00:29 ~ 00:31,00:31 ~ 00:33
Aeroporto de Bratislava,Aeroporto Internacional Sheremetyevo (Moscou),1625,01:48 ~ 01:54,01:54 ~ 02:01
Aeroporto de Bratislava,Aeroporto de Pulkovo (São Petersburgo),1545,01:42 ~ 01:49,01:49 ~ 01:55
Aeroporto de Bratislava,Aeroporto Internacional Henri Coand? (Bucareste),793,00:52 ~ 00:55,00:55 ~ 00:59
Aeroporto de Bratislava,Aeroporto Humberto Delgado (Lisboa),2359,02:37 ~ 02:46,02:46 ~ 02:56
Aeroporto de Bratislava,Aeroporto Francisco Sá Carneiro (Porto),2179,02:25 ~ 02:33,02:33 ~ 02:43
Aeroporto de Bratislava,Aeroporto Internacional de Malta,1387,01:32 ~ 01:37,01:37 ~ 01:44
Aeroporto de Bratislava,Aeroporto de Luxemburgo,822,00:54 ~ 00:58,00:58 ~ 01:01
Aeroporto de Bratislava,Aeroporto Internacional de Vilnius,911,01:00 ~ 01:04,01:04 ~ 01:08
Aeroporto de Bratislava,Aeroporto Internacional de Riga,1075,01:11 ~ 01:15,01:15 ~ 01:20
Aeroporto de Bratislava,Aeroporto Internacional Madre Teresa (Tirana),777,00:51 ~ 00:54,00:54 ~ 00:58
Aeroporto de Bratislava,Aeroporto de Barcelona-El Prat (Espanha),1419,01:34 ~ 01:40,01:40 ~ 01:46
Aeroporto de Bratislava,Aeroporto de Toulouse-Blagnac (França),1325,01:28 ~ 01:33,01:33 ~ 01:39
Aeroporto de Bratislava,Aeroporto Internacional de Viena,48,00:03 ~ 00:03,00:03 ~ 00:03
Aeroporto de Bratislava,Aeroporto de Bruxelas,968,01:04 ~ 01:08,01:08 ~ 01:12
Aeroporto de Bratislava,Aeroporto de Sófia,778,00:51 ~ 00:54,00:54 ~ 00:58
Aeroporto de Bratislava,Aeroporto de Ljubljana Joe Pu?nik,302,00:20 ~ 00:21,00:21 ~ 00:22
Aeroporto de Bratislava,Aeroporto Adolfo Suárez Madrid-Barajas,1856,02:03 ~ 02:11,02:11 ~ 02:19
Aeroporto de Bratislava,Aeroporto de Barcelona-El Prat,1418,01:34 ~ 01:40,01:40 ~ 01:46
Aeroporto de Bratislava,Aeroporto de Tallinn,1344,01:29 ~ 01:34,01:34 ~ 01:40
Aeroporto de Bratislava,Aeroporto de Vágar,2173,02:24 ~ 02:33,02:33 ~ 02:42
Aeroporto de Bratislava,Aeroporto de Helsinque,1441,01:36 ~ 01:41,01:41 ~ 01:48
Aeroporto de Bratislava,Aeroporto Internacional de Brasília,9574,10:38 ~ 11:15,11:15 ~ 11:58
Aeroporto de Bratislava,Aeroporto Internacional de Várzea Grande,10124,11:14 ~ 11:54,11:54 ~ 12:39
Aeroporto de Bratislava,Aeroporto Internacional de Belém,8350,09:16 ~ 09:49,09:49 ~ 10:26
Aeroporto de Bratislava,Aeroporto Internacional de Tabatinga,9801,10:53 ~ 11:31,11:31 ~ 12:15
Aeroporto de Bratislava,Aeroporto Internacional de Manaus,9319,10:21 ~ 10:57,10:57 ~ 11:38
Aeroporto de Bratislava,Aeroporto Internacional de Macapá,8412,09:20 ~ 09:53,09:53 ~ 10:30
Aeroporto de Bratislava,Aeroporto Internacional de Fortaleza,7886,08:45 ~ 09:16,09:16 ~ 09:51
Aeroporto de Bratislava,Aeroporto Internacional de Maceió,8188,09:05 ~ 09:37,09:37 ~ 10:14
Aeroporto de Bratislava,Aeroporto Internacional de Aracaju,8444,09:22 ~ 09:56,09:56 ~ 10:33
Aeroporto de Bratislava,Aeroporto Internacional de Belo Horizonte,9611,10:40 ~ 11:18,11:18 ~ 12:00
Aeroporto de Bratislava,Aeroporto Santos Dumont,9902,11:00 ~ 11:38,11:38 ~ 12:22
Aeroporto de Bratislava,Aeroporto Internacional do Rio de Janeiro,9898,10:59 ~ 11:38,11:38 ~ 12:22
Aeroporto de Bratislava,Aeroporto Internacional de Vitória,9491,10:32 ~ 11:09,11:09 ~ 11:51
Aeroporto de Bratislava,Aeroporto Internacional de São José dos Campos,10092,11:12 ~ 11:52,11:52 ~ 12:36
Aeroporto de Bratislava,Aeroporto Internacional de Viracopos,10215,11:20 ~ 12:01,12:01 ~ 12:46
Aeroporto de Bratislava,Aeroporto Internacional de Curitiba,10476,11:38 ~ 12:19,12:19 ~ 13:05
Aeroporto de Bratislava,Aeroporto Internacional de Florianópolis,10649,11:49 ~ 12:31,12:31 ~ 13:18
Aeroporto de Bratislava,Aeroporto Internacional de Navegantes,10589,11:45 ~ 12:27,12:27 ~ 13:14
Aeroporto de Bratislava,Aeroporto Internacional de Porto Alegre,11009,12:13 ~ 12:57,12:57 ~ 13:45
Aeroporto de Bratislava,Aeroporto de Copenhague,2195,02:26 ~ 02:34,02:34 ~ 02:44
Aeroporto de Bratislava,Aeroporto Internacional Hartsfield-Jackson Atlanta,8079,08:58 ~ 09:30,09:30 ~ 10:05
Aeroporto de Bratislava,Aeroporto de Teresina,8283,09:12 ~ 09:44,09:44 ~ 10:21
Aeroporto de Bratislava,Aeroporto Internacional de João Pessoa,7966,08:51 ~ 09:22,09:22 ~ 09:57
Aeroporto de Ljubljana Joe Pu?nik,Aeroporto Internacional de Guarulhos,9853,10:56 ~ 11:35,11:35 ~ 12:18
Aeroporto de Ljubljana Joe Pu?nik,Aeroporto Internacional do Recife,7757,08:37 ~ 09:07,09:07 ~ 09:41
Aeroporto de Ljubljana Joe Pu?nik,Aeroporto Internacional de Salvador,8405,09:20 ~ 09:53,09:53 ~ 10:30
Aeroporto de Ljubljana Joe Pu?nik,Aeroporto Internacional de Natal,7564,08:24 ~ 08:53,08:53 ~ 09:27
Aeroporto de Ljubljana Joe Pu?nik,Aeroporto Internacional de São Luís,7881,08:45 ~ 09:16,09:16 ~ 09:51
Aeroporto de Ljubljana Joe Pu?nik,Aeroporto Internacional Pinto Martins,7596,08:26 ~ 08:56,08:56 ~ 09:29
Aeroporto de Ljubljana Joe Pu?nik,Aeroporto Internacional de Nursultan Nazarbayev,4130,04:35 ~ 04:51,04:51 ~ 05:09
Aeroporto de Ljubljana Joe Pu?nik,Aeroporto Internacional de Xangai Pudong,8765,09:44 ~ 10:18,10:18 ~ 10:57
Aeroporto de Ljubljana Joe Pu?nik,Aeroporto Internacional de Pequim Capital,7726,08:35 ~ 09:05,09:05 ~ 09:39
Aeroporto de Ljubljana Joe Pu?nik,Aeroporto Internacional de Pyongyang Sunan,8336,09:15 ~ 09:48,09:48 ~ 10:25
Aeroporto de Ljubljana Joe Pu?nik,Aeroporto Internacional de Incheon,8527,09:28 ~ 10:01,10:01 ~ 10:39
Aeroporto de Ljubljana Joe Pu?nik,Aeroporto Internacional Ninoy Aquino,10085,11:12 ~ 11:51,11:51 ~ 12:36
Aeroporto de Ljubljana Joe Pu?nik,Aeroporto Internacional de Hong Kong,8942,09:56 ~ 10:31,10:31 ~ 11:10
Aeroporto de Ljubljana Joe Pu?nik,Aeroporto Internacional Indira Gandhi,5723,06:21 ~ 06:43,06:43 ~ 07:09
Aeroporto de Ljubljana Joe Pu?nik,Aeroporto Internacional Soekarno-Hatta (Jacarta),10667,11:51 ~ 12:32,12:32 ~ 13:20
Aeroporto de Ljubljana Joe Pu?nik,Aeroporto Internacional Ngurah Rai (Bali),11531,12:48 ~ 13:33,13:33 ~ 14:24
Aeroporto de Ljubljana Joe Pu?nik,Aeroporto Internacional de Narita (Tóquio),9440,10:29 ~ 11:06,11:06 ~ 11:48
Aeroporto de Ljubljana Joe Pu?nik,Aeroporto Internacional de Haneda (Tóquio),9428,10:28 ~ 11:05,11:05 ~ 11:47
Aeroporto de Ljubljana Joe Pu?nik,Aeroporto Internacional de Kansai (Osaka),9287,10:19 ~ 10:55,10:55 ~ 11:36
Aeroporto de Ljubljana Joe Pu?nik,Aeroporto Internacional de Wattay (Vientiane),8445,09:22 ~ 09:56,09:56 ~ 10:33
Aeroporto de Ljubljana Joe Pu?nik,Aeroporto Internacional de Kuala Lumpur (Sepang),9579,10:38 ~ 11:16,11:16 ~ 11:58
Aeroporto de Ljubljana Joe Pu?nik,Aeroporto Internacional de Penang (Penang),9266,10:17 ~ 10:54,10:54 ~ 11:34
Aeroporto de Ljubljana Joe Pu?nik,Aeroporto Internacional de Malé,7331,08:08 ~ 08:37,08:37 ~ 09:09
Aeroporto de Ljubljana Joe Pu?nik,Aeroporto Internacional de Changi,9865,10:57 ~ 11:36,11:36 ~ 12:19
Aeroporto de Ljubljana Joe Pu?nik,Aeroporto Internacional de Suvarnabhumi,8640,09:35 ~ 10:09,10:09 ~ 10:48
Aeroporto de Ljubljana Joe Pu?nik,Aeroporto Internacional Don Mueang,8611,09:34 ~ 10:07,10:07 ~ 10:45
Aeroporto de Ljubljana Joe Pu?nik,Aeroporto Internacional de Taiwan Taoyuan,9225,10:15 ~ 10:51,10:51 ~ 11:31
Aeroporto de Ljubljana Joe Pu?nik,Aeroporto Internacional de Tan Son Nhat,9317,10:21 ~ 10:57,10:57 ~ 11:38
Aeroporto de Ljubljana Joe Pu?nik,Aeroporto Internacional de Noi Bai,8437,09:22 ~ 09:55,09:55 ~ 10:32
Aeroporto de Ljubljana Joe Pu?nik,Aeroporto de Frankfurt,609,00:40 ~ 00:42,00:42 ~ 00:45
Aeroporto de Ljubljana Joe Pu?nik,Aeroporto de Dublin,1683,01:52 ~ 01:58,01:58 ~ 02:06
Aeroporto de Ljubljana Joe Pu?nik,Aeroporto de Varsóvia Chopin,813,00:54 ~ 00:57,00:57 ~ 01:00
Aeroporto de Ljubljana Joe Pu?nik,Aeroporto de Oslo-Gardermoen,1572,01:44 ~ 01:50,01:50 ~ 01:57
Aeroporto de Ljubljana Joe Pu?nik,Aeroporto de Roma-Fiumicino,522,00:34 ~ 00:36,00:36 ~ 00:39
Aeroporto de Ljubljana Joe Pu?nik,Aeroporto de Milão-Malpensa,450,00:30 ~ 00:31,00:31 ~ 00:33
Aeroporto de Ljubljana Joe Pu?nik,Aeroporto de Praga,432,00:28 ~ 00:30,00:30 ~ 00:32
Aeroporto de Ljubljana Joe Pu?nik,Aeroporto de Heathrow (Londres),1238,01:22 ~ 01:27,01:27 ~ 01:32
Aeroporto de Ljubljana Joe Pu?nik,Aeroporto de Gatwick (Londres),1207,01:20 ~ 01:25,01:25 ~ 01:30
Aeroporto de Ljubljana Joe Pu?nik,Aeroporto Internacional de Budapeste Ferenc Liszt,390,00:26 ~ 00:27,00:27 ~ 00:29
Aeroporto de Ljubljana Joe Pu?nik,Aeroporto de Schiphol (Amsterdã),976,01:05 ~ 01:08,01:08 ~ 01:13
Aeroporto de Ljubljana Joe Pu?nik,Aeroporto Internacional de Boryspil (Kiev),1300,01:26 ~ 01:31,01:31 ~ 01:37
Aeroporto de Ljubljana Joe Pu?nik,Aeroporto de Istambul,1295,01:26 ~ 01:31,01:31 ~ 01:37
Aeroporto de Ljubljana Joe Pu?nik,Aeroporto de Zurique,471,00:31 ~ 00:33,00:33 ~ 00:35
Aeroporto de Ljubljana Joe Pu?nik,Aeroporto de Estocolmo-Arlanda,1512,01:40 ~ 01:46,01:46 ~ 01:53
Aeroporto de Ljubljana Joe Pu?nik,Aeroporto Nikola Tesla (Belgrado),481,00:32 ~ 00:33,00:33 ~ 00:36
Aeroporto de Ljubljana Joe Pu?nik,Aeroporto Internacional Sheremetyevo (Moscou),1925,02:08 ~ 02:15,02:15 ~ 02:24
Aeroporto de Ljubljana Joe Pu?nik,Aeroporto de Pulkovo (São Petersburgo),1836,02:02 ~ 02:09,02:09 ~ 02:17
Aeroporto de Ljubljana Joe Pu?nik,Aeroporto Internacional Henri Coand? (Bucareste),930,01:02 ~ 01:05,01:05 ~ 01:09
Aeroporto de Ljubljana Joe Pu?nik,Aeroporto Humberto Delgado (Lisboa),2099,02:19 ~ 02:28,02:28 ~ 02:37
Aeroporto de Ljubljana Joe Pu?nik,Aeroporto Francisco Sá Carneiro (Porto),1936,02:09 ~ 02:16,02:16 ~ 02:25
Aeroporto de Ljubljana Joe Pu?nik,Aeroporto Internacional de Malta,1150,01:16 ~ 01:21,01:21 ~ 01:26
Aeroporto de Ljubljana Joe Pu?nik,Aeroporto de Luxemburgo,723,00:48 ~ 00:51,00:51 ~ 00:54
Aeroporto de Ljubljana Joe Pu?nik,Aeroporto Internacional de Vilnius,1209,01:20 ~ 01:25,01:25 ~ 01:30
Aeroporto de Ljubljana Joe Pu?nik,Aeroporto Internacional de Riga,1359,01:30 ~ 01:35,01:35 ~ 01:41
Aeroporto de Ljubljana Joe Pu?nik,Aeroporto Internacional Madre Teresa (Tirana),681,00:45 ~ 00:48,00:48 ~ 00:51
Aeroporto de Ljubljana Joe Pu?nik,Aeroporto de Barcelona-El Prat (Espanha),1136,01:15 ~ 01:20,01:20 ~ 01:25
Aeroporto de Ljubljana Joe Pu?nik,Aeroporto de Toulouse-Blagnac (França),1071,01:11 ~ 01:15,01:15 ~ 01:20
Aeroporto de Ljubljana Joe Pu?nik,Aeroporto Internacional de Viena,264,00:17 ~ 00:18,00:18 ~ 00:19
Aeroporto de Ljubljana Joe Pu?nik,Aeroporto de Bruxelas,901,01:00 ~ 01:03,01:03 ~ 01:07
Aeroporto de Ljubljana Joe Pu?nik,Aeroporto de Sófia,812,00:54 ~ 00:57,00:57 ~ 01:00
Aeroporto de Ljubljana Joe Pu?nik,Aeroporto de Bratislava,302,00:20 ~ 00:21,00:21 ~ 00:22
Aeroporto de Ljubljana Joe Pu?nik,Aeroporto Adolfo Suárez Madrid-Barajas,1589,01:45 ~ 01:52,01:52 ~ 01:59
Aeroporto de Ljubljana Joe Pu?nik,Aeroporto de Barcelona-El Prat,1135,01:15 ~ 01:20,01:20 ~ 01:25
Aeroporto de Ljubljana Joe Pu?nik,Aeroporto de Tallinn,1621,01:48 ~ 01:54,01:54 ~ 02:01
Aeroporto de Ljubljana Joe Pu?nik,Aeroporto de Vágar,2242,02:29 ~ 02:38,02:38 ~ 02:48
Aeroporto de Ljubljana Joe Pu?nik,Aeroporto de Helsinque,1715,01:54 ~ 02:01,02:01 ~ 02:08
Aeroporto de Ljubljana Joe Pu?nik,Aeroporto Internacional de Brasília,9284,10:18 ~ 10:55,10:55 ~ 11:36
Aeroporto de Ljubljana Joe Pu?nik,Aeroporto Internacional de Várzea Grande,9846,10:56 ~ 11:35,11:35 ~ 12:18
Aeroporto de Ljubljana Joe Pu?nik,Aeroporto Internacional de Belém,8079,08:58 ~ 09:30,09:30 ~ 10:05
Aeroporto de Ljubljana Joe Pu?nik,Aeroporto Internacional de Tabatinga,9564,10:37 ~ 11:15,11:15 ~ 11:57
Aeroporto de Ljubljana Joe Pu?nik,Aeroporto Internacional de Manaus,9069,10:04 ~ 10:40,10:40 ~ 11:20
Aeroporto de Ljubljana Joe Pu?nik,Aeroporto Internacional de Macapá,8149,09:03 ~ 09:35,09:35 ~ 10:11
Aeroporto de Ljubljana Joe Pu?nik,Aeroporto Internacional de Fortaleza,7597,08:26 ~ 08:56,08:56 ~ 09:29
Aeroporto de Ljubljana Joe Pu?nik,Aeroporto Internacional de Maceió,7892,08:46 ~ 09:17,09:17 ~ 09:51
Aeroporto de Ljubljana Joe Pu?nik,Aeroporto Internacional de Aracaju,8148,09:03 ~ 09:35,09:35 ~ 10:11
Aeroporto de Ljubljana Joe Pu?nik,Aeroporto Internacional de Belo Horizonte,9314,10:20 ~ 10:57,10:57 ~ 11:38
Aeroporto de Ljubljana Joe Pu?nik,Aeroporto Santos Dumont,9604,10:40 ~ 11:17,11:17 ~ 12:00
Aeroporto de Ljubljana Joe Pu?nik,Aeroporto Internacional do Rio de Janeiro,9599,10:39 ~ 11:17,11:17 ~ 11:59
Aeroporto de Ljubljana Joe Pu?nik,Aeroporto Internacional de Vitória,9192,10:12 ~ 10:48,10:48 ~ 11:29
Aeroporto de Ljubljana Joe Pu?nik,Aeroporto Internacional de São José dos Campos,9795,10:52 ~ 11:31,11:31 ~ 12:14
Aeroporto de Ljubljana Joe Pu?nik,Aeroporto Internacional de Viracopos,9919,11:01 ~ 11:40,11:40 ~ 12:23
Aeroporto de Ljubljana Joe Pu?nik,Aeroporto Internacional de Curitiba,10180,11:18 ~ 11:58,11:58 ~ 12:43
Aeroporto de Ljubljana Joe Pu?nik,Aeroporto Internacional de Florianópolis,10351,11:30 ~ 12:10,12:10 ~ 12:56
Aeroporto de Ljubljana Joe Pu?nik,Aeroporto Internacional de Navegantes,10292,11:26 ~ 12:06,12:06 ~ 12:51
Aeroporto de Ljubljana Joe Pu?nik,Aeroporto Internacional de Porto Alegre,10712,11:54 ~ 12:36,12:36 ~ 13:23
Aeroporto de Ljubljana Joe Pu?nik,Aeroporto de Copenhague,2155,02:23 ~ 02:32,02:32 ~ 02:41
Aeroporto de Ljubljana Joe Pu?nik,Aeroporto Internacional Hartsfield-Jackson Atlanta,8011,08:54 ~ 09:25,09:25 ~ 10:00
Aeroporto de Ljubljana Joe Pu?nik,Aeroporto de Teresina,7998,08:53 ~ 09:24,09:24 ~ 09:59
Aeroporto de Ljubljana Joe Pu?nik,Aeroporto Internacional de João Pessoa,7670,08:31 ~ 09:01,09:01 ~ 09:35
Aeroporto Adolfo Suárez Madrid-Barajas,Aeroporto Internacional de Guarulhos,8355,09:16 ~ 09:49,09:49 ~ 10:26
Aeroporto Adolfo Suárez Madrid-Barajas,Aeroporto Internacional do Recife,6271,06:58 ~ 07:22,07:22 ~ 07:50
Aeroporto Adolfo Suárez Madrid-Barajas,Aeroporto Internacional de Salvador,6915,07:41 ~ 08:08,08:08 ~ 08:38
Aeroporto Adolfo Suárez Madrid-Barajas,Aeroporto Internacional de Natal,6061,06:44 ~ 07:07,07:07 ~ 07:34
Aeroporto Adolfo Suárez Madrid-Barajas,Aeroporto Internacional de São Luís,6310,07:00 ~ 07:25,07:25 ~ 07:53
Aeroporto Adolfo Suárez Madrid-Barajas,Aeroporto Internacional Pinto Martins,6059,06:43 ~ 07:07,07:07 ~ 07:34
Aeroporto Adolfo Suárez Madrid-Barajas,Aeroporto Internacional de Nursultan Nazarbayev,5694,06:19 ~ 06:41,06:41 ~ 07:07
Aeroporto Adolfo Suárez Madrid-Barajas,Aeroporto Internacional de Xangai Pudong,10290,11:26 ~ 12:06,12:06 ~ 12:51
Aeroporto Adolfo Suárez Madrid-Barajas,Aeroporto Internacional de Pequim Capital,9227,10:15 ~ 10:51,10:51 ~ 11:32
Aeroporto Adolfo Suárez Madrid-Barajas,Aeroporto Internacional de Pyongyang Sunan,9789,10:52 ~ 11:30,11:30 ~ 12:14
Aeroporto Adolfo Suárez Madrid-Barajas,Aeroporto Internacional de Incheon,9988,11:05 ~ 11:45,11:45 ~ 12:29
Aeroporto Adolfo Suárez Madrid-Barajas,Aeroporto Internacional Ninoy Aquino,11668,12:57 ~ 13:43,13:43 ~ 14:35
Aeroporto Adolfo Suárez Madrid-Barajas,Aeroporto Internacional de Hong Kong,10524,11:41 ~ 12:22,12:22 ~ 13:09
Aeroporto Adolfo Suárez Madrid-Barajas,Aeroporto Internacional Indira Gandhi,7270,08:04 ~ 08:33,08:33 ~ 09:05
Aeroporto Adolfo Suárez Madrid-Barajas,Aeroporto Internacional Soekarno-Hatta (Jacarta),12159,13:30 ~ 14:18,14:18 ~ 15:11
Aeroporto Adolfo Suárez Madrid-Barajas,Aeroporto Internacional Ngurah Rai (Bali),13058,14:30 ~ 15:21,15:21 ~ 16:19
Aeroporto Adolfo Suárez Madrid-Barajas,Aeroporto Internacional de Narita (Tóquio),10795,11:59 ~ 12:41,12:41 ~ 13:29
Aeroporto Adolfo Suárez Madrid-Barajas,Aeroporto Internacional de Haneda (Tóquio),10791,11:59 ~ 12:41,12:41 ~ 13:29
Aeroporto Adolfo Suárez Madrid-Barajas,Aeroporto Internacional de Kansai (Osaka),10700,11:53 ~ 12:35,12:35 ~ 13:22
Aeroporto Adolfo Suárez Madrid-Barajas,Aeroporto Internacional de Wattay (Vientiane),10026,11:08 ~ 11:47,11:47 ~ 12:31
Aeroporto Adolfo Suárez Madrid-Barajas,Aeroporto Internacional de Kuala Lumpur (Sepang),11097,12:19 ~ 13:03,13:03 ~ 13:52
Aeroporto Adolfo Suárez Madrid-Barajas,Aeroporto Internacional de Penang (Penang),10791,11:59 ~ 12:41,12:41 ~ 13:29
Aeroporto Adolfo Suárez Madrid-Barajas,Aeroporto Internacional de Malé,8617,09:34 ~ 10:08,10:08 ~ 10:46
Aeroporto Adolfo Suárez Madrid-Barajas,Aeroporto Internacional de Changi,11388,12:39 ~ 13:23,13:23 ~ 14:14
Aeroporto Adolfo Suárez Madrid-Barajas,Aeroporto Internacional de Suvarnabhumi,10205,11:20 ~ 12:00,12:00 ~ 12:45
Aeroporto Adolfo Suárez Madrid-Barajas,Aeroporto Internacional Don Mueang,10177,11:18 ~ 11:58,11:58 ~ 12:43
Aeroporto Adolfo Suárez Madrid-Barajas,Aeroporto Internacional de Taiwan Taoyuan,10780,11:58 ~ 12:40,12:40 ~ 13:28
Aeroporto Adolfo Suárez Madrid-Barajas,Aeroporto Internacional de Tan Son Nhat,10891,12:06 ~ 12:48,12:48 ~ 13:36
Aeroporto Adolfo Suárez Madrid-Barajas,Aeroporto Internacional de Noi Bai,10025,11:08 ~ 11:47,11:47 ~ 12:31
Aeroporto Adolfo Suárez Madrid-Barajas,Aeroporto de Frankfurt,1422,01:34 ~ 01:40,01:40 ~ 01:46
Aeroporto Adolfo Suárez Madrid-Barajas,Aeroporto de Dublin,1453,01:36 ~ 01:42,01:42 ~ 01:48
Aeroporto Adolfo Suárez Madrid-Barajas,Aeroporto de Varsóvia Chopin,2274,02:31 ~ 02:40,02:40 ~ 02:50
Aeroporto Adolfo Suárez Madrid-Barajas,Aeroporto de Oslo-Gardermoen,2417,02:41 ~ 02:50,02:50 ~ 03:01
Aeroporto Adolfo Suárez Madrid-Barajas,Aeroporto de Roma-Fiumicino,1332,01:28 ~ 01:34,01:34 ~ 01:39
Aeroporto Adolfo Suárez Madrid-Barajas,Aeroporto de Milão-Malpensa,1150,01:16 ~ 01:21,01:21 ~ 01:26
Aeroporto Adolfo Suárez Madrid-Barajas,Aeroporto de Praga,1752,01:56 ~ 02:03,02:03 ~ 02:11
Aeroporto Adolfo Suárez Madrid-Barajas,Aeroporto de Heathrow (Londres),1245,01:23 ~ 01:27,01:27 ~ 01:33
Aeroporto Adolfo Suárez Madrid-Barajas,Aeroporto de Gatwick (Londres),1214,01:20 ~ 01:25,01:25 ~ 01:31
Aeroporto Adolfo Suárez Madrid-Barajas,Aeroporto Internacional de Budapeste Ferenc Liszt,1978,02:11 ~ 02:19,02:19 ~ 02:28
Aeroporto Adolfo Suárez Madrid-Barajas,Aeroporto de Schiphol (Amsterdã),1460,01:37 ~ 01:43,01:43 ~ 01:49
Aeroporto Adolfo Suárez Madrid-Barajas,Aeroporto Internacional de Boryspil (Kiev),2879,03:11 ~ 03:23,03:23 ~ 03:35
Aeroporto Adolfo Suárez Madrid-Barajas,Aeroporto de Istambul,2719,03:01 ~ 03:11,03:11 ~ 03:23
Aeroporto Adolfo Suárez Madrid-Barajas,Aeroporto de Zurique,1240,01:22 ~ 01:27,01:27 ~ 01:33
Aeroporto Adolfo Suárez Madrid-Barajas,Aeroporto de Estocolmo-Arlanda,2603,02:53 ~ 03:03,03:03 ~ 03:15
Aeroporto Adolfo Suárez Madrid-Barajas,Aeroporto Nikola Tesla (Belgrado),2006,02:13 ~ 02:21,02:21 ~ 02:30
Aeroporto Adolfo Suárez Madrid-Barajas,Aeroporto Internacional Sheremetyevo (Moscou),3427,03:48 ~ 04:01,04:01 ~ 04:17
Aeroporto Adolfo Suárez Madrid-Barajas,Aeroporto de Pulkovo (São Petersburgo),3173,03:31 ~ 03:43,03:43 ~ 03:57
Aeroporto Adolfo Suárez Madrid-Barajas,Aeroporto Internacional Henri Coand? (Bucareste),2465,02:44 ~ 02:53,02:53 ~ 03:04
Aeroporto Adolfo Suárez Madrid-Barajas,Aeroporto Humberto Delgado (Lisboa),516,00:34 ~ 00:36,00:36 ~ 00:38
Aeroporto Adolfo Suárez Madrid-Barajas,Aeroporto Francisco Sá Carneiro (Porto),439,00:29 ~ 00:30,00:30 ~ 00:32
Aeroporto Adolfo Suárez Madrid-Barajas,Aeroporto Internacional de Malta,1658,01:50 ~ 01:57,01:57 ~ 02:04
Aeroporto Adolfo Suárez Madrid-Barajas,Aeroporto de Luxemburgo,1272,01:24 ~ 01:29,01:29 ~ 01:35
Aeroporto Adolfo Suárez Madrid-Barajas,Aeroporto Internacional de Vilnius,2650,02:56 ~ 03:07,03:07 ~ 03:18
Aeroporto Adolfo Suárez Madrid-Barajas,Aeroporto Internacional de Riga,2696,02:59 ~ 03:10,03:10 ~ 03:22
Aeroporto Adolfo Suárez Madrid-Barajas,Aeroporto Internacional Madre Teresa (Tirana),1957,02:10 ~ 02:18,02:18 ~ 02:26
Aeroporto Adolfo Suárez Madrid-Barajas,Aeroporto de Barcelona-El Prat (Espanha),483,00:32 ~ 00:34,00:34 ~ 00:36
Aeroporto Adolfo Suárez Madrid-Barajas,Aeroporto de Toulouse-Blagnac (França),538,00:35 ~ 00:37,00:37 ~ 00:40
Aeroporto Adolfo Suárez Madrid-Barajas,Aeroporto Internacional de Viena,1808,02:00 ~ 02:07,02:07 ~ 02:15
Aeroporto Adolfo Suárez Madrid-Barajas,Aeroporto de Bruxelas,1315,01:27 ~ 01:32,01:32 ~ 01:38
Aeroporto Adolfo Suárez Madrid-Barajas,Aeroporto de Sófia,2252,02:30 ~ 02:38,02:38 ~ 02:48
Aeroporto Adolfo Suárez Madrid-Barajas,Aeroporto de Bratislava,1856,02:03 ~ 02:11,02:11 ~ 02:19
Aeroporto Adolfo Suárez Madrid-Barajas,Aeroporto de Ljubljana Joe Pu?nik,1589,01:45 ~ 01:52,01:52 ~ 01:59
Aeroporto Adolfo Suárez Madrid-Barajas,Aeroporto de Barcelona-El Prat,483,00:32 ~ 00:34,00:34 ~ 00:36
Aeroporto Adolfo Suárez Madrid-Barajas,Aeroporto de Tallinn,2886,03:12 ~ 03:23,03:23 ~ 03:36
Aeroporto Adolfo Suárez Madrid-Barajas,Aeroporto de Vágar,2414,02:40 ~ 02:50,02:50 ~ 03:01
Aeroporto Adolfo Suárez Madrid-Barajas,Aeroporto de Helsinque,2951,03:16 ~ 03:28,03:28 ~ 03:41
Aeroporto Adolfo Suárez Madrid-Barajas,Aeroporto Internacional de Brasília,7742,08:36 ~ 09:06,09:06 ~ 09:40
Aeroporto Adolfo Suárez Madrid-Barajas,Aeroporto Internacional de Várzea Grande,8270,09:11 ~ 09:43,09:43 ~ 10:20
Aeroporto Adolfo Suárez Madrid-Barajas,Aeroporto Internacional de Belém,6494,07:12 ~ 07:38,07:38 ~ 08:07
Aeroporto Adolfo Suárez Madrid-Barajas,Aeroporto Internacional de Tabatinga,7993,08:52 ~ 09:24,09:24 ~ 09:59
Aeroporto Adolfo Suárez Madrid-Barajas,Aeroporto Internacional de Manaus,7484,08:18 ~ 08:48,08:48 ~ 09:21
Aeroporto Adolfo Suárez Madrid-Barajas,Aeroporto Internacional de Macapá,6560,07:17 ~ 07:43,07:43 ~ 08:11
Aeroporto Adolfo Suárez Madrid-Barajas,Aeroporto Internacional de Fortaleza,6059,06:43 ~ 07:07,07:07 ~ 07:34
Aeroporto Adolfo Suárez Madrid-Barajas,Aeroporto Internacional de Maceió,6403,07:06 ~ 07:31,07:31 ~ 08:00
Aeroporto Adolfo Suárez Madrid-Barajas,Aeroporto Internacional de Aracaju,6658,07:23 ~ 07:49,07:49 ~ 08:19
Aeroporto Adolfo Suárez Madrid-Barajas,Aeroporto Internacional de Belo Horizonte,7821,08:41 ~ 09:12,09:12 ~ 09:46
Aeroporto Adolfo Suárez Madrid-Barajas,Aeroporto Santos Dumont,8129,09:01 ~ 09:33,09:33 ~ 10:09
Aeroporto Adolfo Suárez Madrid-Barajas,Aeroporto Internacional do Rio de Janeiro,8123,09:01 ~ 09:33,09:33 ~ 10:09
Aeroporto Adolfo Suárez Madrid-Barajas,Aeroporto Internacional de Vitória,7726,08:35 ~ 09:05,09:05 ~ 09:39
Aeroporto Adolfo Suárez Madrid-Barajas,Aeroporto Internacional de São José dos Campos,8301,09:13 ~ 09:45,09:45 ~ 10:22
Aeroporto Adolfo Suárez Madrid-Barajas,Aeroporto Internacional de Viracopos,8411,09:20 ~ 09:53,09:53 ~ 10:30
Aeroporto Adolfo Suárez Madrid-Barajas,Aeroporto Internacional de Curitiba,8674,09:38 ~ 10:12,10:12 ~ 10:50
Aeroporto Adolfo Suárez Madrid-Barajas,Aeroporto Internacional de Florianópolis,8863,09:50 ~ 10:25,10:25 ~ 11:04
Aeroporto Adolfo Suárez Madrid-Barajas,Aeroporto Internacional de Navegantes,8799,09:46 ~ 10:21,10:21 ~ 10:59
Aeroporto Adolfo Suárez Madrid-Barajas,Aeroporto Internacional de Porto Alegre,9219,10:14 ~ 10:50,10:50 ~ 11:31
Aeroporto Adolfo Suárez Madrid-Barajas,Aeroporto de Copenhague,1811,02:00 ~ 02:07,02:07 ~ 02:15
Aeroporto Adolfo Suárez Madrid-Barajas,Aeroporto Internacional Hartsfield-Jackson Atlanta,6977,07:45 ~ 08:12,08:12 ~ 08:43
Aeroporto Adolfo Suárez Madrid-Barajas,Aeroporto de Teresina,6441,07:09 ~ 07:34,07:34 ~ 08:03
Aeroporto Adolfo Suárez Madrid-Barajas,Aeroporto Internacional de João Pessoa,6177,06:51 ~ 07:16,07:16 ~ 07:43
Aeroporto de Barcelona-El Prat,Aeroporto Internacional de Guarulhos,8743,09:42 ~ 10:17,10:17 ~ 10:55
Aeroporto de Barcelona-El Prat,Aeroporto Internacional do Recife,6650,07:23 ~ 07:49,07:49 ~ 08:18
Aeroporto de Barcelona-El Prat,Aeroporto Internacional de Salvador,7297,08:06 ~ 08:35,08:35 ~ 09:07
Aeroporto de Barcelona-El Prat,Aeroporto Internacional de Natal,6450,07:10 ~ 07:35,07:35 ~ 08:03
Aeroporto de Barcelona-El Prat,Aeroporto Internacional de São Luís,6745,07:29 ~ 07:56,07:56 ~ 08:25
Aeroporto de Barcelona-El Prat,Aeroporto Internacional Pinto Martins,6469,07:11 ~ 07:36,07:36 ~ 08:05
Aeroporto de Barcelona-El Prat,Aeroporto Internacional de Nursultan Nazarbayev,5263,05:50 ~ 06:11,06:11 ~ 06:34
Aeroporto de Barcelona-El Prat,Aeroporto Internacional de Xangai Pudong,9886,10:59 ~ 11:37,11:37 ~ 12:21
Aeroporto de Barcelona-El Prat,Aeroporto Internacional de Pequim Capital,8835,09:48 ~ 10:23,10:23 ~ 11:02
Aeroporto de Barcelona-El Prat,Aeroporto Internacional de Pyongyang Sunan,9422,10:28 ~ 11:05,11:05 ~ 11:46
Aeroporto de Barcelona-El Prat,Aeroporto Internacional de Incheon,9618,10:41 ~ 11:18,11:18 ~ 12:01
Aeroporto de Barcelona-El Prat,Aeroporto Internacional Ninoy Aquino,11219,12:27 ~ 13:11,13:11 ~ 14:01
Aeroporto de Barcelona-El Prat,Aeroporto Internacional de Hong Kong,10076,11:11 ~ 11:51,11:51 ~ 12:35
Aeroporto de Barcelona-El Prat,Aeroporto Internacional Indira Gandhi,6789,07:32 ~ 07:59,07:59 ~ 08:29
Aeroporto de Barcelona-El Prat,Aeroporto Internacional Soekarno-Hatta (Jacarta),11677,12:58 ~ 13:44,13:44 ~ 14:35
Aeroporto de Barcelona-El Prat,Aeroporto Internacional Ngurah Rai (Bali),12575,13:58 ~ 14:47,14:47 ~ 15:43
Aeroporto de Barcelona-El Prat,Aeroporto Internacional de Narita (Tóquio),10474,11:38 ~ 12:19,12:19 ~ 13:05
Aeroporto de Barcelona-El Prat,Aeroporto Internacional de Haneda (Tóquio),10467,11:37 ~ 12:18,12:18 ~ 13:05
Aeroporto de Barcelona-El Prat,Aeroporto Internacional de Kansai (Osaka),10353,11:30 ~ 12:10,12:10 ~ 12:56
Aeroporto de Barcelona-El Prat,Aeroporto Internacional de Wattay (Vientiane),9552,10:36 ~ 11:14,11:14 ~ 11:56
Aeroporto de Barcelona-El Prat,Aeroporto Internacional de Kuala Lumpur (Sepang),10614,11:47 ~ 12:29,12:29 ~ 13:16
Aeroporto de Barcelona-El Prat,Aeroporto Internacional de Penang (Penang),10308,11:27 ~ 12:07,12:07 ~ 12:53
Aeroporto de Barcelona-El Prat,Aeroporto Internacional de Malé,8158,09:03 ~ 09:35,09:35 ~ 10:11
Aeroporto de Barcelona-El Prat,Aeroporto Internacional de Changi,10905,12:07 ~ 12:49,12:49 ~ 13:37
Aeroporto de Barcelona-El Prat,Aeroporto Internacional de Suvarnabhumi,9726,10:48 ~ 11:26,11:26 ~ 12:09
Aeroporto de Barcelona-El Prat,Aeroporto Internacional Don Mueang,9698,10:46 ~ 11:24,11:24 ~ 12:07
Aeroporto de Barcelona-El Prat,Aeroporto Internacional de Taiwan Taoyuan,10357,11:30 ~ 12:11,12:11 ~ 12:56
Aeroporto de Barcelona-El Prat,Aeroporto Internacional de Tan Son Nhat,10414,11:34 ~ 12:15,12:15 ~ 13:01
Aeroporto de Barcelona-El Prat,Aeroporto Internacional de Noi Bai,9561,10:37 ~ 11:14,11:14 ~ 11:57
Aeroporto de Barcelona-El Prat,Aeroporto de Frankfurt,1094,01:12 ~ 01:17,01:17 ~ 01:22
Aeroporto de Barcelona-El Prat,Aeroporto de Dublin,1485,01:38 ~ 01:44,01:44 ~ 01:51
Aeroporto de Barcelona-El Prat,Aeroporto de Varsóvia Chopin,1873,02:04 ~ 02:12,02:12 ~ 02:20
Aeroporto de Barcelona-El Prat,Aeroporto de Oslo-Gardermoen,2193,02:26 ~ 02:34,02:34 ~ 02:44
Aeroporto de Barcelona-El Prat,Aeroporto de Roma-Fiumicino,849,00:56 ~ 00:59,00:59 ~ 01:03
Aeroporto de Barcelona-El Prat,Aeroporto de Milão-Malpensa,721,00:48 ~ 00:50,00:50 ~ 00:54
Aeroporto de Barcelona-El Prat,Aeroporto de Praga,1360,01:30 ~ 01:36,01:36 ~ 01:42
Aeroporto de Barcelona-El Prat,Aeroporto de Heathrow (Londres),1148,01:16 ~ 01:21,01:21 ~ 01:26
Aeroporto de Barcelona-El Prat,Aeroporto de Gatwick (Londres),1109,01:13 ~ 01:18,01:18 ~ 01:23
Aeroporto de Barcelona-El Prat,Aeroporto Internacional de Budapeste Ferenc Liszt,1525,01:41 ~ 01:47,01:47 ~ 01:54
Aeroporto de Barcelona-El Prat,Aeroporto de Schiphol (Amsterdã),1241,01:22 ~ 01:27,01:27 ~ 01:33
Aeroporto de Barcelona-El Prat,Aeroporto Internacional de Boryspil (Kiev),2435,02:42 ~ 02:51,02:51 ~ 03:02
Aeroporto de Barcelona-El Prat,Aeroporto de Istambul,2236,02:29 ~ 02:37,02:37 ~ 02:47
Aeroporto de Barcelona-El Prat,Aeroporto de Zurique,857,00:57 ~ 01:00,01:00 ~ 01:04
Aeroporto de Barcelona-El Prat,Aeroporto de Estocolmo-Arlanda,2317,02:34 ~ 02:43,02:43 ~ 02:53
Aeroporto de Barcelona-El Prat,Aeroporto Nikola Tesla (Belgrado),1531,01:42 ~ 01:48,01:48 ~ 01:54
Aeroporto de Barcelona-El Prat,Aeroporto Internacional Sheremetyevo (Moscou),3024,03:21 ~ 03:33,03:33 ~ 03:46
Aeroporto de Barcelona-El Prat,Aeroporto de Pulkovo (São Petersburgo),2827,03:08 ~ 03:19,03:19 ~ 03:32
Aeroporto de Barcelona-El Prat,Aeroporto Internacional Henri Coand? (Bucareste),1988,02:12 ~ 02:20,02:20 ~ 02:29
Aeroporto de Barcelona-El Prat,Aeroporto Humberto Delgado (Lisboa),997,01:06 ~ 01:10,01:10 ~ 01:14
Aeroporto de Barcelona-El Prat,Aeroporto Francisco Sá Carneiro (Porto),900,01:00 ~ 01:03,01:03 ~ 01:07
Aeroporto de Barcelona-El Prat,Aeroporto Internacional de Malta,1236,01:22 ~ 01:27,01:27 ~ 01:32
Aeroporto de Barcelona-El Prat,Aeroporto de Luxemburgo,980,01:05 ~ 01:09,01:09 ~ 01:13
Aeroporto de Barcelona-El Prat,Aeroporto Internacional de Vilnius,2262,02:30 ~ 02:39,02:39 ~ 02:49
Aeroporto de Barcelona-El Prat,Aeroporto Internacional de Riga,2341,02:36 ~ 02:45,02:45 ~ 02:55
Aeroporto de Barcelona-El Prat,Aeroporto Internacional Madre Teresa (Tirana),1475,01:38 ~ 01:44,01:44 ~ 01:50
Aeroporto de Barcelona-El Prat,Aeroporto de Barcelona-El Prat (Espanha),1,00:00 ~ 00:00,00:00 ~ 00:00
Aeroporto de Barcelona-El Prat,Aeroporto de Toulouse-Blagnac (França),267,00:17 ~ 00:18,00:18 ~ 00:20
Aeroporto de Barcelona-El Prat,Aeroporto Internacional de Viena,1372,01:31 ~ 01:36,01:36 ~ 01:42
Aeroporto de Barcelona-El Prat,Aeroporto de Bruxelas,1084,01:12 ~ 01:16,01:16 ~ 01:21
Aeroporto de Barcelona-El Prat,Aeroporto de Sófia,1769,01:57 ~ 02:04,02:04 ~ 02:12
Aeroporto de Barcelona-El Prat,Aeroporto de Bratislava,1418,01:34 ~ 01:40,01:40 ~ 01:46
Aeroporto de Barcelona-El Prat,Aeroporto de Ljubljana Joe Pu?nik,1135,01:15 ~ 01:20,01:20 ~ 01:25
Aeroporto de Barcelona-El Prat,Aeroporto Adolfo Suárez Madrid-Barajas,483,00:32 ~ 00:34,00:34 ~ 00:36
Aeroporto de Barcelona-El Prat,Aeroporto de Tallinn,2557,02:50 ~ 03:00,03:00 ~ 03:11
Aeroporto de Barcelona-El Prat,Aeroporto de Vágar,2394,02:39 ~ 02:48,02:48 ~ 02:59
Aeroporto de Barcelona-El Prat,Aeroporto de Helsinque,2632,02:55 ~ 03:05,03:05 ~ 03:17
Aeroporto de Barcelona-El Prat,Aeroporto Internacional de Brasília,8156,09:03 ~ 09:35,09:35 ~ 10:11
Aeroporto de Barcelona-El Prat,Aeroporto Internacional de Várzea Grande,8711,09:40 ~ 10:14,10:14 ~ 10:53
Aeroporto de Barcelona-El Prat,Aeroporto Internacional de Belém,6945,07:43 ~ 08:10,08:10 ~ 08:40
Aeroporto de Barcelona-El Prat,Aeroporto Internacional de Tabatinga,8471,09:24 ~ 09:57,09:57 ~ 10:35
Aeroporto de Barcelona-El Prat,Aeroporto Internacional de Manaus,7955,08:50 ~ 09:21,09:21 ~ 09:56
Aeroporto de Barcelona-El Prat,Aeroporto Internacional de Macapá,7021,07:48 ~ 08:15,08:15 ~ 08:46
Aeroporto de Barcelona-El Prat,Aeroporto Internacional de Fortaleza,6469,07:11 ~ 07:36,07:36 ~ 08:05
Aeroporto de Barcelona-El Prat,Aeroporto Internacional de Maceió,6784,07:32 ~ 07:58,07:58 ~ 08:28
Aeroporto de Barcelona-El Prat,Aeroporto Internacional de Aracaju,7040,07:49 ~ 08:16,08:16 ~ 08:48
Aeroporto de Barcelona-El Prat,Aeroporto Internacional de Belo Horizonte,8206,09:07 ~ 09:39,09:39 ~ 10:15
Aeroporto de Barcelona-El Prat,Aeroporto Santos Dumont,8504,09:26 ~ 10:00,10:00 ~ 10:37
Aeroporto de Barcelona-El Prat,Aeroporto Internacional do Rio de Janeiro,8499,09:26 ~ 09:59,09:59 ~ 10:37
Aeroporto de Barcelona-El Prat,Aeroporto Internacional de Vitória,8096,08:59 ~ 09:31,09:31 ~ 10:07
Aeroporto de Barcelona-El Prat,Aeroporto Internacional de São José dos Campos,8687,09:39 ~ 10:13,10:13 ~ 10:51
Aeroporto de Barcelona-El Prat,Aeroporto Internacional de Viracopos,8805,09:46 ~ 10:21,10:21 ~ 11:00
Aeroporto de Barcelona-El Prat,Aeroporto Internacional de Curitiba,9067,10:04 ~ 10:40,10:40 ~ 11:20
Aeroporto de Barcelona-El Prat,Aeroporto Internacional de Florianópolis,9246,10:16 ~ 10:52,10:52 ~ 11:33
Aeroporto de Barcelona-El Prat,Aeroporto Internacional de Navegantes,9185,10:12 ~ 10:48,10:48 ~ 11:28
Aeroporto de Barcelona-El Prat,Aeroporto Internacional de Porto Alegre,9605,10:40 ~ 11:18,11:18 ~ 12:00
Aeroporto de Barcelona-El Prat,Aeroporto de Copenhague,1921,02:08 ~ 02:15,02:15 ~ 02:24
Aeroporto de Barcelona-El Prat,Aeroporto Internacional Hartsfield-Jackson Atlanta,7376,08:11 ~ 08:40,08:40 ~ 09:13
Aeroporto de Barcelona-El Prat,Aeroporto de Teresina,6865,07:37 ~ 08:04,08:04 ~ 08:34
Aeroporto de Barcelona-El Prat,Aeroporto Internacional de João Pessoa,6560,07:17 ~ 07:43,07:43 ~ 08:11
Aeroporto de Tallinn,Aeroporto Internacional de Guarulhos,11222,12:28 ~ 13:12,13:12 ~ 14:01
Aeroporto de Tallinn,Aeroporto Internacional do Recife,9149,10:09 ~ 10:45,10:45 ~ 11:26
Aeroporto de Tallinn,Aeroporto Internacional de Salvador,9790,10:52 ~ 11:31,11:31 ~ 12:14
Aeroporto de Tallinn,Aeroporto Internacional de Natal,8933,09:55 ~ 10:30,10:30 ~ 11:09
Aeroporto de Tallinn,Aeroporto Internacional de São Luís,9086,10:05 ~ 10:41,10:41 ~ 11:21
Aeroporto de Tallinn,Aeroporto Internacional Pinto Martins,8902,09:53 ~ 10:28,10:28 ~ 11:07
Aeroporto de Tallinn,Aeroporto Internacional de Nursultan Nazarbayev,3041,03:22 ~ 03:34,03:34 ~ 03:48
Aeroporto de Tallinn,Aeroporto Internacional de Xangai Pudong,7456,08:17 ~ 08:46,08:46 ~ 09:19
Aeroporto de Tallinn,Aeroporto Internacional de Pequim Capital,6375,07:04 ~ 07:30,07:30 ~ 07:58
Aeroporto de Tallinn,Aeroporto Internacional de Pyongyang Sunan,6908,07:40 ~ 08:07,08:07 ~ 08:38
Aeroporto de Tallinn,Aeroporto Internacional de Incheon,7108,07:53 ~ 08:21,08:21 ~ 08:53
Aeroporto de Tallinn,Aeroporto Internacional Ninoy Aquino,8977,09:58 ~ 10:33,10:33 ~ 11:13
Aeroporto de Tallinn,Aeroporto Internacional de Hong Kong,7848,08:43 ~ 09:13,09:13 ~ 09:48
Aeroporto de Tallinn,Aeroporto Internacional Indira Gandhi,5208,05:47 ~ 06:07,06:07 ~ 06:30
Aeroporto de Tallinn,Aeroporto Internacional Soekarno-Hatta (Jacarta),10129,11:15 ~ 11:54,11:54 ~ 12:39
Aeroporto de Tallinn,Aeroporto Internacional Ngurah Rai (Bali),10858,12:03 ~ 12:46,12:46 ~ 13:34
Aeroporto de Tallinn,Aeroporto Internacional de Narita (Tóquio),7920,08:48 ~ 09:19,09:19 ~ 09:54
Aeroporto de Tallinn,Aeroporto Internacional de Haneda (Tóquio),7913,08:47 ~ 09:18,09:18 ~ 09:53
Aeroporto de Tallinn,Aeroporto Internacional de Kansai (Osaka),7814,08:40 ~ 09:11,09:11 ~ 09:46
Aeroporto de Tallinn,Aeroporto Internacional de Wattay (Vientiane),7611,08:27 ~ 08:57,08:57 ~ 09:30
Aeroporto de Tallinn,Aeroporto Internacional de Kuala Lumpur (Sepang),9005,10:00 ~ 10:35,10:35 ~ 11:15
Aeroporto de Tallinn,Aeroporto Internacional de Penang (Penang),8681,09:38 ~ 10:12,10:12 ~ 10:51
Aeroporto de Tallinn,Aeroporto Internacional de Malé,7393,08:12 ~ 08:41,08:41 ~ 09:14
Aeroporto de Tallinn,Aeroporto Internacional de Changi,9265,10:17 ~ 10:54,10:54 ~ 11:34
Aeroporto de Tallinn,Aeroporto Internacional de Suvarnabhumi,7911,08:47 ~ 09:18,09:18 ~ 09:53
Aeroporto de Tallinn,Aeroporto Internacional Don Mueang,7881,08:45 ~ 09:16,09:16 ~ 09:51
Aeroporto de Tallinn,Aeroporto Internacional de Taiwan Taoyuan,7991,08:52 ~ 09:24,09:24 ~ 09:59
Aeroporto de Tallinn,Aeroporto Internacional de Tan Son Nhat,8516,09:27 ~ 10:01,10:01 ~ 10:38
Aeroporto de Tallinn,Aeroporto Internacional de Noi Bai,7493,08:19 ~ 08:48,08:48 ~ 09:21
Aeroporto de Tallinn,Aeroporto de Frankfurt,1470,01:38 ~ 01:43,01:43 ~ 01:50
Aeroporto de Tallinn,Aeroporto de Dublin,2007,02:13 ~ 02:21,02:21 ~ 02:30
Aeroporto de Tallinn,Aeroporto de Varsóvia Chopin,841,00:56 ~ 00:59,00:59 ~ 01:03
Aeroporto de Tallinn,Aeroporto de Oslo-Gardermoen,773,00:51 ~ 00:54,00:54 ~ 00:57
Aeroporto de Tallinn,Aeroporto de Roma-Fiumicino,2143,02:22 ~ 02:31,02:31 ~ 02:40
Aeroporto de Tallinn,Aeroporto de Milão-Malpensa,1872,02:04 ~ 02:12,02:12 ~ 02:20
Aeroporto de Tallinn,Aeroporto de Praga,1236,01:22 ~ 01:27,01:27 ~ 01:32
Aeroporto de Tallinn,Aeroporto de Heathrow (Londres),1811,02:00 ~ 02:07,02:07 ~ 02:15
Aeroporto de Tallinn,Aeroporto de Gatwick (Londres),1820,02:01 ~ 02:08,02:08 ~ 02:16
Aeroporto de Tallinn,Aeroporto Internacional de Budapeste Ferenc Liszt,1381,01:32 ~ 01:37,01:37 ~ 01:43
Aeroporto de Tallinn,Aeroporto de Schiphol (Amsterdã),1475,01:38 ~ 01:44,01:44 ~ 01:50
Aeroporto de Tallinn,Aeroporto Internacional de Boryspil (Kiev),1081,01:12 ~ 01:16,01:16 ~ 01:21
Aeroporto de Tallinn,Aeroporto de Istambul,2069,02:17 ~ 02:26,02:26 ~ 02:35
Aeroporto de Tallinn,Aeroporto de Zurique,1704,01:53 ~ 02:00,02:00 ~ 02:07
Aeroporto de Tallinn,Aeroporto de Estocolmo-Arlanda,391,00:26 ~ 00:27,00:27 ~ 00:29
Aeroporto de Tallinn,Aeroporto Nikola Tesla (Belgrado),1651,01:50 ~ 01:56,01:56 ~ 02:03
Aeroporto de Tallinn,Aeroporto Internacional Sheremetyevo (Moscou),842,00:56 ~ 00:59,00:59 ~ 01:03
Aeroporto de Tallinn,Aeroporto de Pulkovo (São Petersburgo),311,00:20 ~ 00:21,00:21 ~ 00:23
Aeroporto de Tallinn,Aeroporto Internacional Henri Coand? (Bucareste),1654,01:50 ~ 01:56,01:56 ~ 02:04
Aeroporto de Tallinn,Aeroporto Humberto Delgado (Lisboa),3314,03:40 ~ 03:53,03:53 ~ 04:08
Aeroporto de Tallinn,Aeroporto Francisco Sá Carneiro (Porto),3069,03:24 ~ 03:36,03:36 ~ 03:50
Aeroporto de Tallinn,Aeroporto Internacional de Malta,2723,03:01 ~ 03:12,03:12 ~ 03:24
Aeroporto de Tallinn,Aeroporto de Luxemburgo,1614,01:47 ~ 01:53,01:53 ~ 02:01
Aeroporto de Tallinn,Aeroporto Internacional de Vilnius,532,00:35 ~ 00:37,00:37 ~ 00:39
Aeroporto de Tallinn,Aeroporto Internacional de Riga,281,00:18 ~ 00:19,00:19 ~ 00:21
Aeroporto de Tallinn,Aeroporto Internacional Madre Teresa (Tirana),2032,02:15 ~ 02:23,02:23 ~ 02:32
Aeroporto de Tallinn,Aeroporto de Barcelona-El Prat (Espanha),2558,02:50 ~ 03:00,03:00 ~ 03:11
Aeroporto de Tallinn,Aeroporto de Toulouse-Blagnac (França),2367,02:37 ~ 02:47,02:47 ~ 02:57
Aeroporto de Tallinn,Aeroporto Internacional de Viena,1368,01:31 ~ 01:36,01:36 ~ 01:42
Aeroporto de Tallinn,Aeroporto de Bruxelas,1594,01:46 ~ 01:52,01:52 ~ 01:59
Aeroporto de Tallinn,Aeroporto de Sófia,1862,02:04 ~ 02:11,02:11 ~ 02:19
Aeroporto de Tallinn,Aeroporto de Bratislava,1344,01:29 ~ 01:34,01:34 ~ 01:40
Aeroporto de Tallinn,Aeroporto de Ljubljana Joe Pu?nik,1621,01:48 ~ 01:54,01:54 ~ 02:01
Aeroporto de Tallinn,Aeroporto Adolfo Suárez Madrid-Barajas,2886,03:12 ~ 03:23,03:23 ~ 03:36
Aeroporto de Tallinn,Aeroporto de Barcelona-El Prat,2557,02:50 ~ 03:00,03:00 ~ 03:11
Aeroporto de Tallinn,Aeroporto de Vágar,1757,01:57 ~ 02:04,02:04 ~ 02:11
Aeroporto de Tallinn,Aeroporto de Helsinque,103,00:06 ~ 00:07,00:07 ~ 00:07
Aeroporto de Tallinn,Aeroporto Internacional de Brasília,10568,11:44 ~ 12:25,12:25 ~ 13:12
Aeroporto de Tallinn,Aeroporto Internacional de Várzea Grande,11003,12:13 ~ 12:56,12:56 ~ 13:45
Aeroporto de Tallinn,Aeroporto Internacional de Belém,9200,10:13 ~ 10:49,10:49 ~ 11:30
Aeroporto de Tallinn,Aeroporto Internacional de Tabatinga,10385,11:32 ~ 12:13,12:13 ~ 12:58
Aeroporto de Tallinn,Aeroporto Internacional de Manaus,10004,11:06 ~ 11:46,11:46 ~ 12:30
Aeroporto de Tallinn,Aeroporto Internacional de Macapá,9207,10:13 ~ 10:49,10:49 ~ 11:30
Aeroporto de Tallinn,Aeroporto Internacional de Fortaleza,8902,09:53 ~ 10:28,10:28 ~ 11:07
Aeroporto de Tallinn,Aeroporto Internacional de Maceió,9280,10:18 ~ 10:55,10:55 ~ 11:35
Aeroporto de Tallinn,Aeroporto Internacional de Aracaju,9534,10:35 ~ 11:12,11:12 ~ 11:55
Aeroporto de Tallinn,Aeroporto Internacional de Belo Horizonte,10691,11:52 ~ 12:34,12:34 ~ 13:21
Aeroporto de Tallinn,Aeroporto Santos Dumont,11007,12:13 ~ 12:56,12:56 ~ 13:45
Aeroporto de Tallinn,Aeroporto Internacional do Rio de Janeiro,11001,12:13 ~ 12:56,12:56 ~ 13:45
Aeroporto de Tallinn,Aeroporto Internacional de Vitória,10608,11:47 ~ 12:28,12:28 ~ 13:15
Aeroporto de Tallinn,Aeroporto Internacional de São José dos Campos,11170,12:24 ~ 13:08,13:08 ~ 13:57
Aeroporto de Tallinn,Aeroporto Internacional de Viracopos,11271,12:31 ~ 13:15,13:15 ~ 14:05
Aeroporto de Tallinn,Aeroporto Internacional de Curitiba,11534,12:48 ~ 13:34,13:34 ~ 14:25
Aeroporto de Tallinn,Aeroporto Internacional de Florianópolis,11733,13:02 ~ 13:48,13:48 ~ 14:39
Aeroporto de Tallinn,Aeroporto Internacional de Navegantes,11667,12:57 ~ 13:43,13:43 ~ 14:35
Aeroporto de Tallinn,Aeroporto Internacional de Porto Alegre,12086,13:25 ~ 14:13,14:13 ~ 15:06
Aeroporto de Tallinn,Aeroporto de Copenhague,2253,02:30 ~ 02:39,02:39 ~ 02:48
Aeroporto de Tallinn,Aeroporto Internacional Hartsfield-Jackson Atlanta,7834,08:42 ~ 09:12,09:12 ~ 09:47
Aeroporto de Tallinn,Aeroporto de Teresina,9251,10:16 ~ 10:53,10:53 ~ 11:33
Aeroporto de Tallinn,Aeroporto Internacional de João Pessoa,9054,10:03 ~ 10:39,10:39 ~ 11:19
Aeroporto de Vágar,Aeroporto Internacional de Guarulhos,10097,11:13 ~ 11:52,11:52 ~ 12:37
Aeroporto de Vágar,Aeroporto Internacional do Recife,8140,09:02 ~ 09:34,09:34 ~ 10:10
Aeroporto de Vágar,Aeroporto Internacional de Salvador,8743,09:42 ~ 10:17,10:17 ~ 10:55
Aeroporto de Vágar,Aeroporto Internacional de Natal,7896,08:46 ~ 09:17,09:17 ~ 09:52
Aeroporto de Vágar,Aeroporto Internacional de São Luís,7823,08:41 ~ 09:12,09:12 ~ 09:46
Aeroporto de Vágar,Aeroporto Internacional Pinto Martins,7771,08:38 ~ 09:08,09:08 ~ 09:42
Aeroporto de Vágar,Aeroporto Internacional de Nursultan Nazarbayev,4674,05:11 ~ 05:29,05:29 ~ 05:50
Aeroporto de Vágar,Aeroporto Internacional de Xangai Pudong,8717,09:41 ~ 10:15,10:15 ~ 10:53
Aeroporto de Vágar,Aeroporto Internacional de Pequim Capital,7621,08:28 ~ 08:57,08:57 ~ 09:31
Aeroporto de Vágar,Aeroporto Internacional de Pyongyang Sunan,8012,08:54 ~ 09:25,09:25 ~ 10:00
Aeroporto de Vágar,Aeroporto Internacional de Incheon,8219,09:07 ~ 09:40,09:40 ~ 10:16
Aeroporto de Vágar,Aeroporto Internacional Ninoy Aquino,10401,11:33 ~ 12:14,12:14 ~ 13:00
Aeroporto de Vágar,Aeroporto Internacional de Hong Kong,9315,10:20 ~ 10:57,10:57 ~ 11:38
Aeroporto de Vágar,Aeroporto Internacional Indira Gandhi,6957,07:43 ~ 08:11,08:11 ~ 08:41
Aeroporto de Vágar,Aeroporto Internacional Soekarno-Hatta (Jacarta),11836,13:09 ~ 13:55,13:55 ~ 14:47
Aeroporto de Vágar,Aeroporto Internacional Ngurah Rai (Bali),12508,13:53 ~ 14:42,14:42 ~ 15:38
Aeroporto de Vágar,Aeroporto Internacional de Narita (Tóquio),8778,09:45 ~ 10:19,10:19 ~ 10:58
Aeroporto de Vágar,Aeroporto Internacional de Haneda (Tóquio),8787,09:45 ~ 10:20,10:20 ~ 10:59
Aeroporto de Vágar,Aeroporto Internacional de Kansai (Osaka),8792,09:46 ~ 10:20,10:20 ~ 10:59
Aeroporto de Vágar,Aeroporto Internacional de Wattay (Vientiane),9244,10:16 ~ 10:52,10:52 ~ 11:33
Aeroporto de Vágar,Aeroporto Internacional de Kuala Lumpur (Sepang),10713,11:54 ~ 12:36,12:36 ~ 13:23
Aeroporto de Vágar,Aeroporto Internacional de Penang (Penang),10389,11:32 ~ 12:13,12:13 ~ 12:59
Aeroporto de Vágar,Aeroporto Internacional de Malé,9116,10:07 ~ 10:43,10:43 ~ 11:23
Aeroporto de Vágar,Aeroporto Internacional de Changi,10963,12:10 ~ 12:53,12:53 ~ 13:42
Aeroporto de Vágar,Aeroporto Internacional de Suvarnabhumi,9582,10:38 ~ 11:16,11:16 ~ 11:58
Aeroporto de Vágar,Aeroporto Internacional Don Mueang,9552,10:36 ~ 11:14,11:14 ~ 11:56
Aeroporto de Vágar,Aeroporto Internacional de Taiwan Taoyuan,9321,10:21 ~ 10:57,10:57 ~ 11:39
Aeroporto de Vágar,Aeroporto Internacional de Tan Son Nhat,10149,11:16 ~ 11:56,11:56 ~ 12:41
Aeroporto de Vágar,Aeroporto Internacional de Noi Bai,9072,10:04 ~ 10:40,10:40 ~ 11:20
Aeroporto de Vágar,Aeroporto de Frankfurt,1655,01:50 ~ 01:56,01:56 ~ 02:04
Aeroporto de Vágar,Aeroporto de Dublin,965,01:04 ~ 01:08,01:08 ~ 01:12
Aeroporto de Vágar,Aeroporto de Varsóvia Chopin,2011,02:14 ~ 02:21,02:21 ~ 02:30
Aeroporto de Vágar,Aeroporto de Oslo-Gardermoen,1008,01:07 ~ 01:11,01:11 ~ 01:15
Aeroporto de Vágar,Aeroporto de Roma-Fiumicino,2601,02:53 ~ 03:03,03:03 ~ 03:15
Aeroporto de Vágar,Aeroporto de Milão-Malpensa,2098,02:19 ~ 02:28,02:28 ~ 02:37
Aeroporto de Vágar,Aeroporto de Praga,1873,02:04 ~ 02:12,02:12 ~ 02:20
Aeroporto de Vágar,Aeroporto de Heathrow (Londres),1249,01:23 ~ 01:28,01:28 ~ 01:33
Aeroporto de Vágar,Aeroporto de Gatwick (Londres),1290,01:26 ~ 01:31,01:31 ~ 01:36
Aeroporto de Vágar,Aeroporto Internacional de Budapeste Ferenc Liszt,2329,02:35 ~ 02:44,02:44 ~ 02:54
Aeroporto de Vágar,Aeroporto de Schiphol (Amsterdã),1304,01:26 ~ 01:32,01:32 ~ 01:37
Aeroporto de Vágar,Aeroporto Internacional de Boryspil (Kiev),2651,02:56 ~ 03:07,03:07 ~ 03:18
Aeroporto de Vágar,Aeroporto de Istambul,3353,03:43 ~ 03:56,03:56 ~ 04:11
Aeroporto de Vágar,Aeroporto de Zurique,1908,02:07 ~ 02:14,02:14 ~ 02:23
Aeroporto de Vágar,Aeroporto de Estocolmo-Arlanda,1386,01:32 ~ 01:37,01:37 ~ 01:43
Aeroporto de Vágar,Aeroporto Nikola Tesla (Belgrado),2614,02:54 ~ 03:04,03:04 ~ 03:16
Aeroporto de Vágar,Aeroporto Internacional Sheremetyevo (Moscou),2598,02:53 ~ 03:03,03:03 ~ 03:14
Aeroporto de Vágar,Aeroporto de Pulkovo (São Petersburgo),2022,02:14 ~ 02:22,02:22 ~ 02:31
Aeroporto de Vágar,Aeroporto Internacional Henri Coand? (Bucareste),2900,03:13 ~ 03:24,03:24 ~ 03:37
Aeroporto de Vágar,Aeroporto Humberto Delgado (Lisboa),2594,02:52 ~ 03:03,03:03 ~ 03:14
Aeroporto de Vágar,Aeroporto Francisco Sá Carneiro (Porto),2319,02:34 ~ 02:43,02:43 ~ 02:53
Aeroporto de Vágar,Aeroporto Internacional de Malta,3285,03:38 ~ 03:51,03:51 ~ 04:06
Aeroporto de Vágar,Aeroporto de Luxemburgo,1615,01:47 ~ 01:53,01:53 ~ 02:01
Aeroporto de Vágar,Aeroporto Internacional de Vilnius,2051,02:16 ~ 02:24,02:24 ~ 02:33
Aeroporto de Vágar,Aeroporto Internacional de Riga,1839,02:02 ~ 02:09,02:09 ~ 02:17
Aeroporto de Vágar,Aeroporto Internacional Madre Teresa (Tirana),2915,03:14 ~ 03:25,03:25 ~ 03:38
Aeroporto de Vágar,Aeroporto de Barcelona-El Prat (Espanha),2395,02:39 ~ 02:49,02:49 ~ 02:59
Aeroporto de Vágar,Aeroporto de Toulouse-Blagnac (França),2127,02:21 ~ 02:30,02:30 ~ 02:39
Aeroporto de Vágar,Aeroporto Internacional de Viena,2152,02:23 ~ 02:31,02:31 ~ 02:41
Aeroporto de Vágar,Aeroporto de Bruxelas,1434,01:35 ~ 01:41,01:41 ~ 01:47
Aeroporto de Vágar,Aeroporto de Sófia,2949,03:16 ~ 03:28,03:28 ~ 03:41
Aeroporto de Vágar,Aeroporto de Bratislava,2173,02:24 ~ 02:33,02:33 ~ 02:42
Aeroporto de Vágar,Aeroporto de Ljubljana Joe Pu?nik,2242,02:29 ~ 02:38,02:38 ~ 02:48
Aeroporto de Vágar,Aeroporto Adolfo Suárez Madrid-Barajas,2414,02:40 ~ 02:50,02:50 ~ 03:01
Aeroporto de Vágar,Aeroporto de Barcelona-El Prat,2394,02:39 ~ 02:48,02:48 ~ 02:59
Aeroporto de Vágar,Aeroporto de Tallinn,1757,01:57 ~ 02:04,02:04 ~ 02:11
Aeroporto de Vágar,Aeroporto de Helsinque,1726,01:55 ~ 02:01,02:01 ~ 02:09
Aeroporto de Vágar,Aeroporto Internacional de Brasília,9345,10:22 ~ 10:59,10:59 ~ 11:40
Aeroporto de Vágar,Aeroporto Internacional de Várzea Grande,9625,10:41 ~ 11:19,11:19 ~ 12:01
Aeroporto de Vágar,Aeroporto Internacional de Belém,7844,08:42 ~ 09:13,09:13 ~ 09:48
Aeroporto de Vágar,Aeroporto Internacional de Tabatinga,8783,09:45 ~ 10:19,10:19 ~ 10:58
Aeroporto de Vágar,Aeroporto Internacional de Manaus,8476,09:25 ~ 09:58,09:58 ~ 10:35
Aeroporto de Vágar,Aeroporto Internacional de Macapá,7794,08:39 ~ 09:10,09:10 ~ 09:44
Aeroporto de Vágar,Aeroporto Internacional de Fortaleza,7771,08:38 ~ 09:08,09:08 ~ 09:42
Aeroporto de Vágar,Aeroporto Internacional de Maceió,8260,09:10 ~ 09:43,09:43 ~ 10:19
Aeroporto de Vágar,Aeroporto Internacional de Aracaju,8499,09:26 ~ 09:59,09:59 ~ 10:37
Aeroporto de Vágar,Aeroporto Internacional de Belo Horizonte,9597,10:39 ~ 11:17,11:17 ~ 11:59
Aeroporto de Vágar,Aeroporto Santos Dumont,9945,11:03 ~ 11:41,11:41 ~ 12:25
Aeroporto de Vágar,Aeroporto Internacional do Rio de Janeiro,9936,11:02 ~ 11:41,11:41 ~ 12:25
Aeroporto de Vágar,Aeroporto Internacional de Vitória,9582,10:38 ~ 11:16,11:16 ~ 11:58
Aeroporto de Vágar,Aeroporto Internacional de São José dos Campos,10054,11:10 ~ 11:49,11:49 ~ 12:34
Aeroporto de Vágar,Aeroporto Internacional de Viracopos,10115,11:14 ~ 11:54,11:54 ~ 12:38
Aeroporto de Vágar,Aeroporto Internacional de Curitiba,10373,11:31 ~ 12:12,12:12 ~ 12:57
Aeroporto de Vágar,Aeroporto Internacional de Florianópolis,10608,11:47 ~ 12:28,12:28 ~ 13:15
Aeroporto de Vágar,Aeroporto Internacional de Navegantes,10532,11:42 ~ 12:23,12:23 ~ 13:09
Aeroporto de Vágar,Aeroporto Internacional de Porto Alegre,10934,12:08 ~ 12:51,12:51 ~ 13:40
Aeroporto de Vágar,Aeroporto de Copenhague,782,00:52 ~ 00:55,00:55 ~ 00:58
Aeroporto de Vágar,Aeroporto Internacional Hartsfield-Jackson Atlanta,6108,06:47 ~ 07:11,07:11 ~ 07:38
Aeroporto de Vágar,Aeroporto de Teresina,8038,08:55 ~ 09:27,09:27 ~ 10:02
Aeroporto de Vágar,Aeroporto Internacional de João Pessoa,8036,08:55 ~ 09:27,09:27 ~ 10:02
Aeroporto de Helsinque,Aeroporto Internacional de Guarulhos,11277,12:31 ~ 13:16,13:16 ~ 14:05
Aeroporto de Helsinque,Aeroporto Internacional do Recife,9208,10:13 ~ 10:49,10:49 ~ 11:30
Aeroporto de Helsinque,Aeroporto Internacional de Salvador,9847,10:56 ~ 11:35,11:35 ~ 12:18
Aeroporto de Helsinque,Aeroporto Internacional de Natal,8990,09:59 ~ 10:34,10:34 ~ 11:14
Aeroporto de Helsinque,Aeroporto Internacional de São Luís,9128,10:08 ~ 10:44,10:44 ~ 11:24
Aeroporto de Helsinque,Aeroporto Internacional Pinto Martins,8953,09:56 ~ 10:31,10:31 ~ 11:11
Aeroporto de Helsinque,Aeroporto Internacional de Nursultan Nazarbayev,3029,03:21 ~ 03:33,03:33 ~ 03:47
Aeroporto de Helsinque,Aeroporto Internacional de Xangai Pudong,7409,08:13 ~ 08:42,08:42 ~ 09:15
Aeroporto de Helsinque,Aeroporto Internacional de Pequim Capital,6325,07:01 ~ 07:26,07:26 ~ 07:54
Aeroporto de Helsinque,Aeroporto Internacional de Pyongyang Sunan,6849,07:36 ~ 08:03,08:03 ~ 08:33
Aeroporto de Helsinque,Aeroporto Internacional de Incheon,7050,07:49 ~ 08:17,08:17 ~ 08:48
Aeroporto de Helsinque,Aeroporto Internacional Ninoy Aquino,8946,09:56 ~ 10:31,10:31 ~ 11:10
Aeroporto de Helsinque,Aeroporto Internacional de Hong Kong,7821,08:41 ~ 09:12,09:12 ~ 09:46
Aeroporto de Helsinque,Aeroporto Internacional Indira Gandhi,5231,05:48 ~ 06:09,06:09 ~ 06:32
Aeroporto de Helsinque,Aeroporto Internacional Soekarno-Hatta (Jacarta),10138,11:15 ~ 11:55,11:55 ~ 12:40
Aeroporto de Helsinque,Aeroporto Internacional Ngurah Rai (Bali),10857,12:03 ~ 12:46,12:46 ~ 13:34
Aeroporto de Helsinque,Aeroporto Internacional de Narita (Tóquio),7848,08:43 ~ 09:13,09:13 ~ 09:48
Aeroporto de Helsinque,Aeroporto Internacional de Haneda (Tóquio),7843,08:42 ~ 09:13,09:13 ~ 09:48
Aeroporto de Helsinque,Aeroporto Internacional de Kansai (Osaka),7749,08:36 ~ 09:06,09:06 ~ 09:41
Aeroporto de Helsinque,Aeroporto Internacional de Wattay (Vientiane),7605,08:26 ~ 08:56,08:56 ~ 09:30
Aeroporto de Helsinque,Aeroporto Internacional de Kuala Lumpur (Sepang),9014,10:00 ~ 10:36,10:36 ~ 11:16
Aeroporto de Helsinque,Aeroporto Internacional de Penang (Penang),8690,09:39 ~ 10:13,10:13 ~ 10:51
Aeroporto de Helsinque,Aeroporto Internacional de Malé,7445,08:16 ~ 08:45,08:45 ~ 09:18
Aeroporto de Helsinque,Aeroporto Internacional de Changi,9272,10:18 ~ 10:54,10:54 ~ 11:35
Aeroporto de Helsinque,Aeroporto Internacional de Suvarnabhumi,7911,08:47 ~ 09:18,09:18 ~ 09:53
Aeroporto de Helsinque,Aeroporto Internacional Don Mueang,7882,08:45 ~ 09:16,09:16 ~ 09:51
Aeroporto de Helsinque,Aeroporto Internacional de Taiwan Taoyuan,7950,08:50 ~ 09:21,09:21 ~ 09:56
Aeroporto de Helsinque,Aeroporto Internacional de Tan Son Nhat,8511,09:27 ~ 10:00,10:00 ~ 10:38
Aeroporto de Helsinque,Aeroporto Internacional de Noi Bai,7479,08:18 ~ 08:47,08:47 ~ 09:20
Aeroporto de Helsinque,Aeroporto de Frankfurt,1542,01:42 ~ 01:48,01:48 ~ 01:55
Aeroporto de Helsinque,Aeroporto de Dublin,2028,02:15 ~ 02:23,02:23 ~ 02:32
Aeroporto de Helsinque,Aeroporto de Varsóvia Chopin,942,01:02 ~ 01:06,01:06 ~ 01:10
Aeroporto de Helsinque,Aeroporto de Oslo-Gardermoen,766,00:51 ~ 00:54,00:54 ~ 00:57
Aeroporto de Helsinque,Aeroporto de Roma-Fiumicino,2237,02:29 ~ 02:37,02:37 ~ 02:47
Aeroporto de Helsinque,Aeroporto de Milão-Malpensa,1954,02:10 ~ 02:17,02:17 ~ 02:26
Aeroporto de Helsinque,Aeroporto de Praga,1323,01:28 ~ 01:33,01:33 ~ 01:39
Aeroporto de Helsinque,Aeroporto de Heathrow (Londres),1853,02:03 ~ 02:10,02:10 ~ 02:18
Aeroporto de Helsinque,Aeroporto de Gatwick (Londres),1864,02:04 ~ 02:11,02:11 ~ 02:19
Aeroporto de Helsinque,Aeroporto Internacional de Budapeste Ferenc Liszt,1482,01:38 ~ 01:44,01:44 ~ 01:51
Aeroporto de Helsinque,Aeroporto de Schiphol (Amsterdã),1526,01:41 ~ 01:47,01:47 ~ 01:54
Aeroporto de Helsinque,Aeroporto Internacional de Boryspil (Kiev),1173,01:18 ~ 01:22,01:22 ~ 01:27
Aeroporto de Helsinque,Aeroporto de Istambul,2169,02:24 ~ 02:33,02:33 ~ 02:42
Aeroporto de Helsinque,Aeroporto de Zurique,1783,01:58 ~ 02:05,02:05 ~ 02:13
Aeroporto de Helsinque,Aeroporto de Estocolmo-Arlanda,400,00:26 ~ 00:28,00:28 ~ 00:30
Aeroporto de Helsinque,Aeroporto Nikola Tesla (Belgrado),1753,01:56 ~ 02:03,02:03 ~ 02:11
Aeroporto de Helsinque,Aeroporto Internacional Sheremetyevo (Moscou),877,00:58 ~ 01:01,01:01 ~ 01:05
Aeroporto de Helsinque,Aeroporto de Pulkovo (São Petersburgo),301,00:20 ~ 00:21,00:21 ~ 00:22
Aeroporto de Helsinque,Aeroporto Internacional Henri Coand? (Bucareste),1756,01:57 ~ 02:03,02:03 ~ 02:11
Aeroporto de Helsinque,Aeroporto Humberto Delgado (Lisboa),3371,03:44 ~ 03:57,03:57 ~ 04:12
Aeroporto de Helsinque,Aeroporto Francisco Sá Carneiro (Porto),3123,03:28 ~ 03:40,03:40 ~ 03:54
Aeroporto de Helsinque,Aeroporto Internacional de Malta,2822,03:08 ~ 03:19,03:19 ~ 03:31
Aeroporto de Helsinque,Aeroporto de Luxemburgo,1680,01:52 ~ 01:58,01:58 ~ 02:06
Aeroporto de Helsinque,Aeroporto Internacional de Vilnius,634,00:42 ~ 00:44,00:44 ~ 00:47
Aeroporto de Helsinque,Aeroporto Internacional de Riga,383,00:25 ~ 00:27,00:27 ~ 00:28
Aeroporto de Helsinque,Aeroporto Internacional Madre Teresa (Tirana),2134,02:22 ~ 02:30,02:30 ~ 02:40
Aeroporto de Helsinque,Aeroporto de Barcelona-El Prat (Espanha),2633,02:55 ~ 03:05,03:05 ~ 03:17
Aeroporto de Helsinque,Aeroporto de Toulouse-Blagnac (França),2437,02:42 ~ 02:52,02:52 ~ 03:02
Aeroporto de Helsinque,Aeroporto Internacional de Viena,1463,01:37 ~ 01:43,01:43 ~ 01:49
Aeroporto de Helsinque,Aeroporto de Bruxelas,1651,01:50 ~ 01:56,01:56 ~ 02:03
Aeroporto de Helsinque,Aeroporto de Sófia,1965,02:10 ~ 02:18,02:18 ~ 02:27
Aeroporto de Helsinque,Aeroporto de Bratislava,1441,01:36 ~ 01:41,01:41 ~ 01:48
Aeroporto de Helsinque,Aeroporto de Ljubljana Joe Pu?nik,1715,01:54 ~ 02:01,02:01 ~ 02:08
Aeroporto de Helsinque,Aeroporto Adolfo Suárez Madrid-Barajas,2951,03:16 ~ 03:28,03:28 ~ 03:41
Aeroporto de Helsinque,Aeroporto de Barcelona-El Prat,2632,02:55 ~ 03:05,03:05 ~ 03:17
Aeroporto de Helsinque,Aeroporto de Tallinn,103,00:06 ~ 00:07,00:07 ~ 00:07
Aeroporto de Helsinque,Aeroporto de Vágar,1726,01:55 ~ 02:01,02:01 ~ 02:09
Aeroporto de Helsinque,Aeroporto Internacional de Brasília,10615,11:47 ~ 12:29,12:29 ~ 13:16
Aeroporto de Helsinque,Aeroporto Internacional de Várzea Grande,11037,12:15 ~ 12:59,12:59 ~ 13:47
Aeroporto de Helsinque,Aeroporto Internacional de Belém,9234,10:15 ~ 10:51,10:51 ~ 11:32
Aeroporto de Helsinque,Aeroporto Internacional de Tabatinga,10395,11:33 ~ 12:13,12:13 ~ 12:59
Aeroporto de Helsinque,Aeroporto Internacional de Manaus,10022,11:08 ~ 11:47,11:47 ~ 12:31
Aeroporto de Helsinque,Aeroporto Internacional de Macapá,9236,10:15 ~ 10:51,10:51 ~ 11:32
Aeroporto de Helsinque,Aeroporto Internacional de Fortaleza,8953,09:56 ~ 10:31,10:31 ~ 11:11
Aeroporto de Helsinque,Aeroporto Internacional de Maceió,9338,10:22 ~ 10:59,10:59 ~ 11:40
Aeroporto de Helsinque,Aeroporto Internacional de Aracaju,9592,10:39 ~ 11:17,11:17 ~ 11:59
Aeroporto de Helsinque,Aeroporto Internacional de Belo Horizonte,10747,11:56 ~ 12:38,12:38 ~ 13:26
Aeroporto de Helsinque,Aeroporto Santos Dumont,11066,12:17 ~ 13:01,13:01 ~ 13:49
Aeroporto de Helsinque,Aeroporto Internacional do Rio de Janeiro,11059,12:17 ~ 13:00,13:00 ~ 13:49
Aeroporto de Helsinque,Aeroporto Internacional de Vitória,10668,11:51 ~ 12:33,12:33 ~ 13:20
Aeroporto de Helsinque,Aeroporto Internacional de São José dos Campos,11225,12:28 ~ 13:12,13:12 ~ 14:01
Aeroporto de Helsinque,Aeroporto Internacional de Viracopos,11323,12:34 ~ 13:19,13:19 ~ 14:09
Aeroporto de Helsinque,Aeroporto Internacional de Curitiba,11587,12:52 ~ 13:37,13:37 ~ 14:29
Aeroporto de Helsinque,Aeroporto Internacional de Florianópolis,11789,13:05 ~ 13:52,13:52 ~ 14:44
Aeroporto de Helsinque,Aeroporto Internacional de Navegantes,11721,13:01 ~ 13:47,13:47 ~ 14:39
Aeroporto de Helsinque,Aeroporto Internacional de Porto Alegre,12140,13:29 ~ 14:16,14:16 ~ 15:10
Aeroporto de Helsinque,Aeroporto de Copenhague,2253,02:30 ~ 02:39,02:39 ~ 02:48
Aeroporto de Helsinque,Aeroporto Internacional Hartsfield-Jackson Atlanta,7784,08:38 ~ 09:09,09:09 ~ 09:43
Aeroporto de Helsinque,Aeroporto de Teresina,9297,10:19 ~ 10:56,10:56 ~ 11:37
Aeroporto de Helsinque,Aeroporto Internacional de João Pessoa,9112,10:07 ~ 10:43,10:43 ~ 11:23
Aeroporto Internacional de Brasília,Aeroporto Internacional de Guarulhos,851,00:56 ~ 01:00,01:00 ~ 01:03
Aeroporto Internacional de Brasília,Aeroporto Internacional do Recife,1655,01:50 ~ 01:56,01:56 ~ 02:04
Aeroporto Internacional de Brasília,Aeroporto Internacional de Salvador,1086,01:12 ~ 01:16,01:16 ~ 01:21
Aeroporto Internacional de Brasília,Aeroporto Internacional de Natal,1778,01:58 ~ 02:05,02:05 ~ 02:13
Aeroporto Internacional de Brasília,Aeroporto Internacional de São Luís,1524,01:41 ~ 01:47,01:47 ~ 01:54
Aeroporto Internacional de Brasília,Aeroporto Internacional Pinto Martins,1688,01:52 ~ 01:59,01:59 ~ 02:06
Aeroporto Internacional de Brasília,Aeroporto Internacional de Nursultan Nazarbayev,13412,14:54 ~ 15:46,15:46 ~ 16:45
Aeroporto Internacional de Brasília,Aeroporto Internacional de Xangai Pudong,18024,20:01 ~ 21:12,21:12 ~ 22:31
Aeroporto Internacional de Brasília,Aeroporto Internacional de Pequim Capital,16936,18:49 ~ 19:55,19:55 ~ 21:10
Aeroporto Internacional de Brasília,Aeroporto Internacional de Pyongyang Sunan,17343,19:16 ~ 20:24,20:24 ~ 21:40
Aeroporto Internacional de Brasília,Aeroporto Internacional de Incheon,17549,19:29 ~ 20:38,20:38 ~ 21:56
Aeroporto Internacional de Brasília,Aeroporto Internacional Ninoy Aquino,18838,20:55 ~ 22:09,22:09 ~ 23:32
Aeroporto Internacional de Brasília,Aeroporto Internacional de Hong Kong,17993,19:59 ~ 21:10,21:10 ~ 22:29
Aeroporto Internacional de Brasília,Aeroporto Internacional Indira Gandhi,14242,15:49 ~ 16:45,16:45 ~ 17:48
Aeroporto Internacional de Brasília,Aeroporto Internacional Soekarno-Hatta (Jacarta),16313,18:07 ~ 19:11,19:11 ~ 20:23
Aeroporto Internacional de Brasília,Aeroporto Internacional Ngurah Rai (Bali),16715,18:34 ~ 19:39,19:39 ~ 20:53
Aeroporto Internacional de Brasília,Aeroporto Internacional de Narita (Tóquio),17653,19:36 ~ 20:46,20:46 ~ 22:03
Aeroporto Internacional de Brasília,Aeroporto Internacional de Haneda (Tóquio),17695,19:39 ~ 20:49,20:49 ~ 22:07
Aeroporto Internacional de Brasília,Aeroporto Internacional de Kansai (Osaka),17923,19:54 ~ 21:05,21:05 ~ 22:24
Aeroporto Internacional de Brasília,Aeroporto Internacional de Wattay (Vientiane),16885,18:45 ~ 19:51,19:51 ~ 21:06
Aeroporto Internacional de Brasília,Aeroporto Internacional de Kuala Lumpur (Sepang),16401,18:13 ~ 19:17,19:17 ~ 20:30
Aeroporto Internacional de Brasília,Aeroporto Internacional de Penang (Penang),16369,18:11 ~ 19:15,19:15 ~ 20:27
Aeroporto Internacional de Brasília,Aeroporto Internacional de Malé,13510,15:00 ~ 15:53,15:53 ~ 16:53
Aeroporto Internacional de Brasília,Aeroporto Internacional de Changi,16555,18:23 ~ 19:28,19:28 ~ 20:41
Aeroporto Internacional de Brasília,Aeroporto Internacional de Suvarnabhumi,16657,18:30 ~ 19:35,19:35 ~ 20:49
Aeroporto Internacional de Brasília,Aeroporto Internacional Don Mueang,16645,18:29 ~ 19:34,19:34 ~ 20:48
Aeroporto Internacional de Brasília,Aeroporto Internacional de Taiwan Taoyuan,18498,20:33 ~ 21:45,21:45 ~ 23:07
Aeroporto Internacional de Brasília,Aeroporto Internacional de Tan Son Nhat,17227,19:08 ~ 20:16,20:16 ~ 21:32
Aeroporto Internacional de Brasília,Aeroporto Internacional de Noi Bai,17202,19:06 ~ 20:14,20:14 ~ 21:30
Aeroporto Internacional de Brasília,Aeroporto de Frankfurt,9150,10:09 ~ 10:45,10:45 ~ 11:26
Aeroporto Internacional de Brasília,Aeroporto de Dublin,8648,09:36 ~ 10:10,10:10 ~ 10:48
Aeroporto Internacional de Brasília,Aeroporto de Varsóvia Chopin,10016,11:07 ~ 11:47,11:47 ~ 12:31
Aeroporto Internacional de Brasília,Aeroporto de Oslo-Gardermoen,9934,11:02 ~ 11:41,11:41 ~ 12:25
Aeroporto Internacional de Brasília,Aeroporto de Roma-Fiumicino,8877,09:51 ~ 10:26,10:26 ~ 11:05
Aeroporto Internacional de Brasília,Aeroporto de Milão-Malpensa,8875,09:51 ~ 10:26,10:26 ~ 11:05
Aeroporto Internacional de Brasília,Aeroporto de Praga,9494,10:32 ~ 11:10,11:10 ~ 11:52
Aeroporto Internacional de Brasília,Aeroporto de Heathrow (Londres),8763,09:44 ~ 10:18,10:18 ~ 10:57
Aeroporto Internacional de Brasília,Aeroporto de Gatwick (Londres),8751,09:43 ~ 10:17,10:17 ~ 10:56
Aeroporto Internacional de Brasília,Aeroporto Internacional de Budapeste Ferenc Liszt,9670,10:44 ~ 11:22,11:22 ~ 12:05
Aeroporto Internacional de Brasília,Aeroporto de Schiphol (Amsterdã),9094,10:06 ~ 10:41,10:41 ~ 11:22
Aeroporto Internacional de Brasília,Aeroporto Internacional de Boryspil (Kiev),10581,11:45 ~ 12:26,12:26 ~ 13:13
Aeroporto Internacional de Brasília,Aeroporto de Istambul,10081,11:12 ~ 11:51,11:51 ~ 12:36
Aeroporto Internacional de Brasília,Aeroporto de Zurique,8982,09:58 ~ 10:34,10:34 ~ 11:13
Aeroporto Internacional de Brasília,Aeroporto de Estocolmo-Arlanda,10228,11:21 ~ 12:01,12:01 ~ 12:47
Aeroporto Internacional de Brasília,Aeroporto Nikola Tesla (Belgrado),9610,10:40 ~ 11:18,11:18 ~ 12:00
Aeroporto Internacional de Brasília,Aeroporto Internacional Sheremetyevo (Moscou),11169,12:24 ~ 13:08,13:08 ~ 13:57
Aeroporto Internacional de Brasília,Aeroporto de Pulkovo (São Petersburgo),10872,12:04 ~ 12:47,12:47 ~ 13:35
Aeroporto Internacional de Brasília,Aeroporto Internacional Henri Coand? (Bucareste),10019,11:07 ~ 11:47,11:47 ~ 12:31
Aeroporto Internacional de Brasília,Aeroporto Humberto Delgado (Lisboa),7273,08:04 ~ 08:33,08:33 ~ 09:05
Aeroporto Internacional de Brasília,Aeroporto Francisco Sá Carneiro (Porto),7505,08:20 ~ 08:49,08:49 ~ 09:22
Aeroporto Internacional de Brasília,Aeroporto Internacional de Malta,8708,09:40 ~ 10:14,10:14 ~ 10:53
Aeroporto Internacional de Brasília,Aeroporto de Luxemburgo,8987,09:59 ~ 10:34,10:34 ~ 11:14
Aeroporto Internacional de Brasília,Aeroporto Internacional de Vilnius,10391,11:32 ~ 12:13,12:13 ~ 12:59
Aeroporto Internacional de Brasília,Aeroporto Internacional de Riga,10415,11:34 ~ 12:15,12:15 ~ 13:01
Aeroporto Internacional de Brasília,Aeroporto Internacional Madre Teresa (Tirana),9401,10:26 ~ 11:03,11:03 ~ 11:45
Aeroporto Internacional de Brasília,Aeroporto de Barcelona-El Prat (Espanha),8156,09:03 ~ 09:35,09:35 ~ 10:11
Aeroporto Internacional de Brasília,Aeroporto de Toulouse-Blagnac (França),8280,09:11 ~ 09:44,09:44 ~ 10:20
Aeroporto Internacional de Brasília,Aeroporto Internacional de Viena,9528,10:35 ~ 11:12,11:12 ~ 11:54
Aeroporto Internacional de Brasília,Aeroporto de Bruxelas,8979,09:58 ~ 10:33,10:33 ~ 11:13
Aeroporto Internacional de Brasília,Aeroporto de Sófia,9737,10:49 ~ 11:27,11:27 ~ 12:10
Aeroporto Internacional de Brasília,Aeroporto de Bratislava,9574,10:38 ~ 11:15,11:15 ~ 11:58
Aeroporto Internacional de Brasília,Aeroporto de Ljubljana Joe Pu?nik,9284,10:18 ~ 10:55,10:55 ~ 11:36
Aeroporto Internacional de Brasília,Aeroporto Adolfo Suárez Madrid-Barajas,7742,08:36 ~ 09:06,09:06 ~ 09:40
Aeroporto Internacional de Brasília,Aeroporto de Barcelona-El Prat,8156,09:03 ~ 09:35,09:35 ~ 10:11
Aeroporto Internacional de Brasília,Aeroporto de Tallinn,10568,11:44 ~ 12:25,12:25 ~ 13:12
Aeroporto Internacional de Brasília,Aeroporto de Vágar,9345,10:22 ~ 10:59,10:59 ~ 11:40
Aeroporto Internacional de Brasília,Aeroporto de Helsinque,10615,11:47 ~ 12:29,12:29 ~ 13:16
Aeroporto Internacional de Brasília,Aeroporto Internacional de Várzea Grande,911,01:00 ~ 01:04,01:04 ~ 01:08
Aeroporto Internacional de Brasília,Aeroporto Internacional de Belém,1604,01:46 ~ 01:53,01:53 ~ 02:00
Aeroporto Internacional de Brasília,Aeroporto Internacional de Tabatinga,2439,02:42 ~ 02:52,02:52 ~ 03:02
Aeroporto Internacional de Brasília,Aeroporto Internacional de Manaus,1943,02:09 ~ 02:17,02:17 ~ 02:25
Aeroporto Internacional de Brasília,Aeroporto Internacional de Macapá,1793,01:59 ~ 02:06,02:06 ~ 02:14
Aeroporto Internacional de Brasília,Aeroporto Internacional de Fortaleza,1688,01:52 ~ 01:59,01:59 ~ 02:06
Aeroporto Internacional de Brasília,Aeroporto Internacional de Maceió,1525,01:41 ~ 01:47,01:47 ~ 01:54
Aeroporto Internacional de Brasília,Aeroporto Internacional de Aracaju,1296,01:26 ~ 01:31,01:31 ~ 01:37
Aeroporto Internacional de Brasília,Aeroporto Internacional de Belo Horizonte,648,00:43 ~ 00:45,00:45 ~ 00:48
Aeroporto Internacional de Brasília,Aeroporto Santos Dumont,926,01:01 ~ 01:05,01:05 ~ 01:09
Aeroporto Internacional de Brasília,Aeroporto Internacional do Rio de Janeiro,912,01:00 ~ 01:04,01:04 ~ 01:08
Aeroporto Internacional de Brasília,Aeroporto Internacional de Vitória,943,01:02 ~ 01:06,01:06 ~ 01:10
Aeroporto Internacional de Brasília,Aeroporto Internacional de São José dos Campos,838,00:55 ~ 00:59,00:59 ~ 01:02
Aeroporto Internacional de Brasília,Aeroporto Internacional de Viracopos,810,00:54 ~ 00:57,00:57 ~ 01:00
Aeroporto Internacional de Brasília,Aeroporto Internacional de Curitiba,1047,01:09 ~ 01:13,01:13 ~ 01:18
Aeroporto Internacional de Brasília,Aeroporto Internacional de Florianópolis,1308,01:27 ~ 01:32,01:32 ~ 01:38
Aeroporto Internacional de Brasília,Aeroporto Internacional de Navegantes,1225,01:21 ~ 01:26,01:26 ~ 01:31
Aeroporto Internacional de Brasília,Aeroporto Internacional de Porto Alegre,1599,01:46 ~ 01:52,01:52 ~ 01:59
Aeroporto Internacional de Brasília,Aeroporto de Copenhague,8585,09:32 ~ 10:05,10:05 ~ 10:43
Aeroporto Internacional de Brasília,Aeroporto Internacional Hartsfield-Jackson Atlanta,6709,07:27 ~ 07:53,07:53 ~ 08:23
Aeroporto Internacional de Brasília,Aeroporto de Teresina,1320,01:27 ~ 01:33,01:33 ~ 01:38
Aeroporto Internacional de Brasília,Aeroporto Internacional de João Pessoa,1712,01:54 ~ 02:00,02:00 ~ 02:08
Aeroporto Internacional de Várzea Grande,Aeroporto Internacional de Guarulhos,1353,01:30 ~ 01:35,01:35 ~ 01:41
Aeroporto Internacional de Várzea Grande,Aeroporto Internacional do Recife,2484,02:45 ~ 02:55,02:55 ~ 03:06
Aeroporto Internacional de Várzea Grande,Aeroporto Internacional de Salvador,1976,02:11 ~ 02:19,02:19 ~ 02:28
Aeroporto Internacional de Várzea Grande,Aeroporto Internacional de Natal,2557,02:50 ~ 03:00,03:00 ~ 03:11
Aeroporto Internacional de Várzea Grande,Aeroporto Internacional de São Luís,1969,02:11 ~ 02:18,02:18 ~ 02:27
Aeroporto Internacional de Várzea Grande,Aeroporto Internacional Pinto Martins,2359,02:37 ~ 02:46,02:46 ~ 02:56
Aeroporto Internacional de Várzea Grande,Aeroporto Internacional de Nursultan Nazarbayev,13962,15:30 ~ 16:25,16:25 ~ 17:27
Aeroporto Internacional de Várzea Grande,Aeroporto Internacional de Xangai Pudong,18278,20:18 ~ 21:30,21:30 ~ 22:50
Aeroporto Internacional de Várzea Grande,Aeroporto Internacional de Pequim Capital,17215,19:07 ~ 20:15,20:15 ~ 21:31
Aeroporto Internacional de Várzea Grande,Aeroporto Internacional de Pyongyang Sunan,17383,19:18 ~ 20:27,20:27 ~ 21:43
Aeroporto Internacional de Várzea Grande,Aeroporto Internacional de Incheon,17570,19:31 ~ 20:40,20:40 ~ 21:57
Aeroporto Internacional de Várzea Grande,Aeroporto Internacional Ninoy Aquino,19727,21:55 ~ 23:12,23:12 ~ 24:39
Aeroporto Internacional de Várzea Grande,Aeroporto Internacional de Hong Kong,18768,20:51 ~ 22:04,22:04 ~ 23:27
Aeroporto Internacional de Várzea Grande,Aeroporto Internacional Indira Gandhi,15060,16:44 ~ 17:43,17:43 ~ 18:49
Aeroporto Internacional de Várzea Grande,Aeroporto Internacional Soekarno-Hatta (Jacarta),16971,18:51 ~ 19:57,19:57 ~ 21:12
Aeroporto Internacional de Várzea Grande,Aeroporto Internacional Ngurah Rai (Bali),17155,19:03 ~ 20:10,20:10 ~ 21:26
Aeroporto Internacional de Várzea Grande,Aeroporto Internacional de Narita (Tóquio),17227,19:08 ~ 20:16,20:16 ~ 21:32
Aeroporto Internacional de Várzea Grande,Aeroporto Internacional de Haneda (Tóquio),17280,19:11 ~ 20:19,20:19 ~ 21:36
Aeroporto Internacional de Várzea Grande,Aeroporto Internacional de Kansai (Osaka),17623,19:34 ~ 20:43,20:43 ~ 22:01
Aeroporto Internacional de Várzea Grande,Aeroporto Internacional de Wattay (Vientiane),17781,19:45 ~ 20:55,20:55 ~ 22:13
Aeroporto Internacional de Várzea Grande,Aeroporto Internacional de Kuala Lumpur (Sepang),17238,19:09 ~ 20:16,20:16 ~ 21:32
Aeroporto Internacional de Várzea Grande,Aeroporto Internacional de Penang (Penang),17240,19:09 ~ 20:16,20:16 ~ 21:33
Aeroporto Internacional de Várzea Grande,Aeroporto Internacional de Malé,14418,16:01 ~ 16:57,16:57 ~ 18:01
Aeroporto Internacional de Várzea Grande,Aeroporto Internacional de Changi,17357,19:17 ~ 20:25,20:25 ~ 21:41
Aeroporto Internacional de Várzea Grande,Aeroporto Internacional de Suvarnabhumi,17568,19:31 ~ 20:40,20:40 ~ 21:57
Aeroporto Internacional de Várzea Grande,Aeroporto Internacional Don Mueang,17556,19:30 ~ 20:39,20:39 ~ 21:56
Aeroporto Internacional de Várzea Grande,Aeroporto Internacional de Taiwan Taoyuan,18933,21:02 ~ 22:16,22:16 ~ 23:39
Aeroporto Internacional de Várzea Grande,Aeroporto Internacional de Tan Son Nhat,18124,20:08 ~ 21:19,21:19 ~ 22:39
Aeroporto Internacional de Várzea Grande,Aeroporto Internacional de Noi Bai,18058,20:03 ~ 21:14,21:14 ~ 22:34
Aeroporto Internacional de Várzea Grande,Aeroporto de Frankfurt,9644,10:42 ~ 11:20,11:20 ~ 12:03
Aeroporto Internacional de Várzea Grande,Aeroporto de Dublin,9023,10:01 ~ 10:36,10:36 ~ 11:16
Aeroporto Internacional de Várzea Grande,Aeroporto de Varsóvia Chopin,10532,11:42 ~ 12:23,12:23 ~ 13:09
Aeroporto Internacional de Várzea Grande,Aeroporto de Oslo-Gardermoen,10317,11:27 ~ 12:08,12:08 ~ 12:53
Aeroporto Internacional de Várzea Grande,Aeroporto de Roma-Fiumicino,9477,10:31 ~ 11:08,11:08 ~ 11:50
Aeroporto Internacional de Várzea Grande,Aeroporto de Milão-Malpensa,9419,10:27 ~ 11:04,11:04 ~ 11:46
Aeroporto Internacional de Várzea Grande,Aeroporto de Praga,10011,11:07 ~ 11:46,11:46 ~ 12:30
Aeroporto Internacional de Várzea Grande,Aeroporto de Heathrow (Londres),9194,10:12 ~ 10:48,10:48 ~ 11:29
Aeroporto Internacional de Várzea Grande,Aeroporto de Gatwick (Londres),9187,10:12 ~ 10:48,10:48 ~ 11:29
Aeroporto Internacional de Várzea Grande,Aeroporto Internacional de Budapeste Ferenc Liszt,10236,11:22 ~ 12:02,12:02 ~ 12:47
Aeroporto Internacional de Várzea Grande,Aeroporto de Schiphol (Amsterdã),9543,10:36 ~ 11:13,11:13 ~ 11:55
Aeroporto Internacional de Várzea Grande,Aeroporto Internacional de Boryspil (Kiev),11145,12:22 ~ 13:06,13:06 ~ 13:55
Aeroporto Internacional de Várzea Grande,Aeroporto de Istambul,10746,11:56 ~ 12:38,12:38 ~ 13:25
Aeroporto Internacional de Várzea Grande,Aeroporto de Zurique,9504,10:33 ~ 11:10,11:10 ~ 11:52
Aeroporto Internacional de Várzea Grande,Aeroporto de Estocolmo-Arlanda,10641,11:49 ~ 12:31,12:31 ~ 13:18
Aeroporto Internacional de Várzea Grande,Aeroporto Nikola Tesla (Belgrado),10209,11:20 ~ 12:00,12:00 ~ 12:45
Aeroporto Internacional de Várzea Grande,Aeroporto Internacional Sheremetyevo (Moscou),11672,12:58 ~ 13:43,13:43 ~ 14:35
Aeroporto Internacional de Várzea Grande,Aeroporto de Pulkovo (São Petersburgo),11312,12:34 ~ 13:18,13:18 ~ 14:08
Aeroporto Internacional de Várzea Grande,Aeroporto Internacional Henri Coand? (Bucareste),10639,11:49 ~ 12:30,12:30 ~ 13:17
Aeroporto Internacional de Várzea Grande,Aeroporto Humberto Delgado (Lisboa),7778,08:38 ~ 09:09,09:09 ~ 09:43
Aeroporto Internacional de Várzea Grande,Aeroporto Francisco Sá Carneiro (Porto),7988,08:52 ~ 09:23,09:23 ~ 09:59
Aeroporto Internacional de Várzea Grande,Aeroporto Internacional de Malta,9379,10:25 ~ 11:02,11:02 ~ 11:43
Aeroporto Internacional de Várzea Grande,Aeroporto de Luxemburgo,9474,10:31 ~ 11:08,11:08 ~ 11:50
Aeroporto Internacional de Várzea Grande,Aeroporto Internacional de Vilnius,10889,12:05 ~ 12:48,12:48 ~ 13:36
Aeroporto Internacional de Várzea Grande,Aeroporto Internacional de Riga,10880,12:05 ~ 12:48,12:48 ~ 13:35
Aeroporto Internacional de Várzea Grande,Aeroporto Internacional Madre Teresa (Tirana),10035,11:09 ~ 11:48,11:48 ~ 12:32
Aeroporto Internacional de Várzea Grande,Aeroporto de Barcelona-El Prat (Espanha),8710,09:40 ~ 10:14,10:14 ~ 10:53
Aeroporto Internacional de Várzea Grande,Aeroporto de Toulouse-Blagnac (França),8806,09:47 ~ 10:21,10:21 ~ 11:00
Aeroporto Internacional de Várzea Grande,Aeroporto Internacional de Viena,10077,11:11 ~ 11:51,11:51 ~ 12:35
Aeroporto Internacional de Várzea Grande,Aeroporto de Bruxelas,9443,10:29 ~ 11:06,11:06 ~ 11:48
Aeroporto Internacional de Várzea Grande,Aeroporto de Sófia,10369,11:31 ~ 12:11,12:11 ~ 12:57
Aeroporto Internacional de Várzea Grande,Aeroporto de Bratislava,10124,11:14 ~ 11:54,11:54 ~ 12:39
Aeroporto Internacional de Várzea Grande,Aeroporto de Ljubljana Joe Pu?nik,9846,10:56 ~ 11:35,11:35 ~ 12:18
Aeroporto Internacional de Várzea Grande,Aeroporto Adolfo Suárez Madrid-Barajas,8270,09:11 ~ 09:43,09:43 ~ 10:20
Aeroporto Internacional de Várzea Grande,Aeroporto de Barcelona-El Prat,8711,09:40 ~ 10:14,10:14 ~ 10:53
Aeroporto Internacional de Várzea Grande,Aeroporto de Tallinn,11003,12:13 ~ 12:56,12:56 ~ 13:45
Aeroporto Internacional de Várzea Grande,Aeroporto de Vágar,9625,10:41 ~ 11:19,11:19 ~ 12:01
Aeroporto Internacional de Várzea Grande,Aeroporto de Helsinque,11037,12:15 ~ 12:59,12:59 ~ 13:47
Aeroporto Internacional de Várzea Grande,Aeroporto Internacional de Brasília,911,01:00 ~ 01:04,01:04 ~ 01:08
Aeroporto Internacional de Várzea Grande,Aeroporto Internacional de Belém,1803,02:00 ~ 02:07,02:07 ~ 02:15
Aeroporto Internacional de Várzea Grande,Aeroporto Internacional de Tabatinga,1735,01:55 ~ 02:02,02:02 ~ 02:10
Aeroporto Internacional de Várzea Grande,Aeroporto Internacional de Manaus,1450,01:36 ~ 01:42,01:42 ~ 01:48
Aeroporto Internacional de Várzea Grande,Aeroporto Internacional de Macapá,1832,02:02 ~ 02:09,02:09 ~ 02:17
Aeroporto Internacional de Várzea Grande,Aeroporto Internacional de Fortaleza,2359,02:37 ~ 02:46,02:46 ~ 02:56
Aeroporto Internacional de Várzea Grande,Aeroporto Internacional de Maceió,2364,02:37 ~ 02:46,02:46 ~ 02:57
Aeroporto Internacional de Várzea Grande,Aeroporto Internacional de Aracaju,2160,02:23 ~ 02:32,02:32 ~ 02:42
Aeroporto Internacional de Várzea Grande,Aeroporto Internacional de Belo Horizonte,1466,01:37 ~ 01:43,01:43 ~ 01:49
Aeroporto Internacional de Várzea Grande,Aeroporto Santos Dumont,1608,01:47 ~ 01:53,01:53 ~ 02:00
Aeroporto Internacional de Várzea Grande,Aeroporto Internacional do Rio de Janeiro,1596,01:46 ~ 01:52,01:52 ~ 01:59
Aeroporto Internacional de Várzea Grande,Aeroporto Internacional de Vitória,1783,01:58 ~ 02:05,02:05 ~ 02:13
Aeroporto Internacional de Várzea Grande,Aeroporto Internacional de São José dos Campos,1385,01:32 ~ 01:37,01:37 ~ 01:43
Aeroporto Internacional de Várzea Grande,Aeroporto Internacional de Viracopos,1225,01:21 ~ 01:26,01:26 ~ 01:31
Aeroporto Internacional de Várzea Grande,Aeroporto Internacional de Curitiba,1305,01:26 ~ 01:32,01:32 ~ 01:37
Aeroporto Internacional de Várzea Grande,Aeroporto Internacional de Florianópolis,1560,01:44 ~ 01:50,01:50 ~ 01:57
Aeroporto Internacional de Várzea Grande,Aeroporto Internacional de Navegantes,1484,01:38 ~ 01:44,01:44 ~ 01:51
Aeroporto Internacional de Várzea Grande,Aeroporto Internacional de Porto Alegre,1678,01:51 ~ 01:58,01:58 ~ 02:05
Aeroporto Internacional de Várzea Grande,Aeroporto de Copenhague,8897,09:53 ~ 10:28,10:28 ~ 11:07
Aeroporto Internacional de Várzea Grande,Aeroporto Internacional Hartsfield-Jackson Atlanta,6211,06:54 ~ 07:18,07:18 ~ 07:45
Aeroporto Internacional de Várzea Grande,Aeroporto de Teresina,1893,02:06 ~ 02:13,02:13 ~ 02:21
Aeroporto Internacional de Várzea Grande,Aeroporto Internacional de João Pessoa,2523,02:48 ~ 02:58,02:58 ~ 03:09
Aeroporto Internacional de Belém,Aeroporto Internacional de Guarulhos,2449,02:43 ~ 02:52,02:52 ~ 03:03
Aeroporto Internacional de Belém,Aeroporto Internacional do Recife,1678,01:51 ~ 01:58,01:58 ~ 02:05
Aeroporto Internacional de Belém,Aeroporto Internacional de Salvador,1697,01:53 ~ 01:59,01:59 ~ 02:07
Aeroporto Internacional de Belém,Aeroporto Internacional de Natal,1547,01:43 ~ 01:49,01:49 ~ 01:56
Aeroporto Internacional de Belém,Aeroporto Internacional de São Luís,492,00:32 ~ 00:34,00:34 ~ 00:36
Aeroporto Internacional de Belém,Aeroporto Internacional Pinto Martins,1138,01:15 ~ 01:20,01:20 ~ 01:25
Aeroporto Internacional de Belém,Aeroporto Internacional de Nursultan Nazarbayev,12173,13:31 ~ 14:19,14:19 ~ 15:12
Aeroporto Internacional de Belém,Aeroporto Internacional de Xangai Pudong,16557,18:23 ~ 19:28,19:28 ~ 20:41
Aeroporto Internacional de Belém,Aeroporto Internacional de Pequim Capital,15463,17:10 ~ 18:11,18:11 ~ 19:19
Aeroporto Internacional de Belém,Aeroporto Internacional de Pyongyang Sunan,15771,17:31 ~ 18:33,18:33 ~ 19:42
Aeroporto Internacional de Belém,Aeroporto Internacional de Incheon,15975,17:45 ~ 18:47,18:47 ~ 19:58
Aeroporto Internacional de Belém,Aeroporto Internacional Ninoy Aquino,18161,20:10 ~ 21:21,21:21 ~ 22:42
Aeroporto Internacional de Belém,Aeroporto Internacional de Hong Kong,17017,18:54 ~ 20:01,20:01 ~ 21:16
Aeroporto Internacional de Belém,Aeroporto Internacional Indira Gandhi,13522,15:01 ~ 15:54,15:54 ~ 16:54
Aeroporto Internacional de Belém,Aeroporto Internacional Soekarno-Hatta (Jacarta),17149,19:03 ~ 20:10,20:10 ~ 21:26
Aeroporto Internacional de Belém,Aeroporto Internacional Ngurah Rai (Bali),17896,19:53 ~ 21:03,21:03 ~ 22:22
Aeroporto Internacional de Belém,Aeroporto Internacional de Narita (Tóquio),16090,17:52 ~ 18:55,18:55 ~ 20:06
Aeroporto Internacional de Belém,Aeroporto Internacional de Haneda (Tóquio),16127,17:55 ~ 18:58,18:58 ~ 20:09
Aeroporto Internacional de Belém,Aeroporto Internacional de Kansai (Osaka),16324,18:08 ~ 19:12,19:12 ~ 20:24
Aeroporto Internacional de Belém,Aeroporto Internacional de Wattay (Vientiane),16369,18:11 ~ 19:15,19:15 ~ 20:27
Aeroporto Internacional de Belém,Aeroporto Internacional de Kuala Lumpur (Sepang),16717,18:34 ~ 19:40,19:40 ~ 20:53
Aeroporto Internacional de Belém,Aeroporto Internacional de Penang (Penang),16539,18:22 ~ 19:27,19:27 ~ 20:40
Aeroporto Internacional de Belém,Aeroporto Internacional de Malé,13583,15:05 ~ 15:58,15:58 ~ 16:58
Aeroporto Internacional de Belém,Aeroporto Internacional de Changi,16973,18:51 ~ 19:58,19:58 ~ 21:12
Aeroporto Internacional de Belém,Aeroporto Internacional de Suvarnabhumi,16380,18:11 ~ 19:16,19:16 ~ 20:28
Aeroporto Internacional de Belém,Aeroporto Internacional Don Mueang,16357,18:10 ~ 19:14,19:14 ~ 20:26
Aeroporto Internacional de Belém,Aeroporto Internacional de Taiwan Taoyuan,17162,19:04 ~ 20:11,20:11 ~ 21:27
Aeroporto Internacional de Belém,Aeroporto Internacional de Tan Son Nhat,17092,18:59 ~ 20:06,20:06 ~ 21:21
Aeroporto Internacional de Belém,Aeroporto Internacional de Noi Bai,16473,18:18 ~ 19:22,19:22 ~ 20:35
Aeroporto Internacional de Belém,Aeroporto de Frankfurt,7851,08:43 ~ 09:14,09:14 ~ 09:48
Aeroporto Internacional de Belém,Aeroporto de Dublin,7221,08:01 ~ 08:29,08:29 ~ 09:01
Aeroporto Internacional de Belém,Aeroporto de Varsóvia Chopin,8744,09:42 ~ 10:17,10:17 ~ 10:55
Aeroporto Internacional de Belém,Aeroporto de Oslo-Gardermoen,8515,09:27 ~ 10:01,10:01 ~ 10:38
Aeroporto Internacional de Belém,Aeroporto de Roma-Fiumicino,7735,08:35 ~ 09:05,09:05 ~ 09:40
Aeroporto Internacional de Belém,Aeroporto de Milão-Malpensa,7644,08:29 ~ 08:59,08:59 ~ 09:33
Aeroporto Internacional de Belém,Aeroporto de Praga,8224,09:08 ~ 09:40,09:40 ~ 10:16
Aeroporto Internacional de Belém,Aeroporto de Heathrow (Londres),7391,08:12 ~ 08:41,08:41 ~ 09:14
Aeroporto Internacional de Belém,Aeroporto de Gatwick (Londres),7385,08:12 ~ 08:41,08:41 ~ 09:13
Aeroporto Internacional de Belém,Aeroporto Internacional de Budapeste Ferenc Liszt,8469,09:24 ~ 09:57,09:57 ~ 10:35
Aeroporto Internacional de Belém,Aeroporto de Schiphol (Amsterdã),7742,08:36 ~ 09:06,09:06 ~ 09:40
Aeroporto Internacional de Belém,Aeroporto Internacional de Boryspil (Kiev),9373,10:24 ~ 11:01,11:01 ~ 11:42
Aeroporto Internacional de Belém,Aeroporto de Istambul,9047,10:03 ~ 10:38,10:38 ~ 11:18
Aeroporto Internacional de Belém,Aeroporto de Zurique,7721,08:34 ~ 09:05,09:05 ~ 09:39
Aeroporto Internacional de Belém,Aeroporto de Estocolmo-Arlanda,8838,09:49 ~ 10:23,10:23 ~ 11:02
Aeroporto Internacional de Belém,Aeroporto Nikola Tesla (Belgrado),8461,09:24 ~ 09:57,09:57 ~ 10:34
Aeroporto Internacional de Belém,Aeroporto Internacional Sheremetyevo (Moscou),9877,10:58 ~ 11:37,11:37 ~ 12:20
Aeroporto Internacional de Belém,Aeroporto de Pulkovo (São Petersburgo),9509,10:33 ~ 11:11,11:11 ~ 11:53
Aeroporto Internacional de Belém,Aeroporto Internacional Henri Coand? (Bucareste),8902,09:53 ~ 10:28,10:28 ~ 11:07
Aeroporto Internacional de Belém,Aeroporto Humberto Delgado (Lisboa),5995,06:39 ~ 07:03,07:03 ~ 07:29
Aeroporto Internacional de Belém,Aeroporto Francisco Sá Carneiro (Porto),6197,06:53 ~ 07:17,07:17 ~ 07:44
Aeroporto Internacional de Belém,Aeroporto Internacional de Malta,7699,08:33 ~ 09:03,09:03 ~ 09:37
Aeroporto Internacional de Belém,Aeroporto de Luxemburgo,7680,08:31 ~ 09:02,09:02 ~ 09:35
Aeroporto Internacional de Belém,Aeroporto Internacional de Vilnius,9095,10:06 ~ 10:41,10:41 ~ 11:22
Aeroporto Internacional de Belém,Aeroporto Internacional de Riga,9079,10:05 ~ 10:40,10:40 ~ 11:20
Aeroporto Internacional de Belém,Aeroporto Internacional Madre Teresa (Tirana),8314,09:14 ~ 09:46,09:46 ~ 10:23
Aeroporto Internacional de Belém,Aeroporto de Barcelona-El Prat (Espanha),6945,07:43 ~ 08:10,08:10 ~ 08:40
Aeroporto Internacional de Belém,Aeroporto de Toulouse-Blagnac (França),7026,07:48 ~ 08:15,08:15 ~ 08:46
Aeroporto Internacional de Belém,Aeroporto Internacional de Viena,8302,09:13 ~ 09:46,09:46 ~ 10:22
Aeroporto Internacional de Belém,Aeroporto de Bruxelas,7645,08:29 ~ 08:59,08:59 ~ 09:33
Aeroporto Internacional de Belém,Aeroporto de Sófia,8644,09:36 ~ 10:10,10:10 ~ 10:48
Aeroporto Internacional de Belém,Aeroporto de Bratislava,8350,09:16 ~ 09:49,09:49 ~ 10:26
Aeroporto Internacional de Belém,Aeroporto de Ljubljana Joe Pu?nik,8079,08:58 ~ 09:30,09:30 ~ 10:05
Aeroporto Internacional de Belém,Aeroporto Adolfo Suárez Madrid-Barajas,6494,07:12 ~ 07:38,07:38 ~ 08:07
Aeroporto Internacional de Belém,Aeroporto de Barcelona-El Prat,6945,07:43 ~ 08:10,08:10 ~ 08:40
Aeroporto Internacional de Belém,Aeroporto de Tallinn,9200,10:13 ~ 10:49,10:49 ~ 11:30
Aeroporto Internacional de Belém,Aeroporto de Vágar,7844,08:42 ~ 09:13,09:13 ~ 09:48
Aeroporto Internacional de Belém,Aeroporto de Helsinque,9234,10:15 ~ 10:51,10:51 ~ 11:32
Aeroporto Internacional de Belém,Aeroporto Internacional de Brasília,1604,01:46 ~ 01:53,01:53 ~ 02:00
Aeroporto Internacional de Belém,Aeroporto Internacional de Várzea Grande,1803,02:00 ~ 02:07,02:07 ~ 02:15
Aeroporto Internacional de Belém,Aeroporto Internacional de Tabatinga,1990,02:12 ~ 02:20,02:20 ~ 02:29
Aeroporto Internacional de Belém,Aeroporto Internacional de Manaus,1300,01:26 ~ 01:31,01:31 ~ 01:37
Aeroporto Internacional de Belém,Aeroporto Internacional de Macapá,328,00:21 ~ 00:23,00:23 ~ 00:24
Aeroporto Internacional de Belém,Aeroporto Internacional de Fortaleza,1137,01:15 ~ 01:20,01:20 ~ 01:25
Aeroporto Internacional de Belém,Aeroporto Internacional de Maceió,1646,01:49 ~ 01:56,01:56 ~ 02:03
Aeroporto Internacional de Belém,Aeroporto Internacional de Aracaju,1646,01:49 ~ 01:56,01:56 ~ 02:03
Aeroporto Internacional de Belém,Aeroporto Internacional de Belo Horizonte,2097,02:19 ~ 02:28,02:28 ~ 02:37
Aeroporto Internacional de Belém,Aeroporto Santos Dumont,2451,02:43 ~ 02:53,02:53 ~ 03:03
Aeroporto Internacional de Belém,Aeroporto Internacional do Rio de Janeiro,2437,02:42 ~ 02:52,02:52 ~ 03:02
Aeroporto Internacional de Belém,Aeroporto Internacional de Vitória,2270,02:31 ~ 02:40,02:40 ~ 02:50
Aeroporto Internacional de Belém,Aeroporto Internacional de São José dos Campos,2429,02:41 ~ 02:51,02:51 ~ 03:02
Aeroporto Internacional de Belém,Aeroporto Internacional de Viracopos,2414,02:40 ~ 02:50,02:50 ~ 03:01
Aeroporto Internacional de Belém,Aeroporto Internacional de Curitiba,2643,02:56 ~ 03:06,03:06 ~ 03:18
Aeroporto Internacional de Belém,Aeroporto Internacional de Florianópolis,2909,03:13 ~ 03:25,03:25 ~ 03:38
Aeroporto Internacional de Belém,Aeroporto Internacional de Navegantes,2825,03:08 ~ 03:19,03:19 ~ 03:31
Aeroporto Internacional de Belém,Aeroporto Internacional de Porto Alegre,3180,03:31 ~ 03:44,03:44 ~ 03:58
Aeroporto Internacional de Belém,Aeroporto de Copenhague,7105,07:53 ~ 08:21,08:21 ~ 08:52
Aeroporto Internacional de Belém,Aeroporto Internacional Hartsfield-Jackson Atlanta,5402,06:00 ~ 06:21,06:21 ~ 06:45
Aeroporto Internacional de Belém,Aeroporto de Teresina,749,00:49 ~ 00:52,00:52 ~ 00:56
Aeroporto Internacional de Belém,Aeroporto Internacional de João Pessoa,1631,01:48 ~ 01:55,01:55 ~ 02:02
Aeroporto Internacional de Tabatinga,Aeroporto Internacional de Guarulhos,3078,03:25 ~ 03:37,03:37 ~ 03:50
Aeroporto Internacional de Tabatinga,Aeroporto Internacional do Recife,3510,03:53 ~ 04:07,04:07 ~ 04:23
Aeroporto Internacional de Tabatinga,Aeroporto Internacional de Salvador,3251,03:36 ~ 03:49,03:49 ~ 04:03
Aeroporto Internacional de Tabatinga,Aeroporto Internacional de Natal,3451,03:50 ~ 04:03,04:03 ~ 04:18
Aeroporto Internacional de Tabatinga,Aeroporto Internacional de São Luís,2451,02:43 ~ 02:53,02:53 ~ 03:03
Aeroporto Internacional de Tabatinga,Aeroporto Internacional Pinto Martins,3082,03:25 ~ 03:37,03:37 ~ 03:51
Aeroporto Internacional de Tabatinga,Aeroporto Internacional de Nursultan Nazarbayev,13424,14:54 ~ 15:47,15:47 ~ 16:46
Aeroporto Internacional de Tabatinga,Aeroporto Internacional de Xangai Pudong,16815,18:41 ~ 19:46,19:46 ~ 21:01
Aeroporto Internacional de Tabatinga,Aeroporto Internacional de Pequim Capital,15927,17:41 ~ 18:44,18:44 ~ 19:54
Aeroporto Internacional de Tabatinga,Aeroporto Internacional de Pyongyang Sunan,15853,17:36 ~ 18:39,18:39 ~ 19:48
Aeroporto Internacional de Tabatinga,Aeroporto Internacional de Incheon,16012,17:47 ~ 18:50,18:50 ~ 20:00
Aeroporto Internacional de Tabatinga,Aeroporto Internacional Ninoy Aquino,18543,20:36 ~ 21:48,21:48 ~ 23:10
Aeroporto Internacional de Tabatinga,Aeroporto Internacional de Hong Kong,17906,19:53 ~ 21:03,21:03 ~ 22:22
Aeroporto Internacional de Tabatinga,Aeroporto Internacional Indira Gandhi,15248,16:56 ~ 17:56,17:56 ~ 19:03
Aeroporto Internacional de Tabatinga,Aeroporto Internacional Soekarno-Hatta (Jacarta),18705,20:47 ~ 22:00,22:00 ~ 23:22
Aeroporto Internacional de Tabatinga,Aeroporto Internacional Ngurah Rai (Bali),18657,20:43 ~ 21:56,21:56 ~ 23:19
Aeroporto Internacional de Tabatinga,Aeroporto Internacional de Narita (Tóquio),15498,17:13 ~ 18:13,18:13 ~ 19:22
Aeroporto Internacional de Tabatinga,Aeroporto Internacional de Haneda (Tóquio),15553,17:16 ~ 18:17,18:17 ~ 19:26
Aeroporto Internacional de Tabatinga,Aeroporto Internacional de Kansai (Osaka),15914,17:40 ~ 18:43,18:43 ~ 19:53
Aeroporto Internacional de Tabatinga,Aeroporto Internacional de Wattay (Vientiane),17989,19:59 ~ 21:09,21:09 ~ 22:29
Aeroporto Internacional de Tabatinga,Aeroporto Internacional de Kuala Lumpur (Sepang),18698,20:46 ~ 21:59,21:59 ~ 23:22
Aeroporto Internacional de Tabatinga,Aeroporto Internacional de Penang (Penang),18527,20:35 ~ 21:47,21:47 ~ 23:09
Aeroporto Internacional de Tabatinga,Aeroporto Internacional de Malé,15570,17:18 ~ 18:19,18:19 ~ 19:27
Aeroporto Internacional de Tabatinga,Aeroporto Internacional de Changi,18930,21:02 ~ 22:16,22:16 ~ 23:39
Aeroporto Internacional de Tabatinga,Aeroporto Internacional de Suvarnabhumi,18194,20:12 ~ 21:24,21:24 ~ 22:44
Aeroporto Internacional de Tabatinga,Aeroporto Internacional Don Mueang,18166,20:11 ~ 21:22,21:22 ~ 22:42
Aeroporto Internacional de Tabatinga,Aeroporto Internacional de Taiwan Taoyuan,17472,19:24 ~ 20:33,20:33 ~ 21:50
Aeroporto Internacional de Tabatinga,Aeroporto Internacional de Tan Son Nhat,18881,20:58 ~ 22:12,22:12 ~ 23:36
Aeroporto Internacional de Tabatinga,Aeroporto Internacional de Noi Bai,17853,19:50 ~ 21:00,21:00 ~ 22:18
Aeroporto Internacional de Tabatinga,Aeroporto de Frankfurt,9217,10:14 ~ 10:50,10:50 ~ 11:31
Aeroporto Internacional de Tabatinga,Aeroporto de Dublin,8386,09:19 ~ 09:51,09:51 ~ 10:28
Aeroporto Internacional de Tabatinga,Aeroporto de Varsóvia Chopin,10111,11:14 ~ 11:53,11:53 ~ 12:38
Aeroporto Internacional de Tabatinga,Aeroporto de Oslo-Gardermoen,9632,10:42 ~ 11:19,11:19 ~ 12:02
Aeroporto Internacional de Tabatinga,Aeroporto de Roma-Fiumicino,9308,10:20 ~ 10:57,10:57 ~ 11:38
Aeroporto Internacional de Tabatinga,Aeroporto de Milão-Malpensa,9115,10:07 ~ 10:43,10:43 ~ 11:23
Aeroporto Internacional de Tabatinga,Aeroporto de Praga,9618,10:41 ~ 11:18,11:18 ~ 12:01
Aeroporto Internacional de Tabatinga,Aeroporto de Heathrow (Londres),8658,09:37 ~ 10:11,10:11 ~ 10:49
Aeroporto Internacional de Tabatinga,Aeroporto de Gatwick (Londres),8662,09:37 ~ 10:11,10:11 ~ 10:49
Aeroporto Internacional de Tabatinga,Aeroporto Internacional de Budapeste Ferenc Liszt,9944,11:02 ~ 11:41,11:41 ~ 12:25
Aeroporto Internacional de Tabatinga,Aeroporto de Schiphol (Amsterdã),9028,10:01 ~ 10:37,10:37 ~ 11:17
Aeroporto Internacional de Tabatinga,Aeroporto Internacional de Boryspil (Kiev),10803,12:00 ~ 12:42,12:42 ~ 13:30
Aeroporto Internacional de Tabatinga,Aeroporto de Istambul,10681,11:52 ~ 12:33,12:33 ~ 13:21
Aeroporto Internacional de Tabatinga,Aeroporto de Zurique,9149,10:09 ~ 10:45,10:45 ~ 11:26
Aeroporto Internacional de Tabatinga,Aeroporto de Estocolmo-Arlanda,9998,11:06 ~ 11:45,11:45 ~ 12:29
Aeroporto Internacional de Tabatinga,Aeroporto Nikola Tesla (Belgrado),9998,11:06 ~ 11:45,11:45 ~ 12:29
Aeroporto Internacional de Tabatinga,Aeroporto Internacional Sheremetyevo (Moscou),11164,12:24 ~ 13:08,13:08 ~ 13:57
Aeroporto Internacional de Tabatinga,Aeroporto de Pulkovo (São Petersburgo),10692,11:52 ~ 12:34,12:34 ~ 13:21
Aeroporto Internacional de Tabatinga,Aeroporto Internacional Henri Coand? (Bucareste),10458,11:37 ~ 12:18,12:18 ~ 13:04
Aeroporto Internacional de Tabatinga,Aeroporto Humberto Delgado (Lisboa),7477,08:18 ~ 08:47,08:47 ~ 09:20
Aeroporto Internacional de Tabatinga,Aeroporto Francisco Sá Carneiro (Porto),7628,08:28 ~ 08:58,08:58 ~ 09:32
Aeroporto Internacional de Tabatinga,Aeroporto Internacional de Malta,9397,10:26 ~ 11:03,11:03 ~ 11:44
Aeroporto Internacional de Tabatinga,Aeroporto de Luxemburgo,9041,10:02 ~ 10:38,10:38 ~ 11:18
Aeroporto Internacional de Tabatinga,Aeroporto Internacional de Vilnius,10409,11:33 ~ 12:14,12:14 ~ 13:00
Aeroporto Internacional de Tabatinga,Aeroporto Internacional de Riga,10331,11:28 ~ 12:09,12:09 ~ 12:54
Aeroporto Internacional de Tabatinga,Aeroporto Internacional Madre Teresa (Tirana),9922,11:01 ~ 11:40,11:40 ~ 12:24
Aeroporto Internacional de Tabatinga,Aeroporto de Barcelona-El Prat (Espanha),8471,09:24 ~ 09:57,09:57 ~ 10:35
Aeroporto Internacional de Tabatinga,Aeroporto de Toulouse-Blagnac (França),8494,09:26 ~ 09:59,09:59 ~ 10:37
Aeroporto Internacional de Tabatinga,Aeroporto Internacional de Viena,9753,10:50 ~ 11:28,11:28 ~ 12:11
Aeroporto Internacional de Tabatinga,Aeroporto de Bruxelas,8963,09:57 ~ 10:32,10:32 ~ 11:12
Aeroporto Internacional de Tabatinga,Aeroporto de Sófia,10234,11:22 ~ 12:02,12:02 ~ 12:47
Aeroporto Internacional de Tabatinga,Aeroporto de Bratislava,9801,10:53 ~ 11:31,11:31 ~ 12:15
Aeroporto Internacional de Tabatinga,Aeroporto de Ljubljana Joe Pu?nik,9564,10:37 ~ 11:15,11:15 ~ 11:57
Aeroporto Internacional de Tabatinga,Aeroporto Adolfo Suárez Madrid-Barajas,7993,08:52 ~ 09:24,09:24 ~ 09:59
Aeroporto Internacional de Tabatinga,Aeroporto de Barcelona-El Prat,8471,09:24 ~ 09:57,09:57 ~ 10:35
Aeroporto Internacional de Tabatinga,Aeroporto de Tallinn,10385,11:32 ~ 12:13,12:13 ~ 12:58
Aeroporto Internacional de Tabatinga,Aeroporto de Vágar,8783,09:45 ~ 10:19,10:19 ~ 10:58
Aeroporto Internacional de Tabatinga,Aeroporto de Helsinque,10395,11:33 ~ 12:13,12:13 ~ 12:59
Aeroporto Internacional de Tabatinga,Aeroporto Internacional de Brasília,2439,02:42 ~ 02:52,02:52 ~ 03:02
Aeroporto Internacional de Tabatinga,Aeroporto Internacional de Várzea Grande,1735,01:55 ~ 02:02,02:02 ~ 02:10
Aeroporto Internacional de Tabatinga,Aeroporto Internacional de Belém,1990,02:12 ~ 02:20,02:20 ~ 02:29
Aeroporto Internacional de Tabatinga,Aeroporto Internacional de Manaus,692,00:46 ~ 00:48,00:48 ~ 00:51
Aeroporto Internacional de Tabatinga,Aeroporto Internacional de Macapá,1731,01:55 ~ 02:02,02:02 ~ 02:09
Aeroporto Internacional de Tabatinga,Aeroporto Internacional de Fortaleza,3081,03:25 ~ 03:37,03:37 ~ 03:51
Aeroporto Internacional de Tabatinga,Aeroporto Internacional de Maceió,3435,03:49 ~ 04:02,04:02 ~ 04:17
Aeroporto Internacional de Tabatinga,Aeroporto Internacional de Aracaju,3329,03:41 ~ 03:54,03:54 ~ 04:09
Aeroporto Internacional de Tabatinga,Aeroporto Internacional de Belo Horizonte,3082,03:25 ~ 03:37,03:37 ~ 03:51
Aeroporto Internacional de Tabatinga,Aeroporto Santos Dumont,3299,03:39 ~ 03:52,03:52 ~ 04:07
Aeroporto Internacional de Tabatinga,Aeroporto Internacional do Rio de Janeiro,3285,03:38 ~ 03:51,03:51 ~ 04:06
Aeroporto Internacional de Tabatinga,Aeroporto Internacional de Vitória,3382,03:45 ~ 03:58,03:58 ~ 04:13
Aeroporto Internacional de Tabatinga,Aeroporto Internacional de São José dos Campos,3103,03:26 ~ 03:39,03:39 ~ 03:52
Aeroporto Internacional de Tabatinga,Aeroporto Internacional de Viracopos,2955,03:16 ~ 03:28,03:28 ~ 03:41
Aeroporto Internacional de Tabatinga,Aeroporto Internacional de Curitiba,3037,03:22 ~ 03:34,03:34 ~ 03:47
Aeroporto Internacional de Tabatinga,Aeroporto Internacional de Florianópolis,3284,03:38 ~ 03:51,03:51 ~ 04:06
Aeroporto Internacional de Tabatinga,Aeroporto Internacional de Navegantes,3212,03:34 ~ 03:46,03:46 ~ 04:00
Aeroporto Internacional de Tabatinga,Aeroporto Internacional de Porto Alegre,3351,03:43 ~ 03:56,03:56 ~ 04:11
Aeroporto Internacional de Tabatinga,Aeroporto de Copenhague,8146,09:03 ~ 09:35,09:35 ~ 10:10
Aeroporto Internacional de Tabatinga,Aeroporto Internacional Hartsfield-Jackson Atlanta,4517,05:01 ~ 05:18,05:18 ~ 05:38
Aeroporto Internacional de Tabatinga,Aeroporto de Teresina,2609,02:53 ~ 03:04,03:04 ~ 03:15
Aeroporto Internacional de Tabatinga,Aeroporto Internacional de João Pessoa,3495,03:53 ~ 04:06,04:06 ~ 04:22
Aeroporto Internacional de Manaus,Aeroporto Internacional de Guarulhos,2688,02:59 ~ 03:09,03:09 ~ 03:21
Aeroporto Internacional de Manaus,Aeroporto Internacional do Recife,2839,03:09 ~ 03:20,03:20 ~ 03:32
Aeroporto Internacional de Manaus,Aeroporto Internacional de Salvador,2629,02:55 ~ 03:05,03:05 ~ 03:17
Aeroporto Internacional de Manaus,Aeroporto Internacional de Natal,2768,03:04 ~ 03:15,03:15 ~ 03:27
Aeroporto Internacional de Manaus,Aeroporto Internacional de São Luís,1760,01:57 ~ 02:04,02:04 ~ 02:12
Aeroporto Internacional de Manaus,Aeroporto Internacional Pinto Martins,2393,02:39 ~ 02:48,02:48 ~ 02:59
Aeroporto Internacional de Manaus,Aeroporto Internacional de Nursultan Nazarbayev,13041,14:29 ~ 15:20,15:20 ~ 16:18
Aeroporto Internacional de Manaus,Aeroporto Internacional de Xangai Pudong,16887,18:45 ~ 19:52,19:52 ~ 21:06
Aeroporto Internacional de Manaus,Aeroporto Internacional de Pequim Capital,15888,17:39 ~ 18:41,18:41 ~ 19:51
Aeroporto Internacional de Manaus,Aeroporto Internacional de Pyongyang Sunan,15955,17:43 ~ 18:46,18:46 ~ 19:56
Aeroporto Internacional de Manaus,Aeroporto Internacional de Incheon,16135,17:55 ~ 18:58,18:58 ~ 20:10
Aeroporto Internacional de Manaus,Aeroporto Internacional Ninoy Aquino,18730,20:48 ~ 22:02,22:02 ~ 23:24
Aeroporto Internacional de Manaus,Aeroporto Internacional de Hong Kong,17777,19:45 ~ 20:54,20:54 ~ 22:13
Aeroporto Internacional de Manaus,Aeroporto Internacional Indira Gandhi,14684,16:18 ~ 17:16,17:16 ~ 18:21
Aeroporto Internacional de Manaus,Aeroporto Internacional Soekarno-Hatta (Jacarta),18234,20:15 ~ 21:27,21:27 ~ 22:47
Aeroporto Internacional de Manaus,Aeroporto Internacional Ngurah Rai (Bali),18601,20:40 ~ 21:53,21:53 ~ 23:15
Aeroporto Internacional de Manaus,Aeroporto Internacional de Narita (Tóquio),15821,17:34 ~ 18:36,18:36 ~ 19:46
Aeroporto Internacional de Manaus,Aeroporto Internacional de Haneda (Tóquio),15871,17:38 ~ 18:40,18:40 ~ 19:50
Aeroporto Internacional de Manaus,Aeroporto Internacional de Kansai (Osaka),16189,17:59 ~ 19:02,19:02 ~ 20:14
Aeroporto Internacional de Manaus,Aeroporto Internacional de Wattay (Vientiane),17506,19:27 ~ 20:35,20:35 ~ 21:52
Aeroporto Internacional de Manaus,Aeroporto Internacional de Kuala Lumpur (Sepang),18008,20:00 ~ 21:11,21:11 ~ 22:30
Aeroporto Internacional de Manaus,Aeroporto Internacional de Penang (Penang),17839,19:49 ~ 20:59,20:59 ~ 22:17
Aeroporto Internacional de Manaus,Aeroporto Internacional de Malé,14879,16:31 ~ 17:30,17:30 ~ 18:35
Aeroporto Internacional de Manaus,Aeroporto Internacional de Changi,18252,20:16 ~ 21:28,21:28 ~ 22:48
Aeroporto Internacional de Manaus,Aeroporto Internacional de Suvarnabhumi,17610,19:33 ~ 20:43,20:43 ~ 22:00
Aeroporto Internacional de Manaus,Aeroporto Internacional Don Mueang,17585,19:32 ~ 20:41,20:41 ~ 21:58
Aeroporto Internacional de Manaus,Aeroporto Internacional de Taiwan Taoyuan,17561,19:30 ~ 20:39,20:39 ~ 21:57
Aeroporto Internacional de Manaus,Aeroporto Internacional de Tan Son Nhat,18326,20:21 ~ 21:33,21:33 ~ 22:54
Aeroporto Internacional de Manaus,Aeroporto Internacional de Noi Bai,17487,19:25 ~ 20:34,20:34 ~ 21:51
Aeroporto Internacional de Manaus,Aeroporto de Frankfurt,8763,09:44 ~ 10:18,10:18 ~ 10:57
Aeroporto Internacional de Manaus,Aeroporto de Dublin,7996,08:53 ~ 09:24,09:24 ~ 09:59
Aeroporto Internacional de Manaus,Aeroporto de Varsóvia Chopin,9661,10:44 ~ 11:21,11:21 ~ 12:04
Aeroporto Internacional de Manaus,Aeroporto de Oslo-Gardermoen,9270,10:18 ~ 10:54,10:54 ~ 11:35
Aeroporto Internacional de Manaus,Aeroporto de Roma-Fiumicino,8780,09:45 ~ 10:19,10:19 ~ 10:58
Aeroporto Internacional de Manaus,Aeroporto de Milão-Malpensa,8623,09:34 ~ 10:08,10:08 ~ 10:46
Aeroporto Internacional de Manaus,Aeroporto de Praga,9156,10:10 ~ 10:46,10:46 ~ 11:26
Aeroporto Internacional de Manaus,Aeroporto de Heathrow (Londres),8235,09:09 ~ 09:41,09:41 ~ 10:17
Aeroporto Internacional de Manaus,Aeroporto de Gatwick (Londres),8235,09:09 ~ 09:41,09:41 ~ 10:17
Aeroporto Internacional de Manaus,Aeroporto Internacional de Budapeste Ferenc Liszt,9454,10:30 ~ 11:07,11:07 ~ 11:49
Aeroporto Internacional de Manaus,Aeroporto de Schiphol (Amsterdã),8601,09:33 ~ 10:07,10:07 ~ 10:45
Aeroporto Internacional de Manaus,Aeroporto Internacional de Boryspil (Kiev),10334,11:28 ~ 12:09,12:09 ~ 12:55
Aeroporto Internacional de Manaus,Aeroporto de Istambul,10136,11:15 ~ 11:55,11:55 ~ 12:40
Aeroporto Internacional de Manaus,Aeroporto de Zurique,8672,09:38 ~ 10:12,10:12 ~ 10:50
Aeroporto Internacional de Manaus,Aeroporto de Estocolmo-Arlanda,9623,10:41 ~ 11:19,11:19 ~ 12:01
Aeroporto Internacional de Manaus,Aeroporto Nikola Tesla (Belgrado),9486,10:32 ~ 11:09,11:09 ~ 11:51
Aeroporto Internacional de Manaus,Aeroporto Internacional Sheremetyevo (Moscou),10751,11:56 ~ 12:38,12:38 ~ 13:26
Aeroporto Internacional de Manaus,Aeroporto de Pulkovo (São Petersburgo),10314,11:27 ~ 12:08,12:08 ~ 12:53
Aeroporto Internacional de Manaus,Aeroporto Internacional Henri Coand? (Bucareste),9941,11:02 ~ 11:41,11:41 ~ 12:25
Aeroporto Internacional de Manaus,Aeroporto Humberto Delgado (Lisboa),6971,07:44 ~ 08:12,08:12 ~ 08:42
Aeroporto Internacional de Manaus,Aeroporto Francisco Sá Carneiro (Porto),7141,07:56 ~ 08:24,08:24 ~ 08:55
Aeroporto Internacional de Manaus,Aeroporto Internacional de Malta,8823,09:48 ~ 10:22,10:22 ~ 11:01
Aeroporto Internacional de Manaus,Aeroporto de Luxemburgo,8587,09:32 ~ 10:06,10:06 ~ 10:44
Aeroporto Internacional de Manaus,Aeroporto Internacional de Vilnius,9981,11:05 ~ 11:44,11:44 ~ 12:28
Aeroporto Internacional de Manaus,Aeroporto Internacional de Riga,9925,11:01 ~ 11:40,11:40 ~ 12:24
Aeroporto Internacional de Manaus,Aeroporto Internacional Madre Teresa (Tirana),9383,10:25 ~ 11:02,11:02 ~ 11:43
Aeroporto Internacional de Manaus,Aeroporto de Barcelona-El Prat (Espanha),7955,08:50 ~ 09:21,09:21 ~ 09:56
Aeroporto Internacional de Manaus,Aeroporto de Toulouse-Blagnac (França),7999,08:53 ~ 09:24,09:24 ~ 09:59
Aeroporto Internacional de Manaus,Aeroporto Internacional de Viena,9271,10:18 ~ 10:54,10:54 ~ 11:35
Aeroporto Internacional de Manaus,Aeroporto de Bruxelas,8524,09:28 ~ 10:01,10:01 ~ 10:39
Aeroporto Internacional de Manaus,Aeroporto de Sófia,9703,10:46 ~ 11:24,11:24 ~ 12:07
Aeroporto Internacional de Manaus,Aeroporto de Bratislava,9319,10:21 ~ 10:57,10:57 ~ 11:38
Aeroporto Internacional de Manaus,Aeroporto de Ljubljana Joe Pu?nik,9069,10:04 ~ 10:40,10:40 ~ 11:20
Aeroporto Internacional de Manaus,Aeroporto Adolfo Suárez Madrid-Barajas,7484,08:18 ~ 08:48,08:48 ~ 09:21
Aeroporto Internacional de Manaus,Aeroporto de Barcelona-El Prat,7955,08:50 ~ 09:21,09:21 ~ 09:56
Aeroporto Internacional de Manaus,Aeroporto de Tallinn,10004,11:06 ~ 11:46,11:46 ~ 12:30
Aeroporto Internacional de Manaus,Aeroporto de Vágar,8476,09:25 ~ 09:58,09:58 ~ 10:35
Aeroporto Internacional de Manaus,Aeroporto de Helsinque,10022,11:08 ~ 11:47,11:47 ~ 12:31
Aeroporto Internacional de Manaus,Aeroporto Internacional de Brasília,1943,02:09 ~ 02:17,02:17 ~ 02:25
Aeroporto Internacional de Manaus,Aeroporto Internacional de Várzea Grande,1450,01:36 ~ 01:42,01:42 ~ 01:48
Aeroporto Internacional de Manaus,Aeroporto Internacional de Belém,1300,01:26 ~ 01:31,01:31 ~ 01:37
Aeroporto Internacional de Manaus,Aeroporto Internacional de Tabatinga,692,00:46 ~ 00:48,00:48 ~ 00:51
Aeroporto Internacional de Manaus,Aeroporto Internacional de Macapá,1055,01:10 ~ 01:14,01:14 ~ 01:19
Aeroporto Internacional de Manaus,Aeroporto Internacional de Fortaleza,2392,02:39 ~ 02:48,02:48 ~ 02:59
Aeroporto Internacional de Manaus,Aeroporto Internacional de Maceió,2771,03:04 ~ 03:15,03:15 ~ 03:27
Aeroporto Internacional de Manaus,Aeroporto Internacional de Aracaju,2683,02:58 ~ 03:09,03:09 ~ 03:21
Aeroporto Internacional de Manaus,Aeroporto Internacional de Belo Horizonte,2589,02:52 ~ 03:02,03:02 ~ 03:14
Aeroporto Internacional de Manaus,Aeroporto Santos Dumont,2855,03:10 ~ 03:21,03:21 ~ 03:34
Aeroporto Internacional de Manaus,Aeroporto Internacional do Rio de Janeiro,2841,03:09 ~ 03:20,03:20 ~ 03:33
Aeroporto Internacional de Manaus,Aeroporto Internacional de Vitória,2869,03:11 ~ 03:22,03:22 ~ 03:35
Aeroporto Internacional de Manaus,Aeroporto Internacional de São José dos Campos,2701,03:00 ~ 03:10,03:10 ~ 03:22
Aeroporto Internacional de Manaus,Aeroporto Internacional de Viracopos,2586,02:52 ~ 03:02,03:02 ~ 03:13
Aeroporto Internacional de Manaus,Aeroporto Internacional de Curitiba,2720,03:01 ~ 03:12,03:12 ~ 03:23
Aeroporto Internacional de Manaus,Aeroporto Internacional de Florianópolis,2988,03:19 ~ 03:30,03:30 ~ 03:44
Aeroporto Internacional de Manaus,Aeroporto Internacional de Navegantes,2907,03:13 ~ 03:25,03:25 ~ 03:38
Aeroporto Internacional de Manaus,Aeroporto Internacional de Porto Alegre,3127,03:28 ~ 03:40,03:40 ~ 03:54
Aeroporto Internacional de Manaus,Aeroporto de Copenhague,7798,08:39 ~ 09:10,09:10 ~ 09:44
Aeroporto Internacional de Manaus,Aeroporto Internacional Hartsfield-Jackson Atlanta,4800,05:19 ~ 05:38,05:38 ~ 06:00
Aeroporto Internacional de Manaus,Aeroporto de Teresina,1925,02:08 ~ 02:15,02:15 ~ 02:24
Aeroporto Internacional de Manaus,Aeroporto Internacional de João Pessoa,2819,03:07 ~ 03:18,03:18 ~ 03:31
Aeroporto Internacional de Macapá,Aeroporto Internacional de Guarulhos,2644,02:56 ~ 03:06,03:06 ~ 03:18
Aeroporto Internacional de Macapá,Aeroporto Internacional do Recife,2006,02:13 ~ 02:21,02:21 ~ 02:30
Aeroporto Internacional de Macapá,Aeroporto Internacional de Salvador,2007,02:13 ~ 02:21,02:21 ~ 02:30
Aeroporto Internacional de Macapá,Aeroporto Internacional de Natal,1871,02:04 ~ 02:12,02:12 ~ 02:20
Aeroporto Internacional de Macapá,Aeroporto Internacional de São Luís,815,00:54 ~ 00:57,00:57 ~ 01:01
Aeroporto Internacional de Macapá,Aeroporto Internacional Pinto Martins,1458,01:37 ~ 01:42,01:42 ~ 01:49
Aeroporto Internacional de Macapá,Aeroporto Internacional de Nursultan Nazarbayev,12209,13:33 ~ 14:21,14:21 ~ 15:15
Aeroporto Internacional de Macapá,Aeroporto Internacional de Xangai Pudong,16473,18:18 ~ 19:22,19:22 ~ 20:35
Aeroporto Internacional de Macapá,Aeroporto Internacional de Pequim Capital,15391,17:06 ~ 18:06,18:06 ~ 19:14
Aeroporto Internacional de Macapá,Aeroporto Internacional de Pyongyang Sunan,15644,17:22 ~ 18:24,18:24 ~ 19:33
Aeroporto Internacional de Macapá,Aeroporto Internacional de Incheon,15844,17:36 ~ 18:38,18:38 ~ 19:48
Aeroporto Internacional de Macapá,Aeroporto Internacional Ninoy Aquino,18182,20:12 ~ 21:23,21:23 ~ 22:43
Aeroporto Internacional de Macapá,Aeroporto Internacional de Hong Kong,17053,18:56 ~ 20:03,20:03 ~ 21:18
Aeroporto Internacional de Macapá,Aeroporto Internacional Indira Gandhi,13674,15:11 ~ 16:05,16:05 ~ 17:05
Aeroporto Internacional de Macapá,Aeroporto Internacional Soekarno-Hatta (Jacarta),17470,19:24 ~ 20:33,20:33 ~ 21:50
Aeroporto Internacional de Macapá,Aeroporto Internacional Ngurah Rai (Bali),18223,20:14 ~ 21:26,21:26 ~ 22:46
Aeroporto Internacional de Macapá,Aeroporto Internacional de Narita (Tóquio),15869,17:37 ~ 18:40,18:40 ~ 19:50
Aeroporto Internacional de Macapá,Aeroporto Internacional de Haneda (Tóquio),15908,17:40 ~ 18:42,18:42 ~ 19:53
Aeroporto Internacional de Macapá,Aeroporto Internacional de Kansai (Osaka),16132,17:55 ~ 18:58,18:58 ~ 20:09
Aeroporto Internacional de Macapá,Aeroporto Internacional de Wattay (Vientiane),16518,18:21 ~ 19:25,19:25 ~ 20:38
Aeroporto Internacional de Macapá,Aeroporto Internacional de Kuala Lumpur (Sepang),16992,18:52 ~ 19:59,19:59 ~ 21:14
Aeroporto Internacional de Macapá,Aeroporto Internacional de Penang (Penang),16797,18:39 ~ 19:45,19:45 ~ 20:59
Aeroporto Internacional de Macapá,Aeroporto Internacional de Malé,13858,15:23 ~ 16:18,16:18 ~ 17:19
Aeroporto Internacional de Macapá,Aeroporto Internacional de Changi,17257,19:10 ~ 20:18,20:18 ~ 21:34
Aeroporto Internacional de Macapá,Aeroporto Internacional de Suvarnabhumi,16572,18:24 ~ 19:29,19:29 ~ 20:42
Aeroporto Internacional de Macapá,Aeroporto Internacional Don Mueang,16548,18:23 ~ 19:28,19:28 ~ 20:41
Aeroporto Internacional de Macapá,Aeroporto Internacional de Taiwan Taoyuan,17106,19:00 ~ 20:07,20:07 ~ 21:22
Aeroporto Internacional de Macapá,Aeroporto Internacional de Tan Son Nhat,17289,19:12 ~ 20:20,20:20 ~ 21:36
Aeroporto Internacional de Macapá,Aeroporto Internacional de Noi Bai,16579,18:25 ~ 19:30,19:30 ~ 20:43
Aeroporto Internacional de Macapá,Aeroporto de Frankfurt,7891,08:46 ~ 09:17,09:17 ~ 09:51
Aeroporto Internacional de Macapá,Aeroporto de Dublin,7213,08:00 ~ 08:29,08:29 ~ 09:00
Aeroporto Internacional de Macapá,Aeroporto de Varsóvia Chopin,8788,09:45 ~ 10:20,10:20 ~ 10:59
Aeroporto Internacional de Macapá,Aeroporto de Oslo-Gardermoen,8504,09:26 ~ 10:00,10:00 ~ 10:37
Aeroporto Internacional de Macapá,Aeroporto de Roma-Fiumicino,7826,08:41 ~ 09:12,09:12 ~ 09:46
Aeroporto Internacional de Macapá,Aeroporto de Milão-Malpensa,7709,08:33 ~ 09:04,09:04 ~ 09:38
Aeroporto Internacional de Macapá,Aeroporto de Praga,8273,09:11 ~ 09:43,09:43 ~ 10:20
Aeroporto Internacional de Macapá,Aeroporto de Heathrow (Londres),7406,08:13 ~ 08:42,08:42 ~ 09:15
Aeroporto Internacional de Macapá,Aeroporto de Gatwick (Londres),7402,08:13 ~ 08:42,08:42 ~ 09:15
Aeroporto Internacional de Macapá,Aeroporto Internacional de Budapeste Ferenc Liszt,8538,09:29 ~ 10:02,10:02 ~ 10:40
Aeroporto Internacional de Macapá,Aeroporto de Schiphol (Amsterdã),7763,08:37 ~ 09:07,09:07 ~ 09:42
Aeroporto Internacional de Macapá,Aeroporto Internacional de Boryspil (Kiev),9435,10:28 ~ 11:05,11:05 ~ 11:47
Aeroporto Internacional de Macapá,Aeroporto de Istambul,9159,10:10 ~ 10:46,10:46 ~ 11:26
Aeroporto Internacional de Macapá,Aeroporto de Zurique,7775,08:38 ~ 09:08,09:08 ~ 09:43
Aeroporto Internacional de Macapá,Aeroporto de Estocolmo-Arlanda,8837,09:49 ~ 10:23,10:23 ~ 11:02
Aeroporto Internacional de Macapá,Aeroporto Nikola Tesla (Belgrado),8546,09:29 ~ 10:03,10:03 ~ 10:40
Aeroporto Internacional de Macapá,Aeroporto Internacional Sheremetyevo (Moscou),9909,11:00 ~ 11:39,11:39 ~ 12:23
Aeroporto Internacional de Macapá,Aeroporto de Pulkovo (São Petersburgo),9517,10:34 ~ 11:11,11:11 ~ 11:53
Aeroporto Internacional de Macapá,Aeroporto Internacional Henri Coand? (Bucareste),8993,09:59 ~ 10:34,10:34 ~ 11:14
Aeroporto Internacional de Macapá,Aeroporto Humberto Delgado (Lisboa),6054,06:43 ~ 07:07,07:07 ~ 07:34
Aeroporto Internacional de Macapá,Aeroporto Francisco Sá Carneiro (Porto),6244,06:56 ~ 07:20,07:20 ~ 07:48
Aeroporto Internacional de Macapá,Aeroporto Internacional de Malta,7825,08:41 ~ 09:12,09:12 ~ 09:46
Aeroporto Internacional de Macapá,Aeroporto de Luxemburgo,7718,08:34 ~ 09:04,09:04 ~ 09:38
Aeroporto Internacional de Macapá,Aeroporto Internacional de Vilnius,9129,10:08 ~ 10:44,10:44 ~ 11:24
Aeroporto Internacional de Macapá,Aeroporto Internacional de Riga,9100,10:06 ~ 10:42,10:42 ~ 11:22
Aeroporto Internacional de Macapá,Aeroporto Internacional Madre Teresa (Tirana),8417,09:21 ~ 09:54,09:54 ~ 10:31
Aeroporto Internacional de Macapá,Aeroporto de Barcelona-El Prat (Espanha),7020,07:47 ~ 08:15,08:15 ~ 08:46
Aeroporto Internacional de Macapá,Aeroporto de Toulouse-Blagnac (França),7087,07:52 ~ 08:20,08:20 ~ 08:51
Aeroporto Internacional de Macapá,Aeroporto Internacional de Viena,8364,09:17 ~ 09:50,09:50 ~ 10:27
Aeroporto Internacional de Macapá,Aeroporto de Bruxelas,7673,08:31 ~ 09:01,09:01 ~ 09:35
Aeroporto Internacional de Macapá,Aeroporto de Sófia,8743,09:42 ~ 10:17,10:17 ~ 10:55
Aeroporto Internacional de Macapá,Aeroporto de Bratislava,8412,09:20 ~ 09:53,09:53 ~ 10:30
Aeroporto Internacional de Macapá,Aeroporto de Ljubljana Joe Pu?nik,8149,09:03 ~ 09:35,09:35 ~ 10:11
Aeroporto Internacional de Macapá,Aeroporto Adolfo Suárez Madrid-Barajas,6560,07:17 ~ 07:43,07:43 ~ 08:11
Aeroporto Internacional de Macapá,Aeroporto de Barcelona-El Prat,7021,07:48 ~ 08:15,08:15 ~ 08:46
Aeroporto Internacional de Macapá,Aeroporto de Tallinn,9207,10:13 ~ 10:49,10:49 ~ 11:30
Aeroporto Internacional de Macapá,Aeroporto de Vágar,7794,08:39 ~ 09:10,09:10 ~ 09:44
Aeroporto Internacional de Macapá,Aeroporto de Helsinque,9236,10:15 ~ 10:51,10:51 ~ 11:32
Aeroporto Internacional de Macapá,Aeroporto Internacional de Brasília,1793,01:59 ~ 02:06,02:06 ~ 02:14
Aeroporto Internacional de Macapá,Aeroporto Internacional de Várzea Grande,1832,02:02 ~ 02:09,02:09 ~ 02:17
Aeroporto Internacional de Macapá,Aeroporto Internacional de Belém,328,00:21 ~ 00:23,00:23 ~ 00:24
Aeroporto Internacional de Macapá,Aeroporto Internacional de Tabatinga,1731,01:55 ~ 02:02,02:02 ~ 02:09
Aeroporto Internacional de Macapá,Aeroporto Internacional de Manaus,1055,01:10 ~ 01:14,01:14 ~ 01:19
Aeroporto Internacional de Macapá,Aeroporto Internacional de Fortaleza,1457,01:37 ~ 01:42,01:42 ~ 01:49
Aeroporto Internacional de Macapá,Aeroporto Internacional de Maceió,1974,02:11 ~ 02:19,02:19 ~ 02:28
Aeroporto Internacional de Macapá,Aeroporto Internacional de Aracaju,1969,02:11 ~ 02:18,02:18 ~ 02:27
Aeroporto Internacional de Macapá,Aeroporto Internacional de Belo Horizonte,2336,02:35 ~ 02:44,02:44 ~ 02:55
Aeroporto Internacional de Macapá,Aeroporto Santos Dumont,2679,02:58 ~ 03:09,03:09 ~ 03:20
Aeroporto Internacional de Macapá,Aeroporto Internacional do Rio de Janeiro,2666,02:57 ~ 03:08,03:08 ~ 03:19
Aeroporto Internacional de Macapá,Aeroporto Internacional de Vitória,2534,02:48 ~ 02:58,02:58 ~ 03:10
Aeroporto Internacional de Macapá,Aeroporto Internacional de São José dos Campos,2630,02:55 ~ 03:05,03:05 ~ 03:17
Aeroporto Internacional de Macapá,Aeroporto Internacional de Viracopos,2592,02:52 ~ 03:02,03:02 ~ 03:14
Aeroporto Internacional de Macapá,Aeroporto Internacional de Curitiba,2806,03:07 ~ 03:18,03:18 ~ 03:30
Aeroporto Internacional de Macapá,Aeroporto Internacional de Florianópolis,3078,03:25 ~ 03:37,03:37 ~ 03:50
Aeroporto Internacional de Macapá,Aeroporto Internacional de Navegantes,2993,03:19 ~ 03:31,03:31 ~ 03:44
Aeroporto Internacional de Macapá,Aeroporto Internacional de Porto Alegre,3324,03:41 ~ 03:54,03:54 ~ 04:09
Aeroporto Internacional de Macapá,Aeroporto de Copenhague,7071,07:51 ~ 08:19,08:19 ~ 08:50
Aeroporto Internacional de Macapá,Aeroporto Internacional Hartsfield-Jackson Atlanta,5096,05:39 ~ 05:59,05:59 ~ 06:22
Aeroporto Internacional de Macapá,Aeroporto de Teresina,1076,01:11 ~ 01:15,01:15 ~ 01:20
Aeroporto Internacional de Macapá,Aeroporto Internacional de João Pessoa,1958,02:10 ~ 02:18,02:18 ~ 02:26
Aeroporto Internacional de Fortaleza,Aeroporto Internacional de Guarulhos,2337,02:35 ~ 02:44,02:44 ~ 02:55
Aeroporto Internacional de Fortaleza,Aeroporto Internacional do Recife,626,00:41 ~ 00:44,00:44 ~ 00:46
Aeroporto Internacional de Fortaleza,Aeroporto Internacional de Salvador,1011,01:07 ~ 01:11,01:11 ~ 01:15
Aeroporto Internacional de Fortaleza,Aeroporto Internacional de Natal,426,00:28 ~ 00:30,00:30 ~ 00:31
Aeroporto Internacional de Fortaleza,Aeroporto Internacional de São Luís,646,00:43 ~ 00:45,00:45 ~ 00:48
Aeroporto Internacional de Fortaleza,Aeroporto Internacional Pinto Martins,1,00:00 ~ 00:00,00:00 ~ 00:00
Aeroporto Internacional de Fortaleza,Aeroporto Internacional de Nursultan Nazarbayev,11725,13:01 ~ 13:47,13:47 ~ 14:39
Aeroporto Internacional de Fortaleza,Aeroporto Internacional de Xangai Pudong,16349,18:09 ~ 19:14,19:14 ~ 20:26
Aeroporto Internacional de Fortaleza,Aeroporto Internacional de Pequim Capital,15277,16:58 ~ 17:58,17:58 ~ 19:05
Aeroporto Internacional de Fortaleza,Aeroporto Internacional de Pyongyang Sunan,15769,17:31 ~ 18:33,18:33 ~ 19:42
Aeroporto Internacional de Fortaleza,Aeroporto Internacional de Incheon,15975,17:45 ~ 18:47,18:47 ~ 19:58
Aeroporto Internacional de Fortaleza,Aeroporto Internacional Ninoy Aquino,17491,19:26 ~ 20:34,20:34 ~ 21:51
Aeroporto Internacional de Fortaleza,Aeroporto Internacional de Hong Kong,16415,18:14 ~ 19:18,19:18 ~ 20:31
Aeroporto Internacional de Fortaleza,Aeroporto Internacional Indira Gandhi,12715,14:07 ~ 14:57,14:57 ~ 15:53
Aeroporto Internacional de Fortaleza,Aeroporto Internacional Soekarno-Hatta (Jacarta),16013,17:47 ~ 18:50,18:50 ~ 20:00
Aeroporto Internacional de Fortaleza,Aeroporto Internacional Ngurah Rai (Bali),16800,18:40 ~ 19:45,19:45 ~ 21:00
Aeroporto Internacional de Fortaleza,Aeroporto Internacional de Narita (Tóquio),16460,18:17 ~ 19:21,19:21 ~ 20:34
Aeroporto Internacional de Fortaleza,Aeroporto Internacional de Haneda (Tóquio),16481,18:18 ~ 19:23,19:23 ~ 20:36
Aeroporto Internacional de Fortaleza,Aeroporto Internacional de Kansai (Osaka),16550,18:23 ~ 19:28,19:28 ~ 20:41
Aeroporto Internacional de Fortaleza,Aeroporto Internacional de Wattay (Vientiane),15512,17:14 ~ 18:14,18:14 ~ 19:23
Aeroporto Internacional de Fortaleza,Aeroporto Internacional de Kuala Lumpur (Sepang),15617,17:21 ~ 18:22,18:22 ~ 19:31
Aeroporto Internacional de Fortaleza,Aeroporto Internacional de Penang (Penang),15464,17:10 ~ 18:11,18:11 ~ 19:19
Aeroporto Internacional de Fortaleza,Aeroporto Internacional de Malé,12495,13:52 ~ 14:41,14:41 ~ 15:37
Aeroporto Internacional de Fortaleza,Aeroporto Internacional de Changi,15861,17:37 ~ 18:39,18:39 ~ 19:49
Aeroporto Internacional de Fortaleza,Aeroporto Internacional de Suvarnabhumi,15430,17:08 ~ 18:09,18:09 ~ 19:17
Aeroporto Internacional de Fortaleza,Aeroporto Internacional Don Mueang,15410,17:07 ~ 18:07,18:07 ~ 19:15
Aeroporto Internacional de Fortaleza,Aeroporto Internacional de Taiwan Taoyuan,16816,18:41 ~ 19:47,19:47 ~ 21:01
Aeroporto Internacional de Fortaleza,Aeroporto Internacional de Tan Son Nhat,16116,17:54 ~ 18:57,18:57 ~ 20:08
Aeroporto Internacional de Fortaleza,Aeroporto Internacional de Noi Bai,15718,17:27 ~ 18:29,18:29 ~ 19:38
Aeroporto Internacional de Fortaleza,Aeroporto de Frankfurt,7472,08:18 ~ 08:47,08:47 ~ 09:20
Aeroporto Internacional de Fortaleza,Aeroporto de Dublin,7019,07:47 ~ 08:15,08:15 ~ 08:46
Aeroporto Internacional de Fortaleza,Aeroporto de Varsóvia Chopin,8332,09:15 ~ 09:48,09:48 ~ 10:24
Aeroporto Internacional de Fortaleza,Aeroporto de Oslo-Gardermoen,8292,09:12 ~ 09:45,09:45 ~ 10:21
Aeroporto Internacional de Fortaleza,Aeroporto de Roma-Fiumicino,7191,07:59 ~ 08:27,08:27 ~ 08:59
Aeroporto Internacional de Fortaleza,Aeroporto de Milão-Malpensa,7189,07:59 ~ 08:27,08:27 ~ 08:59
Aeroporto Internacional de Fortaleza,Aeroporto de Praga,7810,08:40 ~ 09:11,09:11 ~ 09:45
Aeroporto Internacional de Fortaleza,Aeroporto de Heathrow (Londres),7106,07:53 ~ 08:21,08:21 ~ 08:52
Aeroporto Internacional de Fortaleza,Aeroporto de Gatwick (Londres),7092,07:52 ~ 08:20,08:20 ~ 08:51
Aeroporto Internacional de Fortaleza,Aeroporto Internacional de Budapeste Ferenc Liszt,7982,08:52 ~ 09:23,09:23 ~ 09:58
Aeroporto Internacional de Fortaleza,Aeroporto de Schiphol (Amsterdã),7428,08:15 ~ 08:44,08:44 ~ 09:17
Aeroporto Internacional de Fortaleza,Aeroporto Internacional de Boryspil (Kiev),8894,09:52 ~ 10:27,10:27 ~ 11:07
Aeroporto Internacional de Fortaleza,Aeroporto de Istambul,8414,09:20 ~ 09:53,09:53 ~ 10:31
Aeroporto Internacional de Fortaleza,Aeroporto de Zurique,7298,08:06 ~ 08:35,08:35 ~ 09:07
Aeroporto Internacional de Fortaleza,Aeroporto de Estocolmo-Arlanda,8571,09:31 ~ 10:05,10:05 ~ 10:42
Aeroporto Internacional de Fortaleza,Aeroporto Nikola Tesla (Belgrado),7925,08:48 ~ 09:19,09:19 ~ 09:54
Aeroporto Internacional de Fortaleza,Aeroporto Internacional Sheremetyevo (Moscou),9485,10:32 ~ 11:09,11:09 ~ 11:51
Aeroporto Internacional de Fortaleza,Aeroporto de Pulkovo (São Petersburgo),9203,10:13 ~ 10:49,10:49 ~ 11:30
Aeroporto Internacional de Fortaleza,Aeroporto Internacional Henri Coand? (Bucareste),8338,09:15 ~ 09:48,09:48 ~ 10:25
Aeroporto Internacional de Fortaleza,Aeroporto Humberto Delgado (Lisboa),5596,06:13 ~ 06:35,06:35 ~ 06:59
Aeroporto Internacional de Fortaleza,Aeroporto Francisco Sá Carneiro (Porto),5834,06:28 ~ 06:51,06:51 ~ 07:17
Aeroporto Internacional de Fortaleza,Aeroporto Internacional de Malta,7042,07:49 ~ 08:17,08:17 ~ 08:48
Aeroporto Internacional de Fortaleza,Aeroporto de Luxemburgo,7311,08:07 ~ 08:36,08:36 ~ 09:08
Aeroporto Internacional de Fortaleza,Aeroporto Internacional de Vilnius,8709,09:40 ~ 10:14,10:14 ~ 10:53
Aeroporto Internacional de Fortaleza,Aeroporto Internacional de Riga,8740,09:42 ~ 10:16,10:16 ~ 10:55
Aeroporto Internacional de Fortaleza,Aeroporto Internacional Madre Teresa (Tirana),7723,08:34 ~ 09:05,09:05 ~ 09:39
Aeroporto Internacional de Fortaleza,Aeroporto de Barcelona-El Prat (Espanha),6469,07:11 ~ 07:36,07:36 ~ 08:05
Aeroporto Internacional de Fortaleza,Aeroporto de Toulouse-Blagnac (França),6596,07:19 ~ 07:45,07:45 ~ 08:14
Aeroporto Internacional de Fortaleza,Aeroporto Internacional de Viena,7841,08:42 ~ 09:13,09:13 ~ 09:48
Aeroporto Internacional de Fortaleza,Aeroporto de Bruxelas,7309,08:07 ~ 08:35,08:35 ~ 09:08
Aeroporto Internacional de Fortaleza,Aeroporto de Sófia,8058,08:57 ~ 09:28,09:28 ~ 10:04
Aeroporto Internacional de Fortaleza,Aeroporto de Bratislava,7886,08:45 ~ 09:16,09:16 ~ 09:51
Aeroporto Internacional de Fortaleza,Aeroporto de Ljubljana Joe Pu?nik,7597,08:26 ~ 08:56,08:56 ~ 09:29
Aeroporto Internacional de Fortaleza,Aeroporto Adolfo Suárez Madrid-Barajas,6059,06:43 ~ 07:07,07:07 ~ 07:34
Aeroporto Internacional de Fortaleza,Aeroporto de Barcelona-El Prat,6469,07:11 ~ 07:36,07:36 ~ 08:05
Aeroporto Internacional de Fortaleza,Aeroporto de Tallinn,8902,09:53 ~ 10:28,10:28 ~ 11:07
Aeroporto Internacional de Fortaleza,Aeroporto de Vágar,7771,08:38 ~ 09:08,09:08 ~ 09:42
Aeroporto Internacional de Fortaleza,Aeroporto de Helsinque,8953,09:56 ~ 10:31,10:31 ~ 11:11
Aeroporto Internacional de Fortaleza,Aeroporto Internacional de Brasília,1688,01:52 ~ 01:59,01:59 ~ 02:06
Aeroporto Internacional de Fortaleza,Aeroporto Internacional de Várzea Grande,2359,02:37 ~ 02:46,02:46 ~ 02:56
Aeroporto Internacional de Fortaleza,Aeroporto Internacional de Belém,1137,01:15 ~ 01:20,01:20 ~ 01:25
Aeroporto Internacional de Fortaleza,Aeroporto Internacional de Tabatinga,3081,03:25 ~ 03:37,03:37 ~ 03:51
Aeroporto Internacional de Fortaleza,Aeroporto Internacional de Manaus,2392,02:39 ~ 02:48,02:48 ~ 02:59
Aeroporto Internacional de Fortaleza,Aeroporto Internacional de Macapá,1457,01:37 ~ 01:42,01:42 ~ 01:49
Aeroporto Internacional de Fortaleza,Aeroporto Internacional de Maceió,660,00:44 ~ 00:46,00:46 ~ 00:49
Aeroporto Internacional de Fortaleza,Aeroporto Internacional de Aracaju,809,00:53 ~ 00:57,00:57 ~ 01:00
Aeroporto Internacional de Fortaleza,Aeroporto Internacional de Belo Horizonte,1826,02:01 ~ 02:08,02:08 ~ 02:16
Aeroporto Internacional de Fortaleza,Aeroporto Santos Dumont,2175,02:24 ~ 02:33,02:33 ~ 02:43
Aeroporto Internacional de Fortaleza,Aeroporto Internacional do Rio de Janeiro,2166,02:24 ~ 02:32,02:32 ~ 02:42
Aeroporto Internacional de Fortaleza,Aeroporto Internacional de Vitória,1833,02:02 ~ 02:09,02:09 ~ 02:17
Aeroporto Internacional de Fortaleza,Aeroporto Internacional de São José dos Campos,2290,02:32 ~ 02:41,02:41 ~ 02:51
Aeroporto Internacional de Fortaleza,Aeroporto Internacional de Viracopos,2372,02:38 ~ 02:47,02:47 ~ 02:57
Aeroporto Internacional de Fortaleza,Aeroporto Internacional de Curitiba,2635,02:55 ~ 03:06,03:06 ~ 03:17
Aeroporto Internacional de Fortaleza,Aeroporto Internacional de Florianópolis,2850,03:09 ~ 03:21,03:21 ~ 03:33
Aeroporto Internacional de Fortaleza,Aeroporto Internacional de Navegantes,2778,03:05 ~ 03:16,03:16 ~ 03:28
Aeroporto Internacional de Fortaleza,Aeroporto Internacional de Porto Alegre,3193,03:32 ~ 03:45,03:45 ~ 03:59
Aeroporto Internacional de Fortaleza,Aeroporto de Copenhague,6997,07:46 ~ 08:13,08:13 ~ 08:44
Aeroporto Internacional de Fortaleza,Aeroporto Internacional Hartsfield-Jackson Atlanta,6353,07:03 ~ 07:28,07:28 ~ 07:56
Aeroporto Internacional de Fortaleza,Aeroporto de Teresina,497,00:33 ~ 00:35,00:35 ~ 00:37
Aeroporto Internacional de Fortaleza,Aeroporto Internacional de João Pessoa,545,00:36 ~ 00:38,00:38 ~ 00:40
Aeroporto Internacional de Maceió,Aeroporto Internacional de Guarulhos,1961,02:10 ~ 02:18,02:18 ~ 02:27
Aeroporto Internacional de Maceió,Aeroporto Internacional do Recife,136,00:09 ~ 00:09,00:09 ~ 00:10
Aeroporto Internacional de Maceió,Aeroporto Internacional de Salvador,513,00:34 ~ 00:36,00:36 ~ 00:38
Aeroporto Internacional de Maceió,Aeroporto Internacional de Natal,365,00:24 ~ 00:25,00:25 ~ 00:27
Aeroporto Internacional de Maceió,Aeroporto Internacional de São Luís,1180,01:18 ~ 01:23,01:23 ~ 01:28
Aeroporto Internacional de Maceió,Aeroporto Internacional Pinto Martins,659,00:43 ~ 00:46,00:46 ~ 00:49
Aeroporto Internacional de Maceió,Aeroporto Internacional de Nursultan Nazarbayev,11988,13:19 ~ 14:06,14:06 ~ 14:59
Aeroporto Internacional de Maceió,Aeroporto Internacional de Xangai Pudong,16641,18:29 ~ 19:34,19:34 ~ 20:48
Aeroporto Internacional de Maceió,Aeroporto Internacional de Pequim Capital,15617,17:21 ~ 18:22,18:22 ~ 19:31
Aeroporto Internacional de Maceió,Aeroporto Internacional de Pyongyang Sunan,16188,17:59 ~ 19:02,19:02 ~ 20:14
Aeroporto Internacional de Maceió,Aeroporto Internacional de Incheon,16388,18:12 ~ 19:16,19:16 ~ 20:29
Aeroporto Internacional de Maceió,Aeroporto Internacional Ninoy Aquino,17431,19:22 ~ 20:30,20:30 ~ 21:47
Aeroporto Internacional de Maceió,Aeroporto Internacional de Hong Kong,16471,18:18 ~ 19:22,19:22 ~ 20:35
Aeroporto Internacional de Maceió,Aeroporto Internacional Indira Gandhi,12720,14:07 ~ 14:57,14:57 ~ 15:54
Aeroporto Internacional de Maceió,Aeroporto Internacional Soekarno-Hatta (Jacarta),15535,17:15 ~ 18:16,18:16 ~ 19:25
Aeroporto Internacional de Maceió,Aeroporto Internacional Ngurah Rai (Bali),16250,18:03 ~ 19:07,19:07 ~ 20:18
Aeroporto Internacional de Maceió,Aeroporto Internacional de Narita (Tóquio),17019,18:54 ~ 20:01,20:01 ~ 21:16
Aeroporto Internacional de Maceió,Aeroporto Internacional de Haneda (Tóquio),17034,18:55 ~ 20:02,20:02 ~ 21:17
Aeroporto Internacional de Maceió,Aeroporto Internacional de Kansai (Osaka),17047,18:56 ~ 20:03,20:03 ~ 21:18
Aeroporto Internacional de Maceió,Aeroporto Internacional de Wattay (Vientiane),15423,17:08 ~ 18:08,18:08 ~ 19:16
Aeroporto Internacional de Maceió,Aeroporto Internacional de Kuala Lumpur (Sepang),15276,16:58 ~ 17:58,17:58 ~ 19:05
Aeroporto Internacional de Maceió,Aeroporto Internacional de Penang (Penang),15164,16:50 ~ 17:50,17:50 ~ 18:57
Aeroporto Internacional de Maceió,Aeroporto Internacional de Malé,12206,13:33 ~ 14:21,14:21 ~ 15:15
Aeroporto Internacional de Maceió,Aeroporto Internacional de Changi,15495,17:12 ~ 18:13,18:13 ~ 19:22
Aeroporto Internacional de Maceió,Aeroporto Internacional de Suvarnabhumi,15264,16:57 ~ 17:57,17:57 ~ 19:04
Aeroporto Internacional de Maceió,Aeroporto Internacional Don Mueang,15248,16:56 ~ 17:56,17:56 ~ 19:03
Aeroporto Internacional de Maceió,Aeroporto Internacional de Taiwan Taoyuan,17006,18:53 ~ 20:00,20:00 ~ 21:15
Aeroporto Internacional de Maceió,Aeroporto Internacional de Tan Son Nhat,15910,17:40 ~ 18:43,18:43 ~ 19:53
Aeroporto Internacional de Maceió,Aeroporto Internacional de Noi Bai,15699,17:26 ~ 18:28,18:28 ~ 19:37
Aeroporto Internacional de Maceió,Aeroporto de Frankfurt,7825,08:41 ~ 09:12,09:12 ~ 09:46
Aeroporto Internacional de Maceió,Aeroporto de Dublin,7462,08:17 ~ 08:46,08:46 ~ 09:19
Aeroporto Internacional de Maceió,Aeroporto de Varsóvia Chopin,8657,09:37 ~ 10:11,10:11 ~ 10:49
Aeroporto Internacional de Maceió,Aeroporto de Oslo-Gardermoen,8712,09:40 ~ 10:14,10:14 ~ 10:53
Aeroporto Internacional de Maceió,Aeroporto de Roma-Fiumicino,7455,08:16 ~ 08:46,08:46 ~ 09:19
Aeroporto Internacional de Maceió,Aeroporto de Milão-Malpensa,7505,08:20 ~ 08:49,08:49 ~ 09:22
Aeroporto Internacional de Maceió,Aeroporto de Praga,8141,09:02 ~ 09:34,09:34 ~ 10:10
Aeroporto Internacional de Maceió,Aeroporto de Heathrow (Londres),7511,08:20 ~ 08:50,08:50 ~ 09:23
Aeroporto Internacional de Maceió,Aeroporto de Gatwick (Londres),7494,08:19 ~ 08:48,08:48 ~ 09:22
Aeroporto Internacional de Maceió,Aeroporto Internacional de Budapeste Ferenc Liszt,8270,09:11 ~ 09:43,09:43 ~ 10:20
Aeroporto Internacional de Maceió,Aeroporto de Schiphol (Amsterdã),7815,08:41 ~ 09:11,09:11 ~ 09:46
Aeroporto Internacional de Maceió,Aeroporto Internacional de Boryspil (Kiev),9174,10:11 ~ 10:47,10:47 ~ 11:28
Aeroporto Internacional de Maceió,Aeroporto de Istambul,8604,09:33 ~ 10:07,10:07 ~ 10:45
Aeroporto Internacional de Maceió,Aeroporto de Zurique,7630,08:28 ~ 08:58,08:58 ~ 09:32
Aeroporto Internacional de Maceió,Aeroporto de Estocolmo-Arlanda,8968,09:57 ~ 10:33,10:33 ~ 11:12
Aeroporto Internacional de Maceió,Aeroporto Nikola Tesla (Belgrado),8183,09:05 ~ 09:37,09:37 ~ 10:13
Aeroporto Internacional de Maceió,Aeroporto Internacional Sheremetyevo (Moscou),9807,10:53 ~ 11:32,11:32 ~ 12:15
Aeroporto Internacional de Maceió,Aeroporto de Pulkovo (São Petersburgo),9573,10:38 ~ 11:15,11:15 ~ 11:57
Aeroporto Internacional de Maceió,Aeroporto Internacional Henri Coand? (Bucareste),8574,09:31 ~ 10:05,10:05 ~ 10:43
Aeroporto Internacional de Maceió,Aeroporto Humberto Delgado (Lisboa),5968,06:37 ~ 07:01,07:01 ~ 07:27
Aeroporto Internacional de Maceió,Aeroporto Francisco Sá Carneiro (Porto),6219,06:54 ~ 07:18,07:18 ~ 07:46
Aeroporto Internacional de Maceió,Aeroporto Internacional de Malta,7235,08:02 ~ 08:30,08:30 ~ 09:02
Aeroporto Internacional de Maceió,Aeroporto de Luxemburgo,7671,08:31 ~ 09:01,09:01 ~ 09:35
Aeroporto Internacional de Maceió,Aeroporto Internacional de Vilnius,9044,10:02 ~ 10:38,10:38 ~ 11:18
Aeroporto Internacional de Maceió,Aeroporto Internacional de Riga,9099,10:06 ~ 10:42,10:42 ~ 11:22
Aeroporto Internacional de Maceió,Aeroporto Internacional Madre Teresa (Tirana),7950,08:50 ~ 09:21,09:21 ~ 09:56
Aeroporto Internacional de Maceió,Aeroporto de Barcelona-El Prat (Espanha),6783,07:32 ~ 07:58,07:58 ~ 08:28
Aeroporto Internacional de Maceió,Aeroporto de Toulouse-Blagnac (França),6935,07:42 ~ 08:09,08:09 ~ 08:40
Aeroporto Internacional de Maceió,Aeroporto Internacional de Viena,8145,09:03 ~ 09:34,09:34 ~ 10:10
Aeroporto Internacional de Maceió,Aeroporto de Bruxelas,7687,08:32 ~ 09:02,09:02 ~ 09:36
Aeroporto Internacional de Maceió,Aeroporto de Sófia,8284,09:12 ~ 09:44,09:44 ~ 10:21
Aeroporto Internacional de Maceió,Aeroporto de Bratislava,8188,09:05 ~ 09:37,09:37 ~ 10:14
Aeroporto Internacional de Maceió,Aeroporto de Ljubljana Joe Pu?nik,7892,08:46 ~ 09:17,09:17 ~ 09:51
Aeroporto Internacional de Maceió,Aeroporto Adolfo Suárez Madrid-Barajas,6403,07:06 ~ 07:31,07:31 ~ 08:00
Aeroporto Internacional de Maceió,Aeroporto de Barcelona-El Prat,6784,07:32 ~ 07:58,07:58 ~ 08:28
Aeroporto Internacional de Maceió,Aeroporto de Tallinn,9280,10:18 ~ 10:55,10:55 ~ 11:35
Aeroporto Internacional de Maceió,Aeroporto de Vágar,8260,09:10 ~ 09:43,09:43 ~ 10:19
Aeroporto Internacional de Maceió,Aeroporto de Helsinque,9338,10:22 ~ 10:59,10:59 ~ 11:40
Aeroporto Internacional de Maceió,Aeroporto Internacional de Brasília,1525,01:41 ~ 01:47,01:47 ~ 01:54
Aeroporto Internacional de Maceió,Aeroporto Internacional de Várzea Grande,2364,02:37 ~ 02:46,02:46 ~ 02:57
Aeroporto Internacional de Maceió,Aeroporto Internacional de Belém,1646,01:49 ~ 01:56,01:56 ~ 02:03
Aeroporto Internacional de Maceió,Aeroporto Internacional de Tabatinga,3435,03:49 ~ 04:02,04:02 ~ 04:17
Aeroporto Internacional de Maceió,Aeroporto Internacional de Manaus,2771,03:04 ~ 03:15,03:15 ~ 03:27
Aeroporto Internacional de Maceió,Aeroporto Internacional de Macapá,1974,02:11 ~ 02:19,02:19 ~ 02:28
Aeroporto Internacional de Maceió,Aeroporto Internacional de Fortaleza,660,00:44 ~ 00:46,00:46 ~ 00:49
Aeroporto Internacional de Maceió,Aeroporto Internacional de Aracaju,256,00:17 ~ 00:18,00:18 ~ 00:19
Aeroporto Internacional de Maceió,Aeroporto Internacional de Belo Horizonte,1423,01:34 ~ 01:40,01:40 ~ 01:46
Aeroporto Internacional de Maceió,Aeroporto Santos Dumont,1727,01:55 ~ 02:01,02:01 ~ 02:09
Aeroporto Internacional de Maceió,Aeroporto Internacional do Rio de Janeiro,1721,01:54 ~ 02:01,02:01 ~ 02:09
Aeroporto Internacional de Maceió,Aeroporto Internacional de Vitória,1334,01:28 ~ 01:34,01:34 ~ 01:40
Aeroporto Internacional de Maceió,Aeroporto Internacional de São José dos Campos,1904,02:06 ~ 02:14,02:14 ~ 02:22
Aeroporto Internacional de Maceió,Aeroporto Internacional de Viracopos,2032,02:15 ~ 02:23,02:23 ~ 02:32
Aeroporto Internacional de Maceió,Aeroporto Internacional de Curitiba,2290,02:32 ~ 02:41,02:41 ~ 02:51
Aeroporto Internacional de Maceió,Aeroporto Internacional de Florianópolis,2462,02:44 ~ 02:53,02:53 ~ 03:04
Aeroporto Internacional de Maceió,Aeroporto Internacional de Navegantes,2401,02:40 ~ 02:49,02:49 ~ 03:00
Aeroporto Internacional de Maceió,Aeroporto Internacional de Porto Alegre,2822,03:08 ~ 03:19,03:19 ~ 03:31
Aeroporto Internacional de Maceió,Aeroporto de Copenhague,7479,08:18 ~ 08:47,08:47 ~ 09:20
Aeroporto Internacional de Maceió,Aeroporto Internacional Hartsfield-Jackson Atlanta,6983,07:45 ~ 08:12,08:12 ~ 08:43
Aeroporto Internacional de Maceió,Aeroporto de Teresina,898,00:59 ~ 01:03,01:03 ~ 01:07
Aeroporto Internacional de Maceió,Aeroporto Internacional de João Pessoa,227,00:15 ~ 00:16,00:16 ~ 00:17
Aeroporto Internacional de Aracaju,Aeroporto Internacional de Guarulhos,1705,01:53 ~ 02:00,02:00 ~ 02:07
Aeroporto Internacional de Aracaju,Aeroporto Internacional do Recife,391,00:26 ~ 00:27,00:27 ~ 00:29
Aeroporto Internacional de Aracaju,Aeroporto Internacional de Salvador,257,00:17 ~ 00:18,00:18 ~ 00:19
Aeroporto Internacional de Aracaju,Aeroporto Internacional de Natal,606,00:40 ~ 00:42,00:42 ~ 00:45
Aeroporto Internacional de Aracaju,Aeroporto Internacional de São Luís,1216,01:21 ~ 01:25,01:25 ~ 01:31
Aeroporto Internacional de Aracaju,Aeroporto Internacional Pinto Martins,809,00:53 ~ 00:57,00:57 ~ 01:00
Aeroporto Internacional de Aracaju,Aeroporto Internacional de Nursultan Nazarbayev,12243,13:36 ~ 14:24,14:24 ~ 15:18
Aeroporto Internacional de Aracaju,Aeroporto Internacional de Xangai Pudong,16896,18:46 ~ 19:52,19:52 ~ 21:07
Aeroporto Internacional de Aracaju,Aeroporto Internacional de Pequim Capital,15873,17:38 ~ 18:40,18:40 ~ 19:50
Aeroporto Internacional de Aracaju,Aeroporto Internacional de Pyongyang Sunan,16441,18:16 ~ 19:20,19:20 ~ 20:33
Aeroporto Internacional de Aracaju,Aeroporto Internacional de Incheon,16642,18:29 ~ 19:34,19:34 ~ 20:48
Aeroporto Internacional de Aracaju,Aeroporto Internacional Ninoy Aquino,17624,19:34 ~ 20:44,20:44 ~ 22:01
Aeroporto Internacional de Aracaju,Aeroporto Internacional de Hong Kong,16697,18:33 ~ 19:38,19:38 ~ 20:52
Aeroporto Internacional de Aracaju,Aeroporto Internacional Indira Gandhi,12946,14:23 ~ 15:13,15:13 ~ 16:10
Aeroporto Internacional de Aracaju,Aeroporto Internacional Soekarno-Hatta (Jacarta),15590,17:19 ~ 18:20,18:20 ~ 19:29
Aeroporto Internacional de Aracaju,Aeroporto Internacional Ngurah Rai (Bali),16258,18:03 ~ 19:07,19:07 ~ 20:19
Aeroporto Internacional de Aracaju,Aeroporto Internacional de Narita (Tóquio),17243,19:09 ~ 20:17,20:17 ~ 21:33
Aeroporto Internacional de Aracaju,Aeroporto Internacional de Haneda (Tóquio),17260,19:10 ~ 20:18,20:18 ~ 21:34
Aeroporto Internacional de Aracaju,Aeroporto Internacional de Kansai (Osaka),17290,19:12 ~ 20:20,20:20 ~ 21:36
Aeroporto Internacional de Aracaju,Aeroporto Internacional de Wattay (Vientiane),15621,17:21 ~ 18:22,18:22 ~ 19:31
Aeroporto Internacional de Aracaju,Aeroporto Internacional de Kuala Lumpur (Sepang),15395,17:06 ~ 18:06,18:06 ~ 19:14
Aeroporto Internacional de Aracaju,Aeroporto Internacional de Penang (Penang),15299,16:59 ~ 17:59,17:59 ~ 19:07
Aeroporto Internacional de Aracaju,Aeroporto Internacional de Malé,12355,13:43 ~ 14:32,14:32 ~ 15:26
Aeroporto Internacional de Aracaju,Aeroporto Internacional de Changi,15602,17:20 ~ 18:21,18:21 ~ 19:30
Aeroporto Internacional de Aracaju,Aeroporto Internacional de Suvarnabhumi,15442,17:09 ~ 18:10,18:10 ~ 19:18
Aeroporto Internacional de Aracaju,Aeroporto Internacional Don Mueang,15427,17:08 ~ 18:08,18:08 ~ 19:17
Aeroporto Internacional de Aracaju,Aeroporto Internacional de Taiwan Taoyuan,17251,19:10 ~ 20:17,20:17 ~ 21:33
Aeroporto Internacional de Aracaju,Aeroporto Internacional de Tan Son Nhat,16072,17:51 ~ 18:54,18:54 ~ 20:05
Aeroporto Internacional de Aracaju,Aeroporto Internacional de Noi Bai,15913,17:40 ~ 18:43,18:43 ~ 19:53
Aeroporto Internacional de Aracaju,Aeroporto de Frankfurt,8080,08:58 ~ 09:30,09:30 ~ 10:05
Aeroporto Internacional de Aracaju,Aeroporto de Dublin,7708,08:33 ~ 09:04,09:04 ~ 09:38
Aeroporto Internacional de Aracaju,Aeroporto de Varsóvia Chopin,8912,09:54 ~ 10:29,10:29 ~ 11:08
Aeroporto Internacional de Aracaju,Aeroporto de Oslo-Gardermoen,8962,09:57 ~ 10:32,10:32 ~ 11:12
Aeroporto Internacional de Aracaju,Aeroporto de Roma-Fiumicino,7711,08:34 ~ 09:04,09:04 ~ 09:38
Aeroporto Internacional de Aracaju,Aeroporto de Milão-Malpensa,7761,08:37 ~ 09:07,09:07 ~ 09:42
Aeroporto Internacional de Aracaju,Aeroporto de Praga,8396,09:19 ~ 09:52,09:52 ~ 10:29
Aeroporto Internacional de Aracaju,Aeroporto de Heathrow (Londres),7762,08:37 ~ 09:07,09:07 ~ 09:42
Aeroporto Internacional de Aracaju,Aeroporto de Gatwick (Londres),7745,08:36 ~ 09:06,09:06 ~ 09:40
Aeroporto Internacional de Aracaju,Aeroporto Internacional de Budapeste Ferenc Liszt,8526,09:28 ~ 10:01,10:01 ~ 10:39
Aeroporto Internacional de Aracaju,Aeroporto de Schiphol (Amsterdã),8068,08:57 ~ 09:29,09:29 ~ 10:05
Aeroporto Internacional de Aracaju,Aeroporto Internacional de Boryspil (Kiev),9430,10:28 ~ 11:05,11:05 ~ 11:47
Aeroporto Internacional de Aracaju,Aeroporto de Istambul,8856,09:50 ~ 10:25,10:25 ~ 11:04
Aeroporto Internacional de Aracaju,Aeroporto de Zurique,7886,08:45 ~ 09:16,09:16 ~ 09:51
Aeroporto Internacional de Aracaju,Aeroporto de Estocolmo-Arlanda,9220,10:14 ~ 10:50,10:50 ~ 11:31
Aeroporto Internacional de Aracaju,Aeroporto Nikola Tesla (Belgrado),8439,09:22 ~ 09:55,09:55 ~ 10:32
Aeroporto Internacional de Aracaju,Aeroporto Internacional Sheremetyevo (Moscou),10063,11:10 ~ 11:50,11:50 ~ 12:34
Aeroporto Internacional de Aracaju,Aeroporto de Pulkovo (São Petersburgo),9827,10:55 ~ 11:33,11:33 ~ 12:17
Aeroporto Internacional de Aracaju,Aeroporto Internacional Henri Coand? (Bucareste),8829,09:48 ~ 10:23,10:23 ~ 11:02
Aeroporto Internacional de Aracaju,Aeroporto Humberto Delgado (Lisboa),6221,06:54 ~ 07:19,07:19 ~ 07:46
Aeroporto Internacional de Aracaju,Aeroporto Francisco Sá Carneiro (Porto),6471,07:11 ~ 07:36,07:36 ~ 08:05
Aeroporto Internacional de Aracaju,Aeroporto Internacional de Malta,7488,08:19 ~ 08:48,08:48 ~ 09:21
Aeroporto Internacional de Aracaju,Aeroporto de Luxemburgo,7925,08:48 ~ 09:19,09:19 ~ 09:54
Aeroporto Internacional de Aracaju,Aeroporto Internacional de Vilnius,9300,10:20 ~ 10:56,10:56 ~ 11:37
Aeroporto Internacional de Aracaju,Aeroporto Internacional de Riga,9353,10:23 ~ 11:00,11:00 ~ 11:41
Aeroporto Internacional de Aracaju,Aeroporto Internacional Madre Teresa (Tirana),8204,09:06 ~ 09:39,09:39 ~ 10:15
Aeroporto Internacional de Aracaju,Aeroporto de Barcelona-El Prat (Espanha),7039,07:49 ~ 08:16,08:16 ~ 08:47
Aeroporto Internacional de Aracaju,Aeroporto de Toulouse-Blagnac (França),7190,07:59 ~ 08:27,08:27 ~ 08:59
Aeroporto Internacional de Aracaju,Aeroporto Internacional de Viena,8401,09:20 ~ 09:53,09:53 ~ 10:30
Aeroporto Internacional de Aracaju,Aeroporto de Bruxelas,7941,08:49 ~ 09:20,09:20 ~ 09:55
Aeroporto Internacional de Aracaju,Aeroporto de Sófia,8539,09:29 ~ 10:02,10:02 ~ 10:40
Aeroporto Internacional de Aracaju,Aeroporto de Bratislava,8444,09:22 ~ 09:56,09:56 ~ 10:33
Aeroporto Internacional de Aracaju,Aeroporto de Ljubljana Joe Pu?nik,8148,09:03 ~ 09:35,09:35 ~ 10:11
Aeroporto Internacional de Aracaju,Aeroporto Adolfo Suárez Madrid-Barajas,6658,07:23 ~ 07:49,07:49 ~ 08:19
Aeroporto Internacional de Aracaju,Aeroporto de Barcelona-El Prat,7040,07:49 ~ 08:16,08:16 ~ 08:48
Aeroporto Internacional de Aracaju,Aeroporto de Tallinn,9534,10:35 ~ 11:12,11:12 ~ 11:55
Aeroporto Internacional de Aracaju,Aeroporto de Vágar,8499,09:26 ~ 09:59,09:59 ~ 10:37
Aeroporto Internacional de Aracaju,Aeroporto de Helsinque,9592,10:39 ~ 11:17,11:17 ~ 11:59
Aeroporto Internacional de Aracaju,Aeroporto Internacional de Brasília,1296,01:26 ~ 01:31,01:31 ~ 01:37
Aeroporto Internacional de Aracaju,Aeroporto Internacional de Várzea Grande,2160,02:23 ~ 02:32,02:32 ~ 02:42
Aeroporto Internacional de Aracaju,Aeroporto Internacional de Belém,1646,01:49 ~ 01:56,01:56 ~ 02:03
Aeroporto Internacional de Aracaju,Aeroporto Internacional de Tabatinga,3329,03:41 ~ 03:54,03:54 ~ 04:09
Aeroporto Internacional de Aracaju,Aeroporto Internacional de Manaus,2683,02:58 ~ 03:09,03:09 ~ 03:21
Aeroporto Internacional de Aracaju,Aeroporto Internacional de Macapá,1969,02:11 ~ 02:18,02:18 ~ 02:27
Aeroporto Internacional de Aracaju,Aeroporto Internacional de Fortaleza,809,00:53 ~ 00:57,00:57 ~ 01:00
Aeroporto Internacional de Aracaju,Aeroporto Internacional de Maceió,256,00:17 ~ 00:18,00:18 ~ 00:19
Aeroporto Internacional de Aracaju,Aeroporto Internacional de Belo Horizonte,1166,01:17 ~ 01:22,01:22 ~ 01:27
Aeroporto Internacional de Aracaju,Aeroporto Santos Dumont,1474,01:38 ~ 01:44,01:44 ~ 01:50
Aeroporto Internacional de Aracaju,Aeroporto Internacional do Rio de Janeiro,1468,01:37 ~ 01:43,01:43 ~ 01:50
Aeroporto Internacional de Aracaju,Aeroporto Internacional de Vitória,1086,01:12 ~ 01:16,01:16 ~ 01:21
Aeroporto Internacional de Aracaju,Aeroporto Internacional de São José dos Campos,1648,01:49 ~ 01:56,01:56 ~ 02:03
Aeroporto Internacional de Aracaju,Aeroporto Internacional de Viracopos,1776,01:58 ~ 02:05,02:05 ~ 02:13
Aeroporto Internacional de Aracaju,Aeroporto Internacional de Curitiba,2034,02:15 ~ 02:23,02:23 ~ 02:32
Aeroporto Internacional de Aracaju,Aeroporto Internacional de Florianópolis,2206,02:27 ~ 02:35,02:35 ~ 02:45
Aeroporto Internacional de Aracaju,Aeroporto Internacional de Navegantes,2145,02:23 ~ 02:31,02:31 ~ 02:40
Aeroporto Internacional de Aracaju,Aeroporto Internacional de Porto Alegre,2566,02:51 ~ 03:01,03:01 ~ 03:12
Aeroporto Internacional de Aracaju,Aeroporto de Copenhague,7719,08:34 ~ 09:04,09:04 ~ 09:38
Aeroporto Internacional de Aracaju,Aeroporto Internacional Hartsfield-Jackson Atlanta,7032,07:48 ~ 08:16,08:16 ~ 08:47
Aeroporto Internacional de Aracaju,Aeroporto de Teresina,909,01:00 ~ 01:04,01:04 ~ 01:08
Aeroporto Internacional de Aracaju,Aeroporto Internacional de João Pessoa,480,00:32 ~ 00:33,00:33 ~ 00:36
Aeroporto Internacional de Belo Horizonte,Aeroporto Internacional de Guarulhos,538,00:35 ~ 00:37,00:37 ~ 00:40
Aeroporto Internacional de Belo Horizonte,Aeroporto Internacional do Recife,1557,01:43 ~ 01:49,01:49 ~ 01:56
Aeroporto Internacional de Belo Horizonte,Aeroporto Internacional de Salvador,909,01:00 ~ 01:04,01:04 ~ 01:08
Aeroporto Internacional de Belo Horizonte,Aeroporto Internacional de Natal,1759,01:57 ~ 02:04,02:04 ~ 02:11
Aeroporto Internacional de Belo Horizonte,Aeroporto Internacional de São Luís,1887,02:05 ~ 02:13,02:13 ~ 02:21
Aeroporto Internacional de Belo Horizonte,Aeroporto Internacional Pinto Martins,1826,02:01 ~ 02:08,02:08 ~ 02:16
Aeroporto Internacional de Belo Horizonte,Aeroporto Internacional de Nursultan Nazarbayev,13404,14:53 ~ 15:46,15:46 ~ 16:45
Aeroporto Internacional de Belo Horizonte,Aeroporto Internacional de Xangai Pudong,18050,20:03 ~ 21:14,21:14 ~ 22:33
Aeroporto Internacional de Belo Horizonte,Aeroporto Internacional de Pequim Capital,17040,18:56 ~ 20:02,20:02 ~ 21:18
Aeroporto Internacional de Belo Horizonte,Aeroporto Internacional de Pyongyang Sunan,17589,19:32 ~ 20:41,20:41 ~ 21:59
Aeroporto Internacional de Belo Horizonte,Aeroporto Internacional de Incheon,17793,19:46 ~ 20:55,20:55 ~ 22:14
Aeroporto Internacional de Belo Horizonte,Aeroporto Internacional Ninoy Aquino,18264,20:17 ~ 21:29,21:29 ~ 22:49
Aeroporto Internacional de Belo Horizonte,Aeroporto Internacional de Hong Kong,17641,19:36 ~ 20:45,20:45 ~ 22:03
Aeroporto Internacional de Belo Horizonte,Aeroporto Internacional Indira Gandhi,13944,15:29 ~ 16:24,16:24 ~ 17:25
Aeroporto Internacional de Belo Horizonte,Aeroporto Internacional Soekarno-Hatta (Jacarta),15665,17:24 ~ 18:25,18:25 ~ 19:34
Aeroporto Internacional de Belo Horizonte,Aeroporto Internacional Ngurah Rai (Bali),16085,17:52 ~ 18:55,18:55 ~ 20:06
Aeroporto Internacional de Belo Horizonte,Aeroporto Internacional de Narita (Tóquio),18181,20:12 ~ 21:23,21:23 ~ 22:43
Aeroporto Internacional de Belo Horizonte,Aeroporto Internacional de Haneda (Tóquio),18214,20:14 ~ 21:25,21:25 ~ 22:46
Aeroporto Internacional de Belo Horizonte,Aeroporto Internacional de Kansai (Osaka),18356,20:23 ~ 21:35,21:35 ~ 22:56
Aeroporto Internacional de Belo Horizonte,Aeroporto Internacional de Wattay (Vientiane),16430,18:15 ~ 19:19,19:19 ~ 20:32
Aeroporto Internacional de Belo Horizonte,Aeroporto Internacional de Kuala Lumpur (Sepang),15786,17:32 ~ 18:34,18:34 ~ 19:43
Aeroporto Internacional de Belo Horizonte,Aeroporto Internacional de Penang (Penang),15775,17:31 ~ 18:33,18:33 ~ 19:43
Aeroporto Internacional de Belo Horizonte,Aeroporto Internacional de Malé,12977,14:25 ~ 15:16,15:16 ~ 16:13
Aeroporto Internacional de Belo Horizonte,Aeroporto Internacional de Changi,15927,17:41 ~ 18:44,18:44 ~ 19:54
Aeroporto Internacional de Belo Horizonte,Aeroporto Internacional de Suvarnabhumi,16144,17:56 ~ 18:59,18:59 ~ 20:10
Aeroporto Internacional de Belo Horizonte,Aeroporto Internacional Don Mueang,16135,17:55 ~ 18:58,18:58 ~ 20:10
Aeroporto Internacional de Belo Horizonte,Aeroporto Internacional de Taiwan Taoyuan,18320,20:21 ~ 21:33,21:33 ~ 22:53
Aeroporto Internacional de Belo Horizonte,Aeroporto Internacional de Tan Son Nhat,16661,18:30 ~ 19:36,19:36 ~ 20:49
Aeroporto Internacional de Belo Horizonte,Aeroporto Internacional de Noi Bai,16804,18:40 ~ 19:46,19:46 ~ 21:00
Aeroporto Internacional de Belo Horizonte,Aeroporto de Frankfurt,9242,10:16 ~ 10:52,10:52 ~ 11:33
Aeroporto Internacional de Belo Horizonte,Aeroporto de Dublin,8838,09:49 ~ 10:23,10:23 ~ 11:02
Aeroporto Internacional de Belo Horizonte,Aeroporto de Varsóvia Chopin,10078,11:11 ~ 11:51,11:51 ~ 12:35
Aeroporto Internacional de Belo Horizonte,Aeroporto de Oslo-Gardermoen,10105,11:13 ~ 11:53,11:53 ~ 12:37
Aeroporto Internacional de Belo Horizonte,Aeroporto de Roma-Fiumicino,8875,09:51 ~ 10:26,10:26 ~ 11:05
Aeroporto Internacional de Belo Horizonte,Aeroporto de Milão-Malpensa,8927,09:55 ~ 10:30,10:30 ~ 11:09
Aeroporto Internacional de Belo Horizonte,Aeroporto de Praga,9561,10:37 ~ 11:14,11:14 ~ 11:57
Aeroporto Internacional de Belo Horizonte,Aeroporto de Heathrow (Londres),8910,09:54 ~ 10:28,10:28 ~ 11:08
Aeroporto Internacional de Belo Horizonte,Aeroporto de Gatwick (Londres),8894,09:52 ~ 10:27,10:27 ~ 11:07
Aeroporto Internacional de Belo Horizonte,Aeroporto Internacional de Budapeste Ferenc Liszt,9692,10:46 ~ 11:24,11:24 ~ 12:06
Aeroporto Internacional de Belo Horizonte,Aeroporto de Schiphol (Amsterdã),9222,10:14 ~ 10:50,10:50 ~ 11:31
Aeroporto Internacional de Belo Horizonte,Aeroporto Internacional de Boryspil (Kiev),10595,11:46 ~ 12:27,12:27 ~ 13:14
Aeroporto Internacional de Belo Horizonte,Aeroporto de Istambul,10003,11:06 ~ 11:46,11:46 ~ 12:30
Aeroporto Internacional de Belo Horizonte,Aeroporto de Zurique,9051,10:03 ~ 10:38,10:38 ~ 11:18
Aeroporto Internacional de Belo Horizonte,Aeroporto de Estocolmo-Arlanda,10372,11:31 ~ 12:12,12:12 ~ 12:57
Aeroporto Internacional de Belo Horizonte,Aeroporto Nikola Tesla (Belgrado),9602,10:40 ~ 11:17,11:17 ~ 12:00
Aeroporto Internacional de Belo Horizonte,Aeroporto Internacional Sheremetyevo (Moscou),11229,12:28 ~ 13:12,13:12 ~ 14:02
Aeroporto Internacional de Belo Horizonte,Aeroporto de Pulkovo (São Petersburgo),10987,12:12 ~ 12:55,12:55 ~ 13:44
Aeroporto Internacional de Belo Horizonte,Aeroporto Internacional Henri Coand? (Bucareste),9987,11:05 ~ 11:44,11:44 ~ 12:29
Aeroporto Internacional de Belo Horizonte,Aeroporto Humberto Delgado (Lisboa),7378,08:11 ~ 08:40,08:40 ~ 09:13
Aeroporto Internacional de Belo Horizonte,Aeroporto Francisco Sá Carneiro (Porto),7625,08:28 ~ 08:58,08:58 ~ 09:31
Aeroporto Internacional de Belo Horizonte,Aeroporto Internacional de Malta,8639,09:35 ~ 10:09,10:09 ~ 10:47
Aeroporto Internacional de Belo Horizonte,Aeroporto de Luxemburgo,9086,10:05 ~ 10:41,10:41 ~ 11:21
Aeroporto Internacional de Belo Horizonte,Aeroporto Internacional de Vilnius,10465,11:37 ~ 12:18,12:18 ~ 13:04
Aeroporto Internacional de Belo Horizonte,Aeroporto Internacional de Riga,10515,11:41 ~ 12:22,12:22 ~ 13:08
Aeroporto Internacional de Belo Horizonte,Aeroporto Internacional Madre Teresa (Tirana),9362,10:24 ~ 11:00,11:00 ~ 11:42
Aeroporto Internacional de Belo Horizonte,Aeroporto de Barcelona-El Prat (Espanha),8205,09:07 ~ 09:39,09:39 ~ 10:15
Aeroporto Internacional de Belo Horizonte,Aeroporto de Toulouse-Blagnac (França),8354,09:16 ~ 09:49,09:49 ~ 10:26
Aeroporto Internacional de Belo Horizonte,Aeroporto Internacional de Viena,9567,10:37 ~ 11:15,11:15 ~ 11:57
Aeroporto Internacional de Belo Horizonte,Aeroporto de Bruxelas,9097,10:06 ~ 10:42,10:42 ~ 11:22
Aeroporto Internacional de Belo Horizonte,Aeroporto de Sófia,9696,10:46 ~ 11:24,11:24 ~ 12:07
Aeroporto Internacional de Belo Horizonte,Aeroporto de Bratislava,9611,10:40 ~ 11:18,11:18 ~ 12:00
Aeroporto Internacional de Belo Horizonte,Aeroporto de Ljubljana Joe Pu?nik,9314,10:20 ~ 10:57,10:57 ~ 11:38
Aeroporto Internacional de Belo Horizonte,Aeroporto Adolfo Suárez Madrid-Barajas,7821,08:41 ~ 09:12,09:12 ~ 09:46
Aeroporto Internacional de Belo Horizonte,Aeroporto de Barcelona-El Prat,8206,09:07 ~ 09:39,09:39 ~ 10:15
Aeroporto Internacional de Belo Horizonte,Aeroporto de Tallinn,10691,11:52 ~ 12:34,12:34 ~ 13:21
Aeroporto Internacional de Belo Horizonte,Aeroporto de Vágar,9597,10:39 ~ 11:17,11:17 ~ 11:59
Aeroporto Internacional de Belo Horizonte,Aeroporto de Helsinque,10747,11:56 ~ 12:38,12:38 ~ 13:26
Aeroporto Internacional de Belo Horizonte,Aeroporto Internacional de Brasília,648,00:43 ~ 00:45,00:45 ~ 00:48
Aeroporto Internacional de Belo Horizonte,Aeroporto Internacional de Várzea Grande,1466,01:37 ~ 01:43,01:43 ~ 01:49
Aeroporto Internacional de Belo Horizonte,Aeroporto Internacional de Belém,2097,02:19 ~ 02:28,02:28 ~ 02:37
Aeroporto Internacional de Belo Horizonte,Aeroporto Internacional de Tabatinga,3082,03:25 ~ 03:37,03:37 ~ 03:51
Aeroporto Internacional de Belo Horizonte,Aeroporto Internacional de Manaus,2589,02:52 ~ 03:02,03:02 ~ 03:14
Aeroporto Internacional de Belo Horizonte,Aeroporto Internacional de Macapá,2336,02:35 ~ 02:44,02:44 ~ 02:55
Aeroporto Internacional de Belo Horizonte,Aeroporto Internacional de Fortaleza,1826,02:01 ~ 02:08,02:08 ~ 02:16
Aeroporto Internacional de Belo Horizonte,Aeroporto Internacional de Maceió,1423,01:34 ~ 01:40,01:40 ~ 01:46
Aeroporto Internacional de Belo Horizonte,Aeroporto Internacional de Aracaju,1166,01:17 ~ 01:22,01:22 ~ 01:27
Aeroporto Internacional de Belo Horizonte,Aeroporto Santos Dumont,364,00:24 ~ 00:25,00:25 ~ 00:27
Aeroporto Internacional de Belo Horizonte,Aeroporto Internacional do Rio de Janeiro,353,00:23 ~ 00:24,00:24 ~ 00:26
Aeroporto Internacional de Belo Horizonte,Aeroporto Internacional de Vitória,317,00:21 ~ 00:22,00:22 ~ 00:23
Aeroporto Internacional de Belo Horizonte,Aeroporto Internacional de São José dos Campos,481,00:32 ~ 00:33,00:33 ~ 00:36
Aeroporto Internacional de Belo Horizonte,Aeroporto Internacional de Viracopos,623,00:41 ~ 00:43,00:43 ~ 00:46
Aeroporto Internacional de Belo Horizonte,Aeroporto Internacional de Curitiba,872,00:58 ~ 01:01,01:01 ~ 01:05
Aeroporto Internacional de Belo Horizonte,Aeroporto Internacional de Florianópolis,1042,01:09 ~ 01:13,01:13 ~ 01:18
Aeroporto Internacional de Belo Horizonte,Aeroporto Internacional de Navegantes,979,01:05 ~ 01:09,01:09 ~ 01:13
Aeroporto Internacional de Belo Horizonte,Aeroporto Internacional de Porto Alegre,1400,01:33 ~ 01:38,01:38 ~ 01:45
Aeroporto Internacional de Belo Horizonte,Aeroporto de Copenhague,8823,09:48 ~ 10:22,10:22 ~ 11:01
Aeroporto Internacional de Belo Horizonte,Aeroporto Internacional Hartsfield-Jackson Atlanta,7337,08:09 ~ 08:37,08:37 ~ 09:10
Aeroporto Internacional de Belo Horizonte,Aeroporto de Teresina,1612,01:47 ~ 01:53,01:53 ~ 02:00
Aeroporto Internacional de Belo Horizonte,Aeroporto Internacional de João Pessoa,1646,01:49 ~ 01:56,01:56 ~ 02:03
Aeroporto Santos Dumont,Aeroporto Internacional de Guarulhos,344,00:22 ~ 00:24,00:24 ~ 00:25
Aeroporto Santos Dumont,Aeroporto Internacional do Recife,1858,02:03 ~ 02:11,02:11 ~ 02:19
Aeroporto Santos Dumont,Aeroporto Internacional de Salvador,1219,01:21 ~ 01:26,01:26 ~ 01:31
Aeroporto Santos Dumont,Aeroporto Internacional de Natal,2078,02:18 ~ 02:26,02:26 ~ 02:35
Aeroporto Santos Dumont,Aeroporto Internacional de São Luís,2251,02:30 ~ 02:38,02:38 ~ 02:48
Aeroporto Santos Dumont,Aeroporto Internacional Pinto Martins,2175,02:24 ~ 02:33,02:33 ~ 02:43
Aeroporto Santos Dumont,Aeroporto Internacional de Nursultan Nazarbayev,13667,15:11 ~ 16:04,16:04 ~ 17:05
Aeroporto Santos Dumont,Aeroporto Internacional de Xangai Pudong,18277,20:18 ~ 21:30,21:30 ~ 22:50
Aeroporto Santos Dumont,Aeroporto Internacional de Pequim Capital,17323,19:14 ~ 20:22,20:22 ~ 21:39
Aeroporto Santos Dumont,Aeroporto Internacional de Pyongyang Sunan,17915,19:54 ~ 21:04,21:04 ~ 22:23
Aeroporto Santos Dumont,Aeroporto Internacional de Incheon,18116,20:07 ~ 21:18,21:18 ~ 22:38
Aeroporto Santos Dumont,Aeroporto Internacional Ninoy Aquino,18119,20:07 ~ 21:18,21:18 ~ 22:38
Aeroporto Santos Dumont,Aeroporto Internacional de Hong Kong,17677,19:38 ~ 20:47,20:47 ~ 22:05
Aeroporto Santos Dumont,Aeroporto Internacional Indira Gandhi,14064,15:37 ~ 16:32,16:32 ~ 17:34
Aeroporto Santos Dumont,Aeroporto Internacional Soekarno-Hatta (Jacarta),15426,17:08 ~ 18:08,18:08 ~ 19:16
Aeroporto Santos Dumont,Aeroporto Internacional Ngurah Rai (Bali),15790,17:32 ~ 18:34,18:34 ~ 19:44
Aeroporto Santos Dumont,Aeroporto Internacional de Narita (Tóquio),18540,20:36 ~ 21:48,21:48 ~ 23:10
Aeroporto Santos Dumont,Aeroporto Internacional de Haneda (Tóquio),18575,20:38 ~ 21:51,21:51 ~ 23:13
Aeroporto Santos Dumont,Aeroporto Internacional de Kansai (Osaka),18717,20:47 ~ 22:01,22:01 ~ 23:23
Aeroporto Santos Dumont,Aeroporto Internacional de Wattay (Vientiane),16422,18:14 ~ 19:19,19:19 ~ 20:31
Aeroporto Santos Dumont,Aeroporto Internacional de Kuala Lumpur (Sepang),15631,17:22 ~ 18:23,18:23 ~ 19:32
Aeroporto Santos Dumont,Aeroporto Internacional de Penang (Penang),15647,17:23 ~ 18:24,18:24 ~ 19:33
Aeroporto Santos Dumont,Aeroporto Internacional de Malé,12930,14:22 ~ 15:12,15:12 ~ 16:09
Aeroporto Santos Dumont,Aeroporto Internacional de Changi,15750,17:30 ~ 18:31,18:31 ~ 19:41
Aeroporto Santos Dumont,Aeroporto Internacional de Suvarnabhumi,16094,17:52 ~ 18:56,18:56 ~ 20:07
Aeroporto Santos Dumont,Aeroporto Internacional Don Mueang,16088,17:52 ~ 18:55,18:55 ~ 20:06
Aeroporto Santos Dumont,Aeroporto Internacional de Taiwan Taoyuan,18426,20:28 ~ 21:40,21:40 ~ 23:01
Aeroporto Santos Dumont,Aeroporto Internacional de Tan Son Nhat,16556,18:23 ~ 19:28,19:28 ~ 20:41
Aeroporto Santos Dumont,Aeroporto Internacional de Noi Bai,16831,18:42 ~ 19:48,19:48 ~ 21:02
Aeroporto Santos Dumont,Aeroporto de Frankfurt,9551,10:36 ~ 11:14,11:14 ~ 11:56
Aeroporto Santos Dumont,Aeroporto de Dublin,9175,10:11 ~ 10:47,10:47 ~ 11:28
Aeroporto Santos Dumont,Aeroporto de Varsóvia Chopin,10377,11:31 ~ 12:12,12:12 ~ 12:58
Aeroporto Santos Dumont,Aeroporto de Oslo-Gardermoen,10434,11:35 ~ 12:16,12:16 ~ 13:02
Aeroporto Santos Dumont,Aeroporto de Roma-Fiumicino,9155,10:10 ~ 10:46,10:46 ~ 11:26
Aeroporto Santos Dumont,Aeroporto de Milão-Malpensa,9224,10:14 ~ 10:51,10:51 ~ 11:31
Aeroporto Santos Dumont,Aeroporto de Praga,9863,10:57 ~ 11:36,11:36 ~ 12:19
Aeroporto Santos Dumont,Aeroporto de Heathrow (Londres),9235,10:15 ~ 10:51,10:51 ~ 11:32
Aeroporto Santos Dumont,Aeroporto de Gatwick (Londres),9219,10:14 ~ 10:50,10:50 ~ 11:31
Aeroporto Santos Dumont,Aeroporto Internacional de Budapeste Ferenc Liszt,9978,11:05 ~ 11:44,11:44 ~ 12:28
Aeroporto Santos Dumont,Aeroporto de Schiphol (Amsterdã),9542,10:36 ~ 11:13,11:13 ~ 11:55
Aeroporto Santos Dumont,Aeroporto Internacional de Boryspil (Kiev),10876,12:05 ~ 12:47,12:47 ~ 13:35
Aeroporto Santos Dumont,Aeroporto de Istambul,10250,11:23 ~ 12:03,12:03 ~ 12:48
Aeroporto Santos Dumont,Aeroporto de Zurique,9353,10:23 ~ 11:00,11:00 ~ 11:41
Aeroporto Santos Dumont,Aeroporto de Estocolmo-Arlanda,10694,11:52 ~ 12:34,12:34 ~ 13:22
Aeroporto Santos Dumont,Aeroporto Nikola Tesla (Belgrado),9878,10:58 ~ 11:37,11:37 ~ 12:20
Aeroporto Santos Dumont,Aeroporto Internacional Sheremetyevo (Moscou),11525,12:48 ~ 13:33,13:33 ~ 14:24
Aeroporto Santos Dumont,Aeroporto de Pulkovo (São Petersburgo),11300,12:33 ~ 13:17,13:17 ~ 14:07
Aeroporto Santos Dumont,Aeroporto Internacional Henri Coand? (Bucareste),10253,11:23 ~ 12:03,12:03 ~ 12:48
Aeroporto Santos Dumont,Aeroporto Humberto Delgado (Lisboa),7695,08:33 ~ 09:03,09:03 ~ 09:37
Aeroporto Santos Dumont,Aeroporto Francisco Sá Carneiro (Porto),7945,08:49 ~ 09:20,09:20 ~ 09:55
Aeroporto Santos Dumont,Aeroporto Internacional de Malta,8893,09:52 ~ 10:27,10:27 ~ 11:06
Aeroporto Santos Dumont,Aeroporto de Luxemburgo,9398,10:26 ~ 11:03,11:03 ~ 11:44
Aeroporto Santos Dumont,Aeroporto Internacional de Vilnius,10766,11:57 ~ 12:39,12:39 ~ 13:27
Aeroporto Santos Dumont,Aeroporto Internacional de Riga,10825,12:01 ~ 12:44,12:44 ~ 13:31
Aeroporto Santos Dumont,Aeroporto Internacional Madre Teresa (Tirana),9626,10:41 ~ 11:19,11:19 ~ 12:01
Aeroporto Santos Dumont,Aeroporto de Barcelona-El Prat (Espanha),8504,09:26 ~ 10:00,10:00 ~ 10:37
Aeroporto Santos Dumont,Aeroporto de Toulouse-Blagnac (França),8660,09:37 ~ 10:11,10:11 ~ 10:49
Aeroporto Santos Dumont,Aeroporto Internacional de Viena,9859,10:57 ~ 11:35,11:35 ~ 12:19
Aeroporto Santos Dumont,Aeroporto de Bruxelas,9415,10:27 ~ 11:04,11:04 ~ 11:46
Aeroporto Santos Dumont,Aeroporto de Sófia,9958,11:03 ~ 11:42,11:42 ~ 12:26
Aeroporto Santos Dumont,Aeroporto de Bratislava,9902,11:00 ~ 11:38,11:38 ~ 12:22
Aeroporto Santos Dumont,Aeroporto de Ljubljana Joe Pu?nik,9604,10:40 ~ 11:17,11:17 ~ 12:00
Aeroporto Santos Dumont,Aeroporto Adolfo Suárez Madrid-Barajas,8129,09:01 ~ 09:33,09:33 ~ 10:09
Aeroporto Santos Dumont,Aeroporto de Barcelona-El Prat,8504,09:26 ~ 10:00,10:00 ~ 10:37
Aeroporto Santos Dumont,Aeroporto de Tallinn,11007,12:13 ~ 12:56,12:56 ~ 13:45
Aeroporto Santos Dumont,Aeroporto de Vágar,9945,11:03 ~ 11:41,11:41 ~ 12:25
Aeroporto Santos Dumont,Aeroporto de Helsinque,11066,12:17 ~ 13:01,13:01 ~ 13:49
Aeroporto Santos Dumont,Aeroporto Internacional de Brasília,926,01:01 ~ 01:05,01:05 ~ 01:09
Aeroporto Santos Dumont,Aeroporto Internacional de Várzea Grande,1608,01:47 ~ 01:53,01:53 ~ 02:00
Aeroporto Santos Dumont,Aeroporto Internacional de Belém,2451,02:43 ~ 02:53,02:53 ~ 03:03
Aeroporto Santos Dumont,Aeroporto Internacional de Tabatinga,3299,03:39 ~ 03:52,03:52 ~ 04:07
Aeroporto Santos Dumont,Aeroporto Internacional de Manaus,2855,03:10 ~ 03:21,03:21 ~ 03:34
Aeroporto Santos Dumont,Aeroporto Internacional de Macapá,2679,02:58 ~ 03:09,03:09 ~ 03:20
Aeroporto Santos Dumont,Aeroporto Internacional de Fortaleza,2175,02:24 ~ 02:33,02:33 ~ 02:43
Aeroporto Santos Dumont,Aeroporto Internacional de Maceió,1727,01:55 ~ 02:01,02:01 ~ 02:09
Aeroporto Santos Dumont,Aeroporto Internacional de Aracaju,1474,01:38 ~ 01:44,01:44 ~ 01:50
Aeroporto Santos Dumont,Aeroporto Internacional de Belo Horizonte,364,00:24 ~ 00:25,00:25 ~ 00:27
Aeroporto Santos Dumont,Aeroporto Internacional do Rio de Janeiro,14,00:00 ~ 00:00,00:00 ~ 00:01
Aeroporto Santos Dumont,Aeroporto Internacional de Vitória,418,00:27 ~ 00:29,00:29 ~ 00:31
Aeroporto Santos Dumont,Aeroporto Internacional de São José dos Campos,282,00:18 ~ 00:19,00:19 ~ 00:21
Aeroporto Santos Dumont,Aeroporto Internacional de Viracopos,485,00:32 ~ 00:34,00:34 ~ 00:36
Aeroporto Santos Dumont,Aeroporto Internacional de Curitiba,664,00:44 ~ 00:46,00:46 ~ 00:49
Aeroporto Santos Dumont,Aeroporto Internacional de Florianópolis,756,00:50 ~ 00:53,00:53 ~ 00:56
Aeroporto Santos Dumont,Aeroporto Internacional de Navegantes,710,00:47 ~ 00:50,00:50 ~ 00:53
Aeroporto Santos Dumont,Aeroporto Internacional de Porto Alegre,1119,01:14 ~ 01:18,01:18 ~ 01:23
Aeroporto Santos Dumont,Aeroporto de Copenhague,9169,10:11 ~ 10:47,10:47 ~ 11:27
Aeroporto Santos Dumont,Aeroporto Internacional Hartsfield-Jackson Atlanta,7635,08:28 ~ 08:58,08:58 ~ 09:32
Aeroporto Santos Dumont,Aeroporto de Teresina,1976,02:11 ~ 02:19,02:19 ~ 02:28
Aeroporto Santos Dumont,Aeroporto Internacional de João Pessoa,1954,02:10 ~ 02:17,02:17 ~ 02:26
Aeroporto Internacional do Rio de Janeiro,Aeroporto Internacional de Guarulhos,338,00:22 ~ 00:23,00:23 ~ 00:25
Aeroporto Internacional do Rio de Janeiro,Aeroporto Internacional do Recife,1853,02:03 ~ 02:10,02:10 ~ 02:18
Aeroporto Internacional do Rio de Janeiro,Aeroporto Internacional de Salvador,1213,01:20 ~ 01:25,01:25 ~ 01:30
Aeroporto Internacional do Rio de Janeiro,Aeroporto Internacional de Natal,2071,02:18 ~ 02:26,02:26 ~ 02:35
Aeroporto Internacional do Rio de Janeiro,Aeroporto Internacional de São Luís,2239,02:29 ~ 02:38,02:38 ~ 02:47
Aeroporto Internacional do Rio de Janeiro,Aeroporto Internacional Pinto Martins,2166,02:24 ~ 02:32,02:32 ~ 02:42
Aeroporto Internacional do Rio de Janeiro,Aeroporto Internacional de Nursultan Nazarbayev,13664,15:10 ~ 16:04,16:04 ~ 17:04
Aeroporto Internacional do Rio de Janeiro,Aeroporto Internacional de Xangai Pudong,18277,20:18 ~ 21:30,21:30 ~ 22:50
Aeroporto Internacional do Rio de Janeiro,Aeroporto Internacional de Pequim Capital,17319,19:14 ~ 20:22,20:22 ~ 21:38
Aeroporto Internacional do Rio de Janeiro,Aeroporto Internacional de Pyongyang Sunan,17908,19:53 ~ 21:04,21:04 ~ 22:23
Aeroporto Internacional do Rio de Janeiro,Aeroporto Internacional de Incheon,18110,20:07 ~ 21:18,21:18 ~ 22:38
Aeroporto Internacional do Rio de Janeiro,Aeroporto Internacional Ninoy Aquino,18131,20:08 ~ 21:19,21:19 ~ 22:39
Aeroporto Internacional do Rio de Janeiro,Aeroporto Internacional de Hong Kong,17685,19:38 ~ 20:48,20:48 ~ 22:06
Aeroporto Internacional do Rio de Janeiro,Aeroporto Internacional Indira Gandhi,14068,15:37 ~ 16:33,16:33 ~ 17:35
Aeroporto Internacional do Rio de Janeiro,Aeroporto Internacional Soekarno-Hatta (Jacarta),15440,17:09 ~ 18:09,18:09 ~ 19:18
Aeroporto Internacional do Rio de Janeiro,Aeroporto Internacional Ngurah Rai (Bali),15804,17:33 ~ 18:35,18:35 ~ 19:45
Aeroporto Internacional do Rio de Janeiro,Aeroporto Internacional de Narita (Tóquio),18527,20:35 ~ 21:47,21:47 ~ 23:09
Aeroporto Internacional do Rio de Janeiro,Aeroporto Internacional de Haneda (Tóquio),18562,20:37 ~ 21:50,21:50 ~ 23:12
Aeroporto Internacional do Rio de Janeiro,Aeroporto Internacional de Kansai (Osaka),18707,20:47 ~ 22:00,22:00 ~ 23:23
Aeroporto Internacional do Rio de Janeiro,Aeroporto Internacional de Wattay (Vientiane),16431,18:15 ~ 19:19,19:19 ~ 20:32
Aeroporto Internacional do Rio de Janeiro,Aeroporto Internacional de Kuala Lumpur (Sepang),15643,17:22 ~ 18:24,18:24 ~ 19:33
Aeroporto Internacional do Rio de Janeiro,Aeroporto Internacional de Penang (Penang),15659,17:23 ~ 18:25,18:25 ~ 19:34
Aeroporto Internacional do Rio de Janeiro,Aeroporto Internacional de Malé,12939,14:22 ~ 15:13,15:13 ~ 16:10
Aeroporto Internacional do Rio de Janeiro,Aeroporto Internacional de Changi,15763,17:30 ~ 18:32,18:32 ~ 19:42
Aeroporto Internacional do Rio de Janeiro,Aeroporto Internacional de Suvarnabhumi,16103,17:53 ~ 18:56,18:56 ~ 20:07
Aeroporto Internacional do Rio de Janeiro,Aeroporto Internacional Don Mueang,16097,17:53 ~ 18:56,18:56 ~ 20:07
Aeroporto Internacional do Rio de Janeiro,Aeroporto Internacional de Taiwan Taoyuan,18431,20:28 ~ 21:41,21:41 ~ 23:02
Aeroporto Internacional do Rio de Janeiro,Aeroporto Internacional de Tan Son Nhat,16567,18:24 ~ 19:29,19:29 ~ 20:42
Aeroporto Internacional do Rio de Janeiro,Aeroporto Internacional de Noi Bai,16838,18:42 ~ 19:48,19:48 ~ 21:02
Aeroporto Internacional do Rio de Janeiro,Aeroporto de Frankfurt,9545,10:36 ~ 11:13,11:13 ~ 11:55
Aeroporto Internacional do Rio de Janeiro,Aeroporto de Dublin,9167,10:11 ~ 10:47,10:47 ~ 11:27
Aeroporto Internacional do Rio de Janeiro,Aeroporto de Varsóvia Chopin,10372,11:31 ~ 12:12,12:12 ~ 12:57
Aeroporto Internacional do Rio de Janeiro,Aeroporto de Oslo-Gardermoen,10427,11:35 ~ 12:16,12:16 ~ 13:02
Aeroporto Internacional do Rio de Janeiro,Aeroporto de Roma-Fiumicino,9151,10:10 ~ 10:45,10:45 ~ 11:26
Aeroporto Internacional do Rio de Janeiro,Aeroporto de Milão-Malpensa,9219,10:14 ~ 10:50,10:50 ~ 11:31
Aeroporto Internacional do Rio de Janeiro,Aeroporto de Praga,9858,10:57 ~ 11:35,11:35 ~ 12:19
Aeroporto Internacional do Rio de Janeiro,Aeroporto de Heathrow (Londres),9228,10:15 ~ 10:51,10:51 ~ 11:32
Aeroporto Internacional do Rio de Janeiro,Aeroporto de Gatwick (Londres),9212,10:14 ~ 10:50,10:50 ~ 11:30
Aeroporto Internacional do Rio de Janeiro,Aeroporto Internacional de Budapeste Ferenc Liszt,9974,11:04 ~ 11:44,11:44 ~ 12:28
Aeroporto Internacional do Rio de Janeiro,Aeroporto de Schiphol (Amsterdã),9535,10:35 ~ 11:13,11:13 ~ 11:55
Aeroporto Internacional do Rio de Janeiro,Aeroporto Internacional de Boryspil (Kiev),10872,12:04 ~ 12:47,12:47 ~ 13:35
Aeroporto Internacional do Rio de Janeiro,Aeroporto de Istambul,10248,11:23 ~ 12:03,12:03 ~ 12:48
Aeroporto Internacional do Rio de Janeiro,Aeroporto de Zurique,9348,10:23 ~ 10:59,10:59 ~ 11:41
Aeroporto Internacional do Rio de Janeiro,Aeroporto de Estocolmo-Arlanda,10688,11:52 ~ 12:34,12:34 ~ 13:21
Aeroporto Internacional do Rio de Janeiro,Aeroporto Nikola Tesla (Belgrado),9874,10:58 ~ 11:36,11:36 ~ 12:20
Aeroporto Internacional do Rio de Janeiro,Aeroporto Internacional Sheremetyevo (Moscou),11520,12:48 ~ 13:33,13:33 ~ 14:24
Aeroporto Internacional do Rio de Janeiro,Aeroporto de Pulkovo (São Petersburgo),11294,12:32 ~ 13:17,13:17 ~ 14:07
Aeroporto Internacional do Rio de Janeiro,Aeroporto Internacional Henri Coand? (Bucareste),10250,11:23 ~ 12:03,12:03 ~ 12:48
Aeroporto Internacional do Rio de Janeiro,Aeroporto Humberto Delgado (Lisboa),7688,08:32 ~ 09:02,09:02 ~ 09:36
Aeroporto Internacional do Rio de Janeiro,Aeroporto Francisco Sá Carneiro (Porto),7939,08:49 ~ 09:20,09:20 ~ 09:55
Aeroporto Internacional do Rio de Janeiro,Aeroporto Internacional de Malta,8891,09:52 ~ 10:27,10:27 ~ 11:06
Aeroporto Internacional do Rio de Janeiro,Aeroporto de Luxemburgo,9392,10:26 ~ 11:02,11:02 ~ 11:44
Aeroporto Internacional do Rio de Janeiro,Aeroporto Internacional de Vilnius,10761,11:57 ~ 12:39,12:39 ~ 13:27
Aeroporto Internacional do Rio de Janeiro,Aeroporto Internacional de Riga,10819,12:01 ~ 12:43,12:43 ~ 13:31
Aeroporto Internacional do Rio de Janeiro,Aeroporto Internacional Madre Teresa (Tirana),9623,10:41 ~ 11:19,11:19 ~ 12:01
Aeroporto Internacional do Rio de Janeiro,Aeroporto de Barcelona-El Prat (Espanha),8499,09:26 ~ 09:59,09:59 ~ 10:37
Aeroporto Internacional do Rio de Janeiro,Aeroporto de Toulouse-Blagnac (França),8654,09:36 ~ 10:10,10:10 ~ 10:49
Aeroporto Internacional do Rio de Janeiro,Aeroporto Internacional de Viena,9855,10:56 ~ 11:35,11:35 ~ 12:19
Aeroporto Internacional do Rio de Janeiro,Aeroporto de Bruxelas,9408,10:27 ~ 11:04,11:04 ~ 11:45
Aeroporto Internacional do Rio de Janeiro,Aeroporto de Sófia,9955,11:03 ~ 11:42,11:42 ~ 12:26
Aeroporto Internacional do Rio de Janeiro,Aeroporto de Bratislava,9898,10:59 ~ 11:38,11:38 ~ 12:22
Aeroporto Internacional do Rio de Janeiro,Aeroporto de Ljubljana Joe Pu?nik,9599,10:39 ~ 11:17,11:17 ~ 11:59
Aeroporto Internacional do Rio de Janeiro,Aeroporto Adolfo Suárez Madrid-Barajas,8123,09:01 ~ 09:33,09:33 ~ 10:09
Aeroporto Internacional do Rio de Janeiro,Aeroporto de Barcelona-El Prat,8499,09:26 ~ 09:59,09:59 ~ 10:37
Aeroporto Internacional do Rio de Janeiro,Aeroporto de Tallinn,11001,12:13 ~ 12:56,12:56 ~ 13:45
Aeroporto Internacional do Rio de Janeiro,Aeroporto de Vágar,9936,11:02 ~ 11:41,11:41 ~ 12:25
Aeroporto Internacional do Rio de Janeiro,Aeroporto de Helsinque,11059,12:17 ~ 13:00,13:00 ~ 13:49
Aeroporto Internacional do Rio de Janeiro,Aeroporto Internacional de Brasília,912,01:00 ~ 01:04,01:04 ~ 01:08
Aeroporto Internacional do Rio de Janeiro,Aeroporto Internacional de Várzea Grande,1596,01:46 ~ 01:52,01:52 ~ 01:59
Aeroporto Internacional do Rio de Janeiro,Aeroporto Internacional de Belém,2437,02:42 ~ 02:52,02:52 ~ 03:02
Aeroporto Internacional do Rio de Janeiro,Aeroporto Internacional de Tabatinga,3285,03:38 ~ 03:51,03:51 ~ 04:06
Aeroporto Internacional do Rio de Janeiro,Aeroporto Internacional de Manaus,2841,03:09 ~ 03:20,03:20 ~ 03:33
Aeroporto Internacional do Rio de Janeiro,Aeroporto Internacional de Macapá,2666,02:57 ~ 03:08,03:08 ~ 03:19
Aeroporto Internacional do Rio de Janeiro,Aeroporto Internacional de Fortaleza,2166,02:24 ~ 02:32,02:32 ~ 02:42
Aeroporto Internacional do Rio de Janeiro,Aeroporto Internacional de Maceió,1721,01:54 ~ 02:01,02:01 ~ 02:09
Aeroporto Internacional do Rio de Janeiro,Aeroporto Internacional de Aracaju,1468,01:37 ~ 01:43,01:43 ~ 01:50
Aeroporto Internacional do Rio de Janeiro,Aeroporto Internacional de Belo Horizonte,353,00:23 ~ 00:24,00:24 ~ 00:26
Aeroporto Internacional do Rio de Janeiro,Aeroporto Santos Dumont,14,00:00 ~ 00:00,00:00 ~ 00:01
Aeroporto Internacional do Rio de Janeiro,Aeroporto Internacional de Vitória,416,00:27 ~ 00:29,00:29 ~ 00:31
Aeroporto Internacional do Rio de Janeiro,Aeroporto Internacional de São José dos Campos,275,00:18 ~ 00:19,00:19 ~ 00:20
Aeroporto Internacional do Rio de Janeiro,Aeroporto Internacional de Viracopos,478,00:31 ~ 00:33,00:33 ~ 00:35
Aeroporto Internacional do Rio de Janeiro,Aeroporto Internacional de Curitiba,661,00:44 ~ 00:46,00:46 ~ 00:49
Aeroporto Internacional do Rio de Janeiro,Aeroporto Internacional de Florianópolis,759,00:50 ~ 00:53,00:53 ~ 00:56
Aeroporto Internacional do Rio de Janeiro,Aeroporto Internacional de Navegantes,712,00:47 ~ 00:50,00:50 ~ 00:53
Aeroporto Internacional do Rio de Janeiro,Aeroporto Internacional de Porto Alegre,1122,01:14 ~ 01:19,01:19 ~ 01:24
Aeroporto Internacional do Rio de Janeiro,Aeroporto de Copenhague,9160,10:10 ~ 10:46,10:46 ~ 11:26
Aeroporto Internacional do Rio de Janeiro,Aeroporto Internacional Hartsfield-Jackson Atlanta,7621,08:28 ~ 08:57,08:57 ~ 09:31
Aeroporto Internacional do Rio de Janeiro,Aeroporto de Teresina,1964,02:10 ~ 02:18,02:18 ~ 02:27
Aeroporto Internacional do Rio de Janeiro,Aeroporto Internacional de João Pessoa,1947,02:09 ~ 02:17,02:17 ~ 02:26
Aeroporto Internacional de Vitória,Aeroporto Internacional de Guarulhos,730,00:48 ~ 00:51,00:51 ~ 00:54
Aeroporto Internacional de Vitória,Aeroporto Internacional do Recife,1462,01:37 ~ 01:43,01:43 ~ 01:49
Aeroporto Internacional de Vitória,Aeroporto Internacional de Salvador,839,00:55 ~ 00:59,00:59 ~ 01:02
Aeroporto Internacional de Vitória,Aeroporto Internacional de Natal,1692,01:52 ~ 01:59,01:59 ~ 02:06
Aeroporto Internacional de Vitória,Aeroporto Internacional de São Luís,2000,02:13 ~ 02:21,02:21 ~ 02:30
Aeroporto Internacional de Vitória,Aeroporto Internacional Pinto Martins,1833,02:02 ~ 02:09,02:09 ~ 02:17
Aeroporto Internacional de Vitória,Aeroporto Internacional de Nursultan Nazarbayev,13249,14:43 ~ 15:35,15:35 ~ 16:33
Aeroporto Internacional de Vitória,Aeroporto Internacional de Xangai Pudong,17863,19:50 ~ 21:00,21:00 ~ 22:19
Aeroporto Internacional de Vitória,Aeroporto Internacional de Pequim Capital,16907,18:47 ~ 19:53,19:53 ~ 21:08
Aeroporto Internacional de Vitória,Aeroporto Internacional de Pyongyang Sunan,17515,19:27 ~ 20:36,20:36 ~ 21:53
Aeroporto Internacional de Vitória,Aeroporto Internacional de Incheon,17713,19:40 ~ 20:50,20:50 ~ 22:08
Aeroporto Internacional de Vitória,Aeroporto Internacional Ninoy Aquino,17948,19:56 ~ 21:06,21:06 ~ 22:26
Aeroporto Internacional de Vitória,Aeroporto Internacional de Hong Kong,17349,19:16 ~ 20:24,20:24 ~ 21:41
Aeroporto Internacional de Vitória,Aeroporto Internacional Indira Gandhi,13682,15:12 ~ 16:05,16:05 ~ 17:06
Aeroporto Internacional de Vitória,Aeroporto Internacional Soekarno-Hatta (Jacarta),15376,17:05 ~ 18:05,18:05 ~ 19:13
Aeroporto Internacional de Vitória,Aeroporto Internacional Ngurah Rai (Bali),15832,17:35 ~ 18:37,18:37 ~ 19:47
Aeroporto Internacional de Vitória,Aeroporto Internacional de Narita (Tóquio),18284,20:18 ~ 21:30,21:30 ~ 22:51
Aeroporto Internacional de Vitória,Aeroporto Internacional de Haneda (Tóquio),18309,20:20 ~ 21:32,21:32 ~ 22:53
Aeroporto Internacional de Vitória,Aeroporto Internacional de Kansai (Osaka),18374,20:24 ~ 21:36,21:36 ~ 22:58
Aeroporto Internacional de Vitória,Aeroporto Internacional de Wattay (Vientiane),16124,17:54 ~ 18:58,18:58 ~ 20:09
Aeroporto Internacional de Vitória,Aeroporto Internacional de Kuala Lumpur (Sepang),15473,17:11 ~ 18:12,18:12 ~ 19:20
Aeroporto Internacional de Vitória,Aeroporto Internacional de Penang (Penang),15458,17:10 ~ 18:11,18:11 ~ 19:19
Aeroporto Internacional de Vitória,Aeroporto Internacional de Malé,12663,14:04 ~ 14:53,14:53 ~ 15:49
Aeroporto Internacional de Vitória,Aeroporto Internacional de Changi,15617,17:21 ~ 18:22,18:22 ~ 19:31
Aeroporto Internacional de Vitória,Aeroporto Internacional de Suvarnabhumi,15830,17:35 ~ 18:37,18:37 ~ 19:47
Aeroporto Internacional de Vitória,Aeroporto Internacional Don Mueang,15822,17:34 ~ 18:36,18:36 ~ 19:46
Aeroporto Internacional de Vitória,Aeroporto Internacional de Taiwan Taoyuan,18059,20:03 ~ 21:14,21:14 ~ 22:34
Aeroporto Internacional de Vitória,Aeroporto Internacional de Tan Son Nhat,16344,18:09 ~ 19:13,19:13 ~ 20:25
Aeroporto Internacional de Vitória,Aeroporto Internacional de Noi Bai,16508,18:20 ~ 19:25,19:25 ~ 20:38
Aeroporto Internacional de Vitória,Aeroporto de Frankfurt,9148,10:09 ~ 10:45,10:45 ~ 11:26
Aeroporto Internacional de Vitória,Aeroporto de Dublin,8795,09:46 ~ 10:20,10:20 ~ 10:59
Aeroporto Internacional de Vitória,Aeroporto de Varsóvia Chopin,9968,11:04 ~ 11:43,11:43 ~ 12:27
Aeroporto Internacional de Vitória,Aeroporto de Oslo-Gardermoen,10046,11:09 ~ 11:49,11:49 ~ 12:33
Aeroporto Internacional de Vitória,Aeroporto de Roma-Fiumicino,8740,09:42 ~ 10:16,10:16 ~ 10:55
Aeroporto Internacional de Vitória,Aeroporto de Milão-Malpensa,8815,09:47 ~ 10:22,10:22 ~ 11:01
Aeroporto Internacional de Vitória,Aeroporto de Praga,9455,10:30 ~ 11:07,11:07 ~ 11:49
Aeroporto Internacional de Vitória,Aeroporto de Heathrow (Londres),8844,09:49 ~ 10:24,10:24 ~ 11:03
Aeroporto Internacional de Vitória,Aeroporto de Gatwick (Londres),8827,09:48 ~ 10:23,10:23 ~ 11:02
Aeroporto Internacional de Vitória,Aeroporto Internacional de Budapeste Ferenc Liszt,9565,10:37 ~ 11:15,11:15 ~ 11:57
Aeroporto Internacional de Vitória,Aeroporto de Schiphol (Amsterdã),9146,10:09 ~ 10:45,10:45 ~ 11:25
Aeroporto Internacional de Vitória,Aeroporto Internacional de Boryspil (Kiev),10461,11:37 ~ 12:18,12:18 ~ 13:04
Aeroporto Internacional de Vitória,Aeroporto de Istambul,9831,10:55 ~ 11:33,11:33 ~ 12:17
Aeroporto Internacional de Vitória,Aeroporto de Zurique,8947,09:56 ~ 10:31,10:31 ~ 11:11
Aeroporto Internacional de Vitória,Aeroporto de Estocolmo-Arlanda,10300,11:26 ~ 12:07,12:07 ~ 12:52
Aeroporto Internacional de Vitória,Aeroporto Nikola Tesla (Belgrado),9462,10:30 ~ 11:07,11:07 ~ 11:49
Aeroporto Internacional de Vitória,Aeroporto Internacional Sheremetyevo (Moscou),11114,12:20 ~ 13:04,13:04 ~ 13:53
Aeroporto Internacional de Vitória,Aeroporto de Pulkovo (São Petersburgo),10898,12:06 ~ 12:49,12:49 ~ 13:37
Aeroporto Internacional de Vitória,Aeroporto Internacional Henri Coand? (Bucareste),9835,10:55 ~ 11:34,11:34 ~ 12:17
Aeroporto Internacional de Vitória,Aeroporto Humberto Delgado (Lisboa),7297,08:06 ~ 08:35,08:35 ~ 09:07
Aeroporto Internacional de Vitória,Aeroporto Francisco Sá Carneiro (Porto),7550,08:23 ~ 08:52,08:52 ~ 09:26
Aeroporto Internacional de Vitória,Aeroporto Internacional de Malta,8475,09:24 ~ 09:58,09:58 ~ 10:35
Aeroporto Internacional de Vitória,Aeroporto de Luxemburgo,8996,09:59 ~ 10:35,10:35 ~ 11:14
Aeroporto Internacional de Vitória,Aeroporto Internacional de Vilnius,10359,11:30 ~ 12:11,12:11 ~ 12:56
Aeroporto Internacional de Vitória,Aeroporto Internacional de Riga,10421,11:34 ~ 12:15,12:15 ~ 13:01
Aeroporto Internacional de Vitória,Aeroporto Internacional Madre Teresa (Tirana),9209,10:13 ~ 10:50,10:50 ~ 11:30
Aeroporto Internacional de Vitória,Aeroporto de Barcelona-El Prat (Espanha),8096,08:59 ~ 09:31,09:31 ~ 10:07
Aeroporto Internacional de Vitória,Aeroporto de Toulouse-Blagnac (França),8255,09:10 ~ 09:42,09:42 ~ 10:19
Aeroporto Internacional de Vitória,Aeroporto Internacional de Viena,9448,10:29 ~ 11:06,11:06 ~ 11:48
Aeroporto Internacional de Vitória,Aeroporto de Bruxelas,9017,10:01 ~ 10:36,10:36 ~ 11:16
Aeroporto Internacional de Vitória,Aeroporto de Sófia,9541,10:36 ~ 11:13,11:13 ~ 11:55
Aeroporto Internacional de Vitória,Aeroporto de Bratislava,9491,10:32 ~ 11:09,11:09 ~ 11:51
Aeroporto Internacional de Vitória,Aeroporto de Ljubljana Joe Pu?nik,9192,10:12 ~ 10:48,10:48 ~ 11:29
Aeroporto Internacional de Vitória,Aeroporto Adolfo Suárez Madrid-Barajas,7726,08:35 ~ 09:05,09:05 ~ 09:39
Aeroporto Internacional de Vitória,Aeroporto de Barcelona-El Prat,8096,08:59 ~ 09:31,09:31 ~ 10:07
Aeroporto Internacional de Vitória,Aeroporto de Tallinn,10608,11:47 ~ 12:28,12:28 ~ 13:15
Aeroporto Internacional de Vitória,Aeroporto de Vágar,9582,10:38 ~ 11:16,11:16 ~ 11:58
Aeroporto Internacional de Vitória,Aeroporto de Helsinque,10668,11:51 ~ 12:33,12:33 ~ 13:20
Aeroporto Internacional de Vitória,Aeroporto Internacional de Brasília,943,01:02 ~ 01:06,01:06 ~ 01:10
Aeroporto Internacional de Vitória,Aeroporto Internacional de Várzea Grande,1783,01:58 ~ 02:05,02:05 ~ 02:13
Aeroporto Internacional de Vitória,Aeroporto Internacional de Belém,2270,02:31 ~ 02:40,02:40 ~ 02:50
Aeroporto Internacional de Vitória,Aeroporto Internacional de Tabatinga,3382,03:45 ~ 03:58,03:58 ~ 04:13
Aeroporto Internacional de Vitória,Aeroporto Internacional de Manaus,2869,03:11 ~ 03:22,03:22 ~ 03:35
Aeroporto Internacional de Vitória,Aeroporto Internacional de Macapá,2534,02:48 ~ 02:58,02:58 ~ 03:10
Aeroporto Internacional de Vitória,Aeroporto Internacional de Fortaleza,1833,02:02 ~ 02:09,02:09 ~ 02:17
Aeroporto Internacional de Vitória,Aeroporto Internacional de Maceió,1334,01:28 ~ 01:34,01:34 ~ 01:40
Aeroporto Internacional de Vitória,Aeroporto Internacional de Aracaju,1086,01:12 ~ 01:16,01:16 ~ 01:21
Aeroporto Internacional de Vitória,Aeroporto Internacional de Belo Horizonte,317,00:21 ~ 00:22,00:22 ~ 00:23
Aeroporto Internacional de Vitória,Aeroporto Santos Dumont,418,00:27 ~ 00:29,00:29 ~ 00:31
Aeroporto Internacional de Vitória,Aeroporto Internacional do Rio de Janeiro,416,00:27 ~ 00:29,00:29 ~ 00:31
Aeroporto Internacional de Vitória,Aeroporto Internacional de São José dos Campos,665,00:44 ~ 00:46,00:46 ~ 00:49
Aeroporto Internacional de Vitória,Aeroporto Internacional de Viracopos,850,00:56 ~ 01:00,01:00 ~ 01:03
Aeroporto Internacional de Vitória,Aeroporto Internacional de Curitiba,1067,01:11 ~ 01:15,01:15 ~ 01:20
Aeroporto Internacional de Vitória,Aeroporto Internacional de Florianópolis,1174,01:18 ~ 01:22,01:22 ~ 01:28
Aeroporto Internacional de Vitória,Aeroporto Internacional de Navegantes,1128,01:15 ~ 01:19,01:19 ~ 01:24
Aeroporto Internacional de Vitória,Aeroporto Internacional de Porto Alegre,1537,01:42 ~ 01:48,01:48 ~ 01:55
Aeroporto Internacional de Vitória,Aeroporto de Copenhague,8804,09:46 ~ 10:21,10:21 ~ 11:00
Aeroporto Internacional de Vitória,Aeroporto Internacional Hartsfield-Jackson Atlanta,7583,08:25 ~ 08:55,08:55 ~ 09:28
Aeroporto Internacional de Vitória,Aeroporto de Teresina,1704,01:53 ~ 02:00,02:00 ~ 02:07
Aeroporto Internacional de Vitória,Aeroporto Internacional de João Pessoa,1561,01:44 ~ 01:50,01:50 ~ 01:57
Aeroporto Internacional de São José dos Campos,Aeroporto Internacional de Guarulhos,65,00:04 ~ 00:04,00:04 ~ 00:04
Aeroporto Internacional de São José dos Campos,Aeroporto Internacional do Recife,2038,02:15 ~ 02:23,02:23 ~ 02:32
Aeroporto Internacional de São José dos Campos,Aeroporto Internacional de Salvador,1391,01:32 ~ 01:38,01:38 ~ 01:44
Aeroporto Internacional de São José dos Campos,Aeroporto Internacional de Natal,2240,02:29 ~ 02:38,02:38 ~ 02:47
Aeroporto Internacional de São José dos Campos,Aeroporto Internacional de São Luís,2286,02:32 ~ 02:41,02:41 ~ 02:51
Aeroporto Internacional de São José dos Campos,Aeroporto Internacional Pinto Martins,2290,02:32 ~ 02:41,02:41 ~ 02:51
Aeroporto Internacional de São José dos Campos,Aeroporto Internacional de Nursultan Nazarbayev,13881,15:25 ~ 16:19,16:19 ~ 17:21
Aeroporto Internacional de São José dos Campos,Aeroporto Internacional de Xangai Pudong,18519,20:34 ~ 21:47,21:47 ~ 23:08
Aeroporto Internacional de São José dos Campos,Aeroporto Internacional de Pequim Capital,17521,19:28 ~ 20:36,20:36 ~ 21:54
Aeroporto Internacional de São José dos Campos,Aeroporto Internacional de Pyongyang Sunan,18059,20:03 ~ 21:14,21:14 ~ 22:34
Aeroporto Internacional de São José dos Campos,Aeroporto Internacional de Incheon,18265,20:17 ~ 21:29,21:29 ~ 22:49
Aeroporto Internacional de São José dos Campos,Aeroporto Internacional Ninoy Aquino,18345,20:22 ~ 21:34,21:34 ~ 22:55
Aeroporto Internacional de São José dos Campos,Aeroporto Internacional de Hong Kong,17958,19:57 ~ 21:07,21:07 ~ 22:26
Aeroporto Internacional de São José dos Campos,Aeroporto Internacional Indira Gandhi,14338,15:55 ~ 16:52,16:52 ~ 17:55
Aeroporto Internacional de São José dos Campos,Aeroporto Internacional Soekarno-Hatta (Jacarta),15610,17:20 ~ 18:21,18:21 ~ 19:30
Aeroporto Internacional de São José dos Campos,Aeroporto Internacional Ngurah Rai (Bali),15921,17:41 ~ 18:43,18:43 ~ 19:54
Aeroporto Internacional de São José dos Campos,Aeroporto Internacional de Narita (Tóquio),18488,20:32 ~ 21:45,21:45 ~ 23:06
Aeroporto Internacional de São José dos Campos,Aeroporto Internacional de Haneda (Tóquio),18531,20:35 ~ 21:48,21:48 ~ 23:09
Aeroporto Internacional de São José dos Campos,Aeroporto Internacional de Kansai (Osaka),18753,20:50 ~ 22:03,22:03 ~ 23:26
Aeroporto Internacional de São José dos Campos,Aeroporto Internacional de Wattay (Vientiane),16700,18:33 ~ 19:38,19:38 ~ 20:52
Aeroporto Internacional de São José dos Campos,Aeroporto Internacional de Kuala Lumpur (Sepang),15866,17:37 ~ 18:39,18:39 ~ 19:49
Aeroporto Internacional de São José dos Campos,Aeroporto Internacional de Penang (Penang),15894,17:39 ~ 18:41,18:41 ~ 19:52
Aeroporto Internacional de São José dos Campos,Aeroporto Internacional de Malé,13203,14:40 ~ 15:31,15:31 ~ 16:30
Aeroporto Internacional de São José dos Campos,Aeroporto Internacional de Changi,15974,17:44 ~ 18:47,18:47 ~ 19:58
Aeroporto Internacional de São José dos Campos,Aeroporto Internacional de Suvarnabhumi,16364,18:10 ~ 19:15,19:15 ~ 20:27
Aeroporto Internacional de São José dos Campos,Aeroporto Internacional Don Mueang,16359,18:10 ~ 19:14,19:14 ~ 20:26
Aeroporto Internacional de São José dos Campos,Aeroporto Internacional de Taiwan Taoyuan,18706,20:47 ~ 22:00,22:00 ~ 23:22
Aeroporto Internacional de São José dos Campos,Aeroporto Internacional de Tan Son Nhat,16810,18:40 ~ 19:46,19:46 ~ 21:00
Aeroporto Internacional de São José dos Campos,Aeroporto Internacional de Noi Bai,17111,19:00 ~ 20:07,20:07 ~ 21:23
Aeroporto Internacional de São José dos Campos,Aeroporto de Frankfurt,9722,10:48 ~ 11:26,11:26 ~ 12:09
Aeroporto Internacional de São José dos Campos,Aeroporto de Dublin,9308,10:20 ~ 10:57,10:57 ~ 11:38
Aeroporto Internacional de São José dos Campos,Aeroporto de Varsóvia Chopin,10559,11:43 ~ 12:25,12:25 ~ 13:11
Aeroporto Internacional de São José dos Campos,Aeroporto de Oslo-Gardermoen,10578,11:45 ~ 12:26,12:26 ~ 13:13
Aeroporto Internacional de São José dos Campos,Aeroporto de Roma-Fiumicino,9355,10:23 ~ 11:00,11:00 ~ 11:41
Aeroporto Internacional de São José dos Campos,Aeroporto de Milão-Malpensa,9408,10:27 ~ 11:04,11:04 ~ 11:45
Aeroporto Internacional de São José dos Campos,Aeroporto de Praga,10043,11:09 ~ 11:48,11:48 ~ 12:33
Aeroporto Internacional de São José dos Campos,Aeroporto de Heathrow (Londres),9385,10:25 ~ 11:02,11:02 ~ 11:43
Aeroporto Internacional de São José dos Campos,Aeroporto de Gatwick (Londres),9370,10:24 ~ 11:01,11:01 ~ 11:42
Aeroporto Internacional de São José dos Campos,Aeroporto Internacional de Budapeste Ferenc Liszt,10173,11:18 ~ 11:58,11:58 ~ 12:42
Aeroporto Internacional de São José dos Campos,Aeroporto de Schiphol (Amsterdã),9699,10:46 ~ 11:24,11:24 ~ 12:07
Aeroporto Internacional de São José dos Campos,Aeroporto Internacional de Boryspil (Kiev),11075,12:18 ~ 13:01,13:01 ~ 13:50
Aeroporto Internacional de São José dos Campos,Aeroporto de Istambul,10474,11:38 ~ 12:19,12:19 ~ 13:05
Aeroporto Internacional de São José dos Campos,Aeroporto de Zurique,9532,10:35 ~ 11:12,11:12 ~ 11:54
Aeroporto Internacional de São José dos Campos,Aeroporto de Estocolmo-Arlanda,10849,12:03 ~ 12:45,12:45 ~ 13:33
Aeroporto Internacional de São José dos Campos,Aeroporto Nikola Tesla (Belgrado),10082,11:12 ~ 11:51,11:51 ~ 12:36
Aeroporto Internacional de São José dos Campos,Aeroporto Internacional Sheremetyevo (Moscou),11711,13:00 ~ 13:46,13:46 ~ 14:38
Aeroporto Internacional de São José dos Campos,Aeroporto de Pulkovo (São Petersburgo),11466,12:44 ~ 13:29,13:29 ~ 14:19
Aeroporto Internacional de São José dos Campos,Aeroporto Internacional Henri Coand? (Bucareste),10464,11:37 ~ 12:18,12:18 ~ 13:04
Aeroporto Internacional de São José dos Campos,Aeroporto Humberto Delgado (Lisboa),7857,08:43 ~ 09:14,09:14 ~ 09:49
Aeroporto Internacional de São José dos Campos,Aeroporto Francisco Sá Carneiro (Porto),8102,09:00 ~ 09:31,09:31 ~ 10:07
Aeroporto Internacional de São José dos Campos,Aeroporto Internacional de Malta,9113,10:07 ~ 10:43,10:43 ~ 11:23
Aeroporto Internacional de São José dos Campos,Aeroporto de Luxemburgo,9566,10:37 ~ 11:15,11:15 ~ 11:57
Aeroporto Internacional de São José dos Campos,Aeroporto Internacional de Vilnius,10946,12:09 ~ 12:52,12:52 ~ 13:40
Aeroporto Internacional de São José dos Campos,Aeroporto Internacional de Riga,10995,12:13 ~ 12:56,12:56 ~ 13:44
Aeroporto Internacional de São José dos Campos,Aeroporto Internacional Madre Teresa (Tirana),9839,10:55 ~ 11:34,11:34 ~ 12:17
Aeroporto Internacional de São José dos Campos,Aeroporto de Barcelona-El Prat (Espanha),8686,09:39 ~ 10:13,10:13 ~ 10:51
Aeroporto Internacional de São José dos Campos,Aeroporto de Toulouse-Blagnac (França),8835,09:48 ~ 10:23,10:23 ~ 11:02
Aeroporto Internacional de São José dos Campos,Aeroporto Internacional de Viena,10048,11:09 ~ 11:49,11:49 ~ 12:33
Aeroporto Internacional de São José dos Campos,Aeroporto de Bruxelas,9576,10:38 ~ 11:15,11:15 ~ 11:58
Aeroporto Internacional de São José dos Campos,Aeroporto de Sófia,10172,11:18 ~ 11:58,11:58 ~ 12:42
Aeroporto Internacional de São José dos Campos,Aeroporto de Bratislava,10092,11:12 ~ 11:52,11:52 ~ 12:36
Aeroporto Internacional de São José dos Campos,Aeroporto de Ljubljana Joe Pu?nik,9795,10:52 ~ 11:31,11:31 ~ 12:14
Aeroporto Internacional de São José dos Campos,Aeroporto Adolfo Suárez Madrid-Barajas,8301,09:13 ~ 09:45,09:45 ~ 10:22
Aeroporto Internacional de São José dos Campos,Aeroporto de Barcelona-El Prat,8687,09:39 ~ 10:13,10:13 ~ 10:51
Aeroporto Internacional de São José dos Campos,Aeroporto de Tallinn,11170,12:24 ~ 13:08,13:08 ~ 13:57
Aeroporto Internacional de São José dos Campos,Aeroporto de Vágar,10054,11:10 ~ 11:49,11:49 ~ 12:34
Aeroporto Internacional de São José dos Campos,Aeroporto de Helsinque,11225,12:28 ~ 13:12,13:12 ~ 14:01
Aeroporto Internacional de São José dos Campos,Aeroporto Internacional de Brasília,838,00:55 ~ 00:59,00:59 ~ 01:02
Aeroporto Internacional de São José dos Campos,Aeroporto Internacional de Várzea Grande,1385,01:32 ~ 01:37,01:37 ~ 01:43
Aeroporto Internacional de São José dos Campos,Aeroporto Internacional de Belém,2429,02:41 ~ 02:51,02:51 ~ 03:02
Aeroporto Internacional de São José dos Campos,Aeroporto Internacional de Tabatinga,3103,03:26 ~ 03:39,03:39 ~ 03:52
Aeroporto Internacional de São José dos Campos,Aeroporto Internacional de Manaus,2701,03:00 ~ 03:10,03:10 ~ 03:22
Aeroporto Internacional de São José dos Campos,Aeroporto Internacional de Macapá,2630,02:55 ~ 03:05,03:05 ~ 03:17
Aeroporto Internacional de São José dos Campos,Aeroporto Internacional de Fortaleza,2290,02:32 ~ 02:41,02:41 ~ 02:51
Aeroporto Internacional de São José dos Campos,Aeroporto Internacional de Maceió,1904,02:06 ~ 02:14,02:14 ~ 02:22
Aeroporto Internacional de São José dos Campos,Aeroporto Internacional de Aracaju,1648,01:49 ~ 01:56,01:56 ~ 02:03
Aeroporto Internacional de São José dos Campos,Aeroporto Internacional de Belo Horizonte,481,00:32 ~ 00:33,00:33 ~ 00:36
Aeroporto Internacional de São José dos Campos,Aeroporto Santos Dumont,282,00:18 ~ 00:19,00:19 ~ 00:21
Aeroporto Internacional de São José dos Campos,Aeroporto Internacional do Rio de Janeiro,275,00:18 ~ 00:19,00:19 ~ 00:20
Aeroporto Internacional de São José dos Campos,Aeroporto Internacional de Vitória,665,00:44 ~ 00:46,00:46 ~ 00:49
Aeroporto Internacional de São José dos Campos,Aeroporto Internacional de Viracopos,204,00:13 ~ 00:14,00:14 ~ 00:15
Aeroporto Internacional de São José dos Campos,Aeroporto Internacional de Curitiba,404,00:26 ~ 00:28,00:28 ~ 00:30
Aeroporto Internacional de São José dos Campos,Aeroporto Internacional de Florianópolis,564,00:37 ~ 00:39,00:39 ~ 00:42
Aeroporto Internacional de São José dos Campos,Aeroporto Internacional de Navegantes,498,00:33 ~ 00:35,00:35 ~ 00:37
Aeroporto Internacional de São José dos Campos,Aeroporto Internacional de Porto Alegre,919,01:01 ~ 01:04,01:04 ~ 01:08
Aeroporto Internacional de São José dos Campos,Aeroporto de Copenhague,9283,10:18 ~ 10:55,10:55 ~ 11:36
Aeroporto Internacional de São José dos Campos,Aeroporto Internacional Hartsfield-Jackson Atlanta,7498,08:19 ~ 08:49,08:49 ~ 09:22
Aeroporto Internacional de São José dos Campos,Aeroporto de Teresina,2033,02:15 ~ 02:23,02:23 ~ 02:32
Aeroporto Internacional de São José dos Campos,Aeroporto Internacional de João Pessoa,2127,02:21 ~ 02:30,02:30 ~ 02:39
Aeroporto Internacional de Viracopos,Aeroporto Internacional de Guarulhos,147,00:09 ~ 00:10,00:10 ~ 00:11
Aeroporto Internacional de Viracopos,Aeroporto Internacional do Recife,2167,02:24 ~ 02:32,02:32 ~ 02:42
Aeroporto Internacional de Viracopos,Aeroporto Internacional de Salvador,1521,01:41 ~ 01:47,01:47 ~ 01:54
Aeroporto Internacional de Viracopos,Aeroporto Internacional de Natal,2356,02:37 ~ 02:46,02:46 ~ 02:56
Aeroporto Internacional de Viracopos,Aeroporto Internacional de São Luís,2313,02:34 ~ 02:43,02:43 ~ 02:53
Aeroporto Internacional de Viracopos,Aeroporto Internacional Pinto Martins,2372,02:38 ~ 02:47,02:47 ~ 02:57
Aeroporto Internacional de Viracopos,Aeroporto Internacional de Nursultan Nazarbayev,14019,15:34 ~ 16:29,16:29 ~ 17:31
Aeroporto Internacional de Viracopos,Aeroporto Internacional de Xangai Pudong,18671,20:44 ~ 21:57,21:57 ~ 23:20
Aeroporto Internacional de Viracopos,Aeroporto Internacional de Pequim Capital,17639,19:35 ~ 20:45,20:45 ~ 22:02
Aeroporto Internacional de Viracopos,Aeroporto Internacional de Pyongyang Sunan,18127,20:08 ~ 21:19,21:19 ~ 22:39
Aeroporto Internacional de Viracopos,Aeroporto Internacional de Incheon,18334,20:22 ~ 21:34,21:34 ~ 22:55
Aeroporto Internacional de Viracopos,Aeroporto Internacional Ninoy Aquino,18510,20:33 ~ 21:46,21:46 ~ 23:08
Aeroporto Internacional de Viracopos,Aeroporto Internacional de Hong Kong,18162,20:10 ~ 21:22,21:22 ~ 22:42
Aeroporto Internacional de Viracopos,Aeroporto Internacional Indira Gandhi,14532,16:08 ~ 17:05,17:05 ~ 18:09
Aeroporto Internacional de Viracopos,Aeroporto Internacional Soekarno-Hatta (Jacarta),15753,17:30 ~ 18:31,18:31 ~ 19:41
Aeroporto Internacional de Viracopos,Aeroporto Internacional Ngurah Rai (Bali),16025,17:48 ~ 18:51,18:51 ~ 20:01
Aeroporto Internacional de Viracopos,Aeroporto Internacional de Narita (Tóquio),18403,20:26 ~ 21:39,21:39 ~ 23:00
Aeroporto Internacional de Viracopos,Aeroporto Internacional de Haneda (Tóquio),18451,20:30 ~ 21:42,21:42 ~ 23:03
Aeroporto Internacional de Viracopos,Aeroporto Internacional de Kansai (Osaka),18722,20:48 ~ 22:01,22:01 ~ 23:24
Aeroporto Internacional de Viracopos,Aeroporto Internacional de Wattay (Vientiane),16903,18:46 ~ 19:53,19:53 ~ 21:07
Aeroporto Internacional de Viracopos,Aeroporto Internacional de Kuala Lumpur (Sepang),16043,17:49 ~ 18:52,18:52 ~ 20:03
Aeroporto Internacional de Viracopos,Aeroporto Internacional de Penang (Penang),16079,17:51 ~ 18:54,18:54 ~ 20:05
Aeroporto Internacional de Viracopos,Aeroporto Internacional de Malé,13405,14:53 ~ 15:46,15:46 ~ 16:45
Aeroporto Internacional de Viracopos,Aeroporto Internacional de Changi,16143,17:56 ~ 18:59,18:59 ~ 20:10
Aeroporto Internacional de Viracopos,Aeroporto Internacional de Suvarnabhumi,16564,18:24 ~ 19:29,19:29 ~ 20:42
Aeroporto Internacional de Viracopos,Aeroporto Internacional Don Mueang,16559,18:23 ~ 19:28,19:28 ~ 20:41
Aeroporto Internacional de Viracopos,Aeroporto Internacional de Taiwan Taoyuan,18905,21:00 ~ 22:14,22:14 ~ 23:37
Aeroporto Internacional de Viracopos,Aeroporto Internacional de Tan Son Nhat,16999,18:53 ~ 19:59,19:59 ~ 21:14
Aeroporto Internacional de Viracopos,Aeroporto Internacional de Noi Bai,17315,19:14 ~ 20:22,20:22 ~ 21:38
Aeroporto Internacional de Viracopos,Aeroporto de Frankfurt,9830,10:55 ~ 11:33,11:33 ~ 12:17
Aeroporto Internacional de Viracopos,Aeroporto de Dublin,9387,10:25 ~ 11:02,11:02 ~ 11:44
Aeroporto Internacional de Viracopos,Aeroporto de Varsóvia Chopin,10676,11:51 ~ 12:33,12:33 ~ 13:20
Aeroporto Internacional de Viracopos,Aeroporto de Oslo-Gardermoen,10664,11:50 ~ 12:32,12:32 ~ 13:19
Aeroporto Internacional de Viracopos,Aeroporto de Roma-Fiumicino,9487,10:32 ~ 11:09,11:09 ~ 11:51
Aeroporto Internacional de Viracopos,Aeroporto de Milão-Malpensa,9526,10:35 ~ 11:12,11:12 ~ 11:54
Aeroporto Internacional de Viracopos,Aeroporto de Praga,10157,11:17 ~ 11:56,11:56 ~ 12:41
Aeroporto Internacional de Viracopos,Aeroporto de Heathrow (Londres),9478,10:31 ~ 11:09,11:09 ~ 11:50
Aeroporto Internacional de Viracopos,Aeroporto de Gatwick (Londres),9464,10:30 ~ 11:08,11:08 ~ 11:49
Aeroporto Internacional de Viracopos,Aeroporto Internacional de Budapeste Ferenc Liszt,10299,11:26 ~ 12:06,12:06 ~ 12:52
Aeroporto Internacional de Viracopos,Aeroporto de Schiphol (Amsterdã),9798,10:53 ~ 11:31,11:31 ~ 12:14
Aeroporto Internacional de Viracopos,Aeroporto Internacional de Boryspil (Kiev),11205,12:26 ~ 13:10,13:10 ~ 14:00
Aeroporto Internacional de Viracopos,Aeroporto de Istambul,10624,11:48 ~ 12:29,12:29 ~ 13:16
Aeroporto Internacional de Viracopos,Aeroporto de Zurique,9646,10:43 ~ 11:20,11:20 ~ 12:03
Aeroporto Internacional de Viracopos,Aeroporto de Estocolmo-Arlanda,10943,12:09 ~ 12:52,12:52 ~ 13:40
Aeroporto Internacional de Viracopos,Aeroporto Nikola Tesla (Belgrado),10215,11:20 ~ 12:01,12:01 ~ 12:46
Aeroporto Internacional de Viracopos,Aeroporto Internacional Sheremetyevo (Moscou),11829,13:08 ~ 13:54,13:54 ~ 14:47
Aeroporto Internacional de Viracopos,Aeroporto de Pulkovo (São Petersburgo),11570,12:51 ~ 13:36,13:36 ~ 14:27
Aeroporto Internacional de Viracopos,Aeroporto Internacional Henri Coand? (Bucareste),10604,11:46 ~ 12:28,12:28 ~ 13:15
Aeroporto Internacional de Viracopos,Aeroporto Humberto Delgado (Lisboa),7960,08:50 ~ 09:21,09:21 ~ 09:56
Aeroporto Internacional de Viracopos,Aeroporto Francisco Sá Carneiro (Porto),8202,09:06 ~ 09:38,09:38 ~ 10:15
Aeroporto Internacional de Viracopos,Aeroporto Internacional de Malta,9259,10:17 ~ 10:53,10:53 ~ 11:34
Aeroporto Internacional de Viracopos,Aeroporto de Luxemburgo,9672,10:44 ~ 11:22,11:22 ~ 12:05
Aeroporto Internacional de Viracopos,Aeroporto Internacional de Vilnius,11060,12:17 ~ 13:00,13:00 ~ 13:49
Aeroporto Internacional de Viracopos,Aeroporto Internacional de Riga,11102,12:20 ~ 13:03,13:03 ~ 13:52
Aeroporto Internacional de Viracopos,Aeroporto Internacional Madre Teresa (Tirana),9980,11:05 ~ 11:44,11:44 ~ 12:28
Aeroporto Internacional de Viracopos,Aeroporto de Barcelona-El Prat (Espanha),8805,09:46 ~ 10:21,10:21 ~ 11:00
Aeroporto Internacional de Viracopos,Aeroporto de Toulouse-Blagnac (França),8947,09:56 ~ 10:31,10:31 ~ 11:11
Aeroporto Internacional de Viracopos,Aeroporto Internacional de Viena,10170,11:18 ~ 11:57,11:57 ~ 12:42
Aeroporto Internacional de Viracopos,Aeroporto de Bruxelas,9677,10:45 ~ 11:23,11:23 ~ 12:05
Aeroporto Internacional de Viracopos,Aeroporto de Sófia,10313,11:27 ~ 12:07,12:07 ~ 12:53
Aeroporto Internacional de Viracopos,Aeroporto de Bratislava,10215,11:20 ~ 12:01,12:01 ~ 12:46
Aeroporto Internacional de Viracopos,Aeroporto de Ljubljana Joe Pu?nik,9919,11:01 ~ 11:40,11:40 ~ 12:23
Aeroporto Internacional de Viracopos,Aeroporto Adolfo Suárez Madrid-Barajas,8411,09:20 ~ 09:53,09:53 ~ 10:30
Aeroporto Internacional de Viracopos,Aeroporto de Barcelona-El Prat,8805,09:46 ~ 10:21,10:21 ~ 11:00
Aeroporto Internacional de Viracopos,Aeroporto de Tallinn,11271,12:31 ~ 13:15,13:15 ~ 14:05
Aeroporto Internacional de Viracopos,Aeroporto de Vágar,10115,11:14 ~ 11:54,11:54 ~ 12:38
Aeroporto Internacional de Viracopos,Aeroporto de Helsinque,11323,12:34 ~ 13:19,13:19 ~ 14:09
Aeroporto Internacional de Viracopos,Aeroporto Internacional de Brasília,810,00:54 ~ 00:57,00:57 ~ 01:00
Aeroporto Internacional de Viracopos,Aeroporto Internacional de Várzea Grande,1225,01:21 ~ 01:26,01:26 ~ 01:31
Aeroporto Internacional de Viracopos,Aeroporto Internacional de Belém,2414,02:40 ~ 02:50,02:50 ~ 03:01
Aeroporto Internacional de Viracopos,Aeroporto Internacional de Tabatinga,2955,03:16 ~ 03:28,03:28 ~ 03:41
Aeroporto Internacional de Viracopos,Aeroporto Internacional de Manaus,2586,02:52 ~ 03:02,03:02 ~ 03:13
Aeroporto Internacional de Viracopos,Aeroporto Internacional de Macapá,2592,02:52 ~ 03:02,03:02 ~ 03:14
Aeroporto Internacional de Viracopos,Aeroporto Internacional de Fortaleza,2372,02:38 ~ 02:47,02:47 ~ 02:57
Aeroporto Internacional de Viracopos,Aeroporto Internacional de Maceió,2032,02:15 ~ 02:23,02:23 ~ 02:32
Aeroporto Internacional de Viracopos,Aeroporto Internacional de Aracaju,1776,01:58 ~ 02:05,02:05 ~ 02:13
Aeroporto Internacional de Viracopos,Aeroporto Internacional de Belo Horizonte,623,00:41 ~ 00:43,00:43 ~ 00:46
Aeroporto Internacional de Viracopos,Aeroporto Santos Dumont,485,00:32 ~ 00:34,00:34 ~ 00:36
Aeroporto Internacional de Viracopos,Aeroporto Internacional do Rio de Janeiro,478,00:31 ~ 00:33,00:33 ~ 00:35
Aeroporto Internacional de Viracopos,Aeroporto Internacional de Vitória,850,00:56 ~ 01:00,01:00 ~ 01:03
Aeroporto Internacional de Viracopos,Aeroporto Internacional de São José dos Campos,204,00:13 ~ 00:14,00:14 ~ 00:15
Aeroporto Internacional de Viracopos,Aeroporto Internacional de Curitiba,263,00:17 ~ 00:18,00:18 ~ 00:19
Aeroporto Internacional de Viracopos,Aeroporto Internacional de Florianópolis,501,00:33 ~ 00:35,00:35 ~ 00:37
Aeroporto Internacional de Viracopos,Aeroporto Internacional de Navegantes,420,00:28 ~ 00:29,00:29 ~ 00:31
Aeroporto Internacional de Viracopos,Aeroporto Internacional de Porto Alegre,822,00:54 ~ 00:58,00:58 ~ 01:01
Aeroporto Internacional de Viracopos,Aeroporto de Copenhague,9348,10:23 ~ 10:59,10:59 ~ 11:41
Aeroporto Internacional de Viracopos,Aeroporto Internacional Hartsfield-Jackson Atlanta,7385,08:12 ~ 08:41,08:41 ~ 09:13
Aeroporto Internacional de Viracopos,Aeroporto de Teresina,2078,02:18 ~ 02:26,02:26 ~ 02:35
Aeroporto Internacional de Viracopos,Aeroporto Internacional de João Pessoa,2251,02:30 ~ 02:38,02:38 ~ 02:48
Aeroporto Internacional de Curitiba,Aeroporto Internacional de Guarulhos,340,00:22 ~ 00:24,00:24 ~ 00:25
Aeroporto Internacional de Curitiba,Aeroporto Internacional do Recife,2425,02:41 ~ 02:51,02:51 ~ 03:01
Aeroporto Internacional de Curitiba,Aeroporto Internacional de Salvador,1778,01:58 ~ 02:05,02:05 ~ 02:13
Aeroporto Internacional de Curitiba,Aeroporto Internacional de Natal,2617,02:54 ~ 03:04,03:04 ~ 03:16
Aeroporto Internacional de Curitiba,Aeroporto Internacional de São Luís,2563,02:50 ~ 03:00,03:00 ~ 03:12
Aeroporto Internacional de Curitiba,Aeroporto Internacional Pinto Martins,2636,02:55 ~ 03:06,03:06 ~ 03:17
Aeroporto Internacional de Curitiba,Aeroporto Internacional de Nursultan Nazarbayev,14275,15:51 ~ 16:47,16:47 ~ 17:50
Aeroporto Internacional de Curitiba,Aeroporto Internacional de Xangai Pudong,18921,21:01 ~ 22:15,22:15 ~ 23:39
Aeroporto Internacional de Curitiba,Aeroporto Internacional de Pequim Capital,17901,19:53 ~ 21:03,21:03 ~ 22:22
Aeroporto Internacional de Curitiba,Aeroporto Internacional de Pyongyang Sunan,18383,20:25 ~ 21:37,21:37 ~ 22:58
Aeroporto Internacional de Curitiba,Aeroporto Internacional de Incheon,18590,20:39 ~ 21:52,21:52 ~ 23:14
Aeroporto Internacional de Curitiba,Aeroporto Internacional Ninoy Aquino,18446,20:29 ~ 21:42,21:42 ~ 23:03
Aeroporto Internacional de Curitiba,Aeroporto Internacional de Hong Kong,18278,20:18 ~ 21:30,21:30 ~ 22:50
Aeroporto Internacional de Curitiba,Aeroporto Internacional Indira Gandhi,14725,16:21 ~ 17:19,17:19 ~ 18:24
Aeroporto Internacional de Curitiba,Aeroporto Internacional Soekarno-Hatta (Jacarta),15668,17:24 ~ 18:25,18:25 ~ 19:35
Aeroporto Internacional de Curitiba,Aeroporto Internacional Ngurah Rai (Bali),15883,17:38 ~ 18:41,18:41 ~ 19:51
Aeroporto Internacional de Curitiba,Aeroporto Internacional de Narita (Tóquio),18532,20:35 ~ 21:48,21:48 ~ 23:09
Aeroporto Internacional de Curitiba,Aeroporto Internacional de Haneda (Tóquio),18584,20:38 ~ 21:51,21:51 ~ 23:13
Aeroporto Internacional de Curitiba,Aeroporto Internacional de Kansai (Osaka),18904,21:00 ~ 22:14,22:14 ~ 23:37
Aeroporto Internacional de Curitiba,Aeroporto Internacional de Wattay (Vientiane),17001,18:53 ~ 20:00,20:00 ~ 21:15
Aeroporto Internacional de Curitiba,Aeroporto Internacional de Kuala Lumpur (Sepang),16031,17:48 ~ 18:51,18:51 ~ 20:02
Aeroporto Internacional de Curitiba,Aeroporto Internacional de Penang (Penang),16089,17:52 ~ 18:55,18:55 ~ 20:06
Aeroporto Internacional de Curitiba,Aeroporto Internacional de Malé,13492,14:59 ~ 15:52,15:52 ~ 16:51
Aeroporto Internacional de Curitiba,Aeroporto Internacional de Changi,16110,17:53 ~ 18:57,18:57 ~ 20:08
Aeroporto Internacional de Curitiba,Aeroporto Internacional de Suvarnabhumi,16632,18:28 ~ 19:34,19:34 ~ 20:47
Aeroporto Internacional de Curitiba,Aeroporto Internacional Don Mueang,16630,18:28 ~ 19:33,19:33 ~ 20:47
Aeroporto Internacional de Curitiba,Aeroporto Internacional de Taiwan Taoyuan,19064,21:10 ~ 22:25,22:25 ~ 23:49
Aeroporto Internacional de Curitiba,Aeroporto Internacional de Tan Son Nhat,17017,18:54 ~ 20:01,20:01 ~ 21:16
Aeroporto Internacional de Curitiba,Aeroporto Internacional de Noi Bai,17437,19:22 ~ 20:30,20:30 ~ 21:47
Aeroporto Internacional de Curitiba,Aeroporto de Frankfurt,10093,11:12 ~ 11:52,11:52 ~ 12:36
Aeroporto Internacional de Curitiba,Aeroporto de Dublin,9649,10:43 ~ 11:21,11:21 ~ 12:03
Aeroporto Internacional de Curitiba,Aeroporto de Varsóvia Chopin,10938,12:09 ~ 12:52,12:52 ~ 13:40
Aeroporto Internacional de Curitiba,Aeroporto de Oslo-Gardermoen,10927,12:08 ~ 12:51,12:51 ~ 13:39
Aeroporto Internacional de Curitiba,Aeroporto de Roma-Fiumicino,9745,10:49 ~ 11:27,11:27 ~ 12:10
Aeroporto Internacional de Curitiba,Aeroporto de Milão-Malpensa,9788,10:52 ~ 11:30,11:30 ~ 12:14
Aeroporto Internacional de Curitiba,Aeroporto de Praga,10420,11:34 ~ 12:15,12:15 ~ 13:01
Aeroporto Internacional de Curitiba,Aeroporto de Heathrow (Londres),9741,10:49 ~ 11:27,11:27 ~ 12:10
Aeroporto Internacional de Curitiba,Aeroporto de Gatwick (Londres),9727,10:48 ~ 11:26,11:26 ~ 12:09
Aeroporto Internacional de Curitiba,Aeroporto Internacional de Budapeste Ferenc Liszt,10559,11:43 ~ 12:25,12:25 ~ 13:11
Aeroporto Internacional de Curitiba,Aeroporto de Schiphol (Amsterdã),10061,11:10 ~ 11:50,11:50 ~ 12:34
Aeroporto Internacional de Curitiba,Aeroporto Internacional de Boryspil (Kiev),11464,12:44 ~ 13:29,13:29 ~ 14:19
Aeroporto Internacional de Curitiba,Aeroporto de Istambul,10874,12:04 ~ 12:47,12:47 ~ 13:35
Aeroporto Internacional de Curitiba,Aeroporto de Zurique,9908,11:00 ~ 11:39,11:39 ~ 12:23
Aeroporto Internacional de Curitiba,Aeroporto de Estocolmo-Arlanda,11206,12:27 ~ 13:11,13:11 ~ 14:00
Aeroporto Internacional de Curitiba,Aeroporto Nikola Tesla (Belgrado),10473,11:38 ~ 12:19,12:19 ~ 13:05
Aeroporto Internacional de Curitiba,Aeroporto Internacional Sheremetyevo (Moscou),12091,13:26 ~ 14:13,14:13 ~ 15:06
Aeroporto Internacional de Curitiba,Aeroporto de Pulkovo (São Petersburgo),11833,13:08 ~ 13:55,13:55 ~ 14:47
Aeroporto Internacional de Curitiba,Aeroporto Internacional Henri Coand? (Bucareste),10860,12:03 ~ 12:46,12:46 ~ 13:34
Aeroporto Internacional de Curitiba,Aeroporto Humberto Delgado (Lisboa),8223,09:08 ~ 09:40,09:40 ~ 10:16
Aeroporto Internacional de Curitiba,Aeroporto Francisco Sá Carneiro (Porto),8465,09:24 ~ 09:57,09:57 ~ 10:34
Aeroporto Internacional de Curitiba,Aeroporto Internacional de Malta,9511,10:34 ~ 11:11,11:11 ~ 11:53
Aeroporto Internacional de Curitiba,Aeroporto de Luxemburgo,9935,11:02 ~ 11:41,11:41 ~ 12:25
Aeroporto Internacional de Curitiba,Aeroporto Internacional de Vilnius,11322,12:34 ~ 13:19,13:19 ~ 14:09
Aeroporto Internacional de Curitiba,Aeroporto Internacional de Riga,11365,12:37 ~ 13:22,13:22 ~ 14:12
Aeroporto Internacional de Curitiba,Aeroporto Internacional Madre Teresa (Tirana),10235,11:22 ~ 12:02,12:02 ~ 12:47
Aeroporto Internacional de Curitiba,Aeroporto de Barcelona-El Prat (Espanha),9066,10:04 ~ 10:39,10:39 ~ 11:19
Aeroporto Internacional de Curitiba,Aeroporto de Toulouse-Blagnac (França),9209,10:13 ~ 10:50,10:50 ~ 11:30
Aeroporto Internacional de Curitiba,Aeroporto Internacional de Viena,10431,11:35 ~ 12:16,12:16 ~ 13:02
Aeroporto Internacional de Curitiba,Aeroporto de Bruxelas,9940,11:02 ~ 11:41,11:41 ~ 12:25
Aeroporto Internacional de Curitiba,Aeroporto de Sófia,10568,11:44 ~ 12:25,12:25 ~ 13:12
Aeroporto Internacional de Curitiba,Aeroporto de Bratislava,10476,11:38 ~ 12:19,12:19 ~ 13:05
Aeroporto Internacional de Curitiba,Aeroporto de Ljubljana Joe Pu?nik,10180,11:18 ~ 11:58,11:58 ~ 12:43
Aeroporto Internacional de Curitiba,Aeroporto Adolfo Suárez Madrid-Barajas,8674,09:38 ~ 10:12,10:12 ~ 10:50
Aeroporto Internacional de Curitiba,Aeroporto de Barcelona-El Prat,9067,10:04 ~ 10:40,10:40 ~ 11:20
Aeroporto Internacional de Curitiba,Aeroporto de Tallinn,11534,12:48 ~ 13:34,13:34 ~ 14:25
Aeroporto Internacional de Curitiba,Aeroporto de Vágar,10373,11:31 ~ 12:12,12:12 ~ 12:57
Aeroporto Internacional de Curitiba,Aeroporto de Helsinque,11587,12:52 ~ 13:37,13:37 ~ 14:29
Aeroporto Internacional de Curitiba,Aeroporto Internacional de Brasília,1047,01:09 ~ 01:13,01:13 ~ 01:18
Aeroporto Internacional de Curitiba,Aeroporto Internacional de Várzea Grande,1305,01:26 ~ 01:32,01:32 ~ 01:37
Aeroporto Internacional de Curitiba,Aeroporto Internacional de Belém,2643,02:56 ~ 03:06,03:06 ~ 03:18
Aeroporto Internacional de Curitiba,Aeroporto Internacional de Tabatinga,3037,03:22 ~ 03:34,03:34 ~ 03:47
Aeroporto Internacional de Curitiba,Aeroporto Internacional de Manaus,2720,03:01 ~ 03:12,03:12 ~ 03:23
Aeroporto Internacional de Curitiba,Aeroporto Internacional de Macapá,2806,03:07 ~ 03:18,03:18 ~ 03:30
Aeroporto Internacional de Curitiba,Aeroporto Internacional de Fortaleza,2635,02:55 ~ 03:06,03:06 ~ 03:17
Aeroporto Internacional de Curitiba,Aeroporto Internacional de Maceió,2290,02:32 ~ 02:41,02:41 ~ 02:51
Aeroporto Internacional de Curitiba,Aeroporto Internacional de Aracaju,2034,02:15 ~ 02:23,02:23 ~ 02:32
Aeroporto Internacional de Curitiba,Aeroporto Internacional de Belo Horizonte,872,00:58 ~ 01:01,01:01 ~ 01:05
Aeroporto Internacional de Curitiba,Aeroporto Santos Dumont,664,00:44 ~ 00:46,00:46 ~ 00:49
Aeroporto Internacional de Curitiba,Aeroporto Internacional do Rio de Janeiro,661,00:44 ~ 00:46,00:46 ~ 00:49
Aeroporto Internacional de Curitiba,Aeroporto Internacional de Vitória,1067,01:11 ~ 01:15,01:15 ~ 01:20
Aeroporto Internacional de Curitiba,Aeroporto Internacional de São José dos Campos,404,00:26 ~ 00:28,00:28 ~ 00:30
Aeroporto Internacional de Curitiba,Aeroporto Internacional de Viracopos,263,00:17 ~ 00:18,00:18 ~ 00:19
Aeroporto Internacional de Curitiba,Aeroporto Internacional de Florianópolis,275,00:18 ~ 00:19,00:19 ~ 00:20
Aeroporto Internacional de Curitiba,Aeroporto Internacional de Navegantes,191,00:12 ~ 00:13,00:13 ~ 00:14
Aeroporto Internacional de Curitiba,Aeroporto Internacional de Porto Alegre,561,00:37 ~ 00:39,00:39 ~ 00:42
Aeroporto Internacional de Curitiba,Aeroporto de Copenhague,9607,10:40 ~ 11:18,11:18 ~ 12:00
Aeroporto Internacional de Curitiba,Aeroporto Internacional Hartsfield-Jackson Atlanta,7510,08:20 ~ 08:50,08:50 ~ 09:23
Aeroporto Internacional de Curitiba,Aeroporto de Teresina,2335,02:35 ~ 02:44,02:44 ~ 02:55
Aeroporto Internacional de Curitiba,Aeroporto Internacional de João Pessoa,2511,02:47 ~ 02:57,02:57 ~ 03:08
Aeroporto Internacional de Florianópolis,Aeroporto Internacional de Guarulhos,514,00:34 ~ 00:36,00:36 ~ 00:38
Aeroporto Internacional de Florianópolis,Aeroporto Internacional do Recife,2596,02:53 ~ 03:03,03:03 ~ 03:14
Aeroporto Internacional de Florianópolis,Aeroporto Internacional de Salvador,1949,02:09 ~ 02:17,02:17 ~ 02:26
Aeroporto Internacional de Florianópolis,Aeroporto Internacional de Natal,2802,03:06 ~ 03:17,03:17 ~ 03:30
Aeroporto Internacional de Florianópolis,Aeroporto Internacional de São Luís,2813,03:07 ~ 03:18,03:18 ~ 03:30
Aeroporto Internacional de Florianópolis,Aeroporto Internacional Pinto Martins,2851,03:10 ~ 03:21,03:21 ~ 03:33
Aeroporto Internacional de Florianópolis,Aeroporto Internacional de Nursultan Nazarbayev,14423,16:01 ~ 16:58,16:58 ~ 18:01
Aeroporto Internacional de Florianópolis,Aeroporto Internacional de Xangai Pudong,19014,21:07 ~ 22:22,22:22 ~ 23:46
Aeroporto Internacional de Florianópolis,Aeroporto Internacional de Pequim Capital,18075,20:04 ~ 21:15,21:15 ~ 22:35
Aeroporto Internacional de Florianópolis,Aeroporto Internacional de Pyongyang Sunan,18618,20:41 ~ 21:54,21:54 ~ 23:16
Aeroporto Internacional de Florianópolis,Aeroporto Internacional de Incheon,18825,20:55 ~ 22:08,22:08 ~ 23:31
Aeroporto Internacional de Florianópolis,Aeroporto Internacional Ninoy Aquino,18200,20:13 ~ 21:24,21:24 ~ 22:45
Aeroporto Internacional de Florianópolis,Aeroporto Internacional de Hong Kong,18163,20:10 ~ 21:22,21:22 ~ 22:42
Aeroporto Internacional de Florianópolis,Aeroporto Internacional Indira Gandhi,14736,16:22 ~ 17:20,17:20 ~ 18:25
Aeroporto Internacional de Florianópolis,Aeroporto Internacional Soekarno-Hatta (Jacarta),15422,17:08 ~ 18:08,18:08 ~ 19:16
Aeroporto Internacional de Florianópolis,Aeroporto Internacional Ngurah Rai (Bali),15614,17:20 ~ 18:22,18:22 ~ 19:31
Aeroporto Internacional de Florianópolis,Aeroporto Internacional de Narita (Tóquio),18782,20:52 ~ 22:05,22:05 ~ 23:28
Aeroporto Internacional de Florianópolis,Aeroporto Internacional de Haneda (Tóquio),18837,20:55 ~ 22:09,22:09 ~ 23:32
Aeroporto Internacional de Florianópolis,Aeroporto Internacional de Kansai (Osaka),19176,21:18 ~ 22:33,22:33 ~ 23:58
Aeroporto Internacional de Florianópolis,Aeroporto Internacional de Wattay (Vientiane),16884,18:45 ~ 19:51,19:51 ~ 21:06
Aeroporto Internacional de Florianópolis,Aeroporto Internacional de Kuala Lumpur (Sepang),15825,17:34 ~ 18:37,18:37 ~ 19:46
Aeroporto Internacional de Florianópolis,Aeroporto Internacional de Penang (Penang),15899,17:39 ~ 18:42,18:42 ~ 19:52
Aeroporto Internacional de Florianópolis,Aeroporto Internacional de Malé,13377,14:51 ~ 15:44,15:44 ~ 16:43
Aeroporto Internacional de Florianópolis,Aeroporto Internacional de Changi,15891,17:39 ~ 18:41,18:41 ~ 19:51
Aeroporto Internacional de Florianópolis,Aeroporto Internacional de Suvarnabhumi,16488,18:19 ~ 19:23,19:23 ~ 20:36
Aeroporto Internacional de Florianópolis,Aeroporto Internacional Don Mueang,16488,18:19 ~ 19:23,19:23 ~ 20:36
Aeroporto Internacional de Florianópolis,Aeroporto Internacional de Taiwan Taoyuan,18969,21:04 ~ 22:18,22:18 ~ 23:42
Aeroporto Internacional de Florianópolis,Aeroporto Internacional de Tan Son Nhat,16830,18:41 ~ 19:48,19:48 ~ 21:02
Aeroporto Internacional de Florianópolis,Aeroporto Internacional de Noi Bai,17339,19:15 ~ 20:23,20:23 ~ 21:40
Aeroporto Internacional de Florianópolis,Aeroporto de Frankfurt,10284,11:25 ~ 12:05,12:05 ~ 12:51
Aeroporto Internacional de Florianópolis,Aeroporto de Dublin,9869,10:57 ~ 11:36,11:36 ~ 12:20
Aeroporto Internacional de Florianópolis,Aeroporto de Varsóvia Chopin,11119,12:21 ~ 13:04,13:04 ~ 13:53
Aeroporto Internacional de Florianópolis,Aeroporto de Oslo-Gardermoen,11141,12:22 ~ 13:06,13:06 ~ 13:55
Aeroporto Internacional de Florianópolis,Aeroporto de Roma-Fiumicino,9907,11:00 ~ 11:39,11:39 ~ 12:23
Aeroporto Internacional de Florianópolis,Aeroporto de Milão-Malpensa,9967,11:04 ~ 11:43,11:43 ~ 12:27
Aeroporto Internacional de Florianópolis,Aeroporto de Praga,10603,11:46 ~ 12:28,12:28 ~ 13:15
Aeroporto Internacional de Florianópolis,Aeroporto de Heathrow (Londres),9949,11:03 ~ 11:42,11:42 ~ 12:26
Aeroporto Internacional de Florianópolis,Aeroporto de Gatwick (Londres),9934,11:02 ~ 11:41,11:41 ~ 12:25
Aeroporto Internacional de Florianópolis,Aeroporto Internacional de Budapeste Ferenc Liszt,10727,11:55 ~ 12:37,12:37 ~ 13:24
Aeroporto Internacional de Florianópolis,Aeroporto de Schiphol (Amsterdã),10263,11:24 ~ 12:04,12:04 ~ 12:49
Aeroporto Internacional de Florianópolis,Aeroporto Internacional de Boryspil (Kiev),11627,12:55 ~ 13:40,13:40 ~ 14:32
Aeroporto Internacional de Florianópolis,Aeroporto de Istambul,11005,12:13 ~ 12:56,12:56 ~ 13:45
Aeroporto Internacional de Florianópolis,Aeroporto de Zurique,10092,11:12 ~ 11:52,11:52 ~ 12:36
Aeroporto Internacional de Florianópolis,Aeroporto de Estocolmo-Arlanda,11412,12:40 ~ 13:25,13:25 ~ 14:15
Aeroporto Internacional de Florianópolis,Aeroporto Nikola Tesla (Belgrado),10631,11:48 ~ 12:30,12:30 ~ 13:17
Aeroporto Internacional de Florianópolis,Aeroporto Internacional Sheremetyevo (Moscou),12269,13:37 ~ 14:26,14:26 ~ 15:20
Aeroporto Internacional de Florianópolis,Aeroporto de Pulkovo (São Petersburgo),12029,13:21 ~ 14:09,14:09 ~ 15:02
Aeroporto Internacional de Florianópolis,Aeroporto Internacional Henri Coand? (Bucareste),11008,12:13 ~ 12:57,12:57 ~ 13:45
Aeroporto Internacional de Florianópolis,Aeroporto Humberto Delgado (Lisboa),8420,09:21 ~ 09:54,09:54 ~ 10:31
Aeroporto Internacional de Florianópolis,Aeroporto Francisco Sá Carneiro (Porto),8666,09:37 ~ 10:11,10:11 ~ 10:49
Aeroporto Internacional de Florianópolis,Aeroporto Internacional de Malta,9650,10:43 ~ 11:21,11:21 ~ 12:03
Aeroporto Internacional de Florianópolis,Aeroporto de Luxemburgo,10129,11:15 ~ 11:54,11:54 ~ 12:39
Aeroporto Internacional de Florianópolis,Aeroporto Internacional de Vilnius,11506,12:47 ~ 13:32,13:32 ~ 14:22
Aeroporto Internacional de Florianópolis,Aeroporto Internacional de Riga,11558,12:50 ~ 13:35,13:35 ~ 14:26
Aeroporto Internacional de Florianópolis,Aeroporto Internacional Madre Teresa (Tirana),10382,11:32 ~ 12:12,12:12 ~ 12:58
Aeroporto Internacional de Florianópolis,Aeroporto de Barcelona-El Prat (Espanha),9246,10:16 ~ 10:52,10:52 ~ 11:33
Aeroporto Internacional de Florianópolis,Aeroporto de Toulouse-Blagnac (França),9396,10:26 ~ 11:03,11:03 ~ 11:44
Aeroporto Internacional de Florianópolis,Aeroporto Internacional de Viena,10605,11:46 ~ 12:28,12:28 ~ 13:15
Aeroporto Internacional de Florianópolis,Aeroporto de Bruxelas,10139,11:15 ~ 11:55,11:55 ~ 12:40
Aeroporto Internacional de Florianópolis,Aeroporto de Sófia,10714,11:54 ~ 12:36,12:36 ~ 13:23
Aeroporto Internacional de Florianópolis,Aeroporto de Bratislava,10649,11:49 ~ 12:31,12:31 ~ 13:18
Aeroporto Internacional de Florianópolis,Aeroporto de Ljubljana Joe Pu?nik,10351,11:30 ~ 12:10,12:10 ~ 12:56
Aeroporto Internacional de Florianópolis,Aeroporto Adolfo Suárez Madrid-Barajas,8863,09:50 ~ 10:25,10:25 ~ 11:04
Aeroporto Internacional de Florianópolis,Aeroporto de Barcelona-El Prat,9246,10:16 ~ 10:52,10:52 ~ 11:33
Aeroporto Internacional de Florianópolis,Aeroporto de Tallinn,11733,13:02 ~ 13:48,13:48 ~ 14:39
Aeroporto Internacional de Florianópolis,Aeroporto de Vágar,10608,11:47 ~ 12:28,12:28 ~ 13:15
Aeroporto Internacional de Florianópolis,Aeroporto de Helsinque,11789,13:05 ~ 13:52,13:52 ~ 14:44
Aeroporto Internacional de Florianópolis,Aeroporto Internacional de Brasília,1308,01:27 ~ 01:32,01:32 ~ 01:38
Aeroporto Internacional de Florianópolis,Aeroporto Internacional de Várzea Grande,1560,01:44 ~ 01:50,01:50 ~ 01:57
Aeroporto Internacional de Florianópolis,Aeroporto Internacional de Belém,2909,03:13 ~ 03:25,03:25 ~ 03:38
Aeroporto Internacional de Florianópolis,Aeroporto Internacional de Tabatinga,3284,03:38 ~ 03:51,03:51 ~ 04:06
Aeroporto Internacional de Florianópolis,Aeroporto Internacional de Manaus,2988,03:19 ~ 03:30,03:30 ~ 03:44
Aeroporto Internacional de Florianópolis,Aeroporto Internacional de Macapá,3078,03:25 ~ 03:37,03:37 ~ 03:50
Aeroporto Internacional de Florianópolis,Aeroporto Internacional de Fortaleza,2850,03:09 ~ 03:21,03:21 ~ 03:33
Aeroporto Internacional de Florianópolis,Aeroporto Internacional de Maceió,2462,02:44 ~ 02:53,02:53 ~ 03:04
Aeroporto Internacional de Florianópolis,Aeroporto Internacional de Aracaju,2206,02:27 ~ 02:35,02:35 ~ 02:45
Aeroporto Internacional de Florianópolis,Aeroporto Internacional de Belo Horizonte,1042,01:09 ~ 01:13,01:13 ~ 01:18
Aeroporto Internacional de Florianópolis,Aeroporto Santos Dumont,756,00:50 ~ 00:53,00:53 ~ 00:56
Aeroporto Internacional de Florianópolis,Aeroporto Internacional do Rio de Janeiro,759,00:50 ~ 00:53,00:53 ~ 00:56
Aeroporto Internacional de Florianópolis,Aeroporto Internacional de Vitória,1174,01:18 ~ 01:22,01:22 ~ 01:28
Aeroporto Internacional de Florianópolis,Aeroporto Internacional de São José dos Campos,564,00:37 ~ 00:39,00:39 ~ 00:42
Aeroporto Internacional de Florianópolis,Aeroporto Internacional de Viracopos,501,00:33 ~ 00:35,00:35 ~ 00:37
Aeroporto Internacional de Florianópolis,Aeroporto Internacional de Curitiba,275,00:18 ~ 00:19,00:19 ~ 00:20
Aeroporto Internacional de Florianópolis,Aeroporto Internacional de Navegantes,85,00:05 ~ 00:06,00:06 ~ 00:06
Aeroporto Internacional de Florianópolis,Aeroporto Internacional de Porto Alegre,363,00:24 ~ 00:25,00:25 ~ 00:27
Aeroporto Internacional de Florianópolis,Aeroporto de Copenhague,9839,10:55 ~ 11:34,11:34 ~ 12:17
Aeroporto Internacional de Florianópolis,Aeroporto Internacional Hartsfield-Jackson Atlanta,7771,08:38 ~ 09:08,09:08 ~ 09:42
Aeroporto Internacional de Florianópolis,Aeroporto de Teresina,2575,02:51 ~ 03:01,03:01 ~ 03:13
Aeroporto Internacional de Florianópolis,Aeroporto Internacional de João Pessoa,2687,02:59 ~ 03:09,03:09 ~ 03:21
Aeroporto Internacional de Navegantes,Aeroporto Internacional de Guarulhos,444,00:29 ~ 00:31,00:31 ~ 00:33
Aeroporto Internacional de Navegantes,Aeroporto Internacional do Recife,2535,02:49 ~ 02:58,02:58 ~ 03:10
Aeroporto Internacional de Navegantes,Aeroporto Internacional de Salvador,1888,02:05 ~ 02:13,02:13 ~ 02:21
Aeroporto Internacional de Navegantes,Aeroporto Internacional de Natal,2738,03:02 ~ 03:13,03:13 ~ 03:25
Aeroporto Internacional de Navegantes,Aeroporto Internacional de São Luís,2733,03:02 ~ 03:12,03:12 ~ 03:24
Aeroporto Internacional de Navegantes,Aeroporto Internacional Pinto Martins,2778,03:05 ~ 03:16,03:16 ~ 03:28
Aeroporto Internacional de Navegantes,Aeroporto Internacional de Nursultan Nazarbayev,14371,15:58 ~ 16:54,16:54 ~ 17:57
Aeroporto Internacional de Navegantes,Aeroporto Internacional de Xangai Pudong,18984,21:05 ~ 22:20,22:20 ~ 23:43
Aeroporto Internacional de Navegantes,Aeroporto Internacional de Pequim Capital,18018,20:01 ~ 21:11,21:11 ~ 22:31
Aeroporto Internacional de Navegantes,Aeroporto Internacional de Pyongyang Sunan,18543,20:36 ~ 21:48,21:48 ~ 23:10
Aeroporto Internacional de Navegantes,Aeroporto Internacional de Incheon,18750,20:49 ~ 22:03,22:03 ~ 23:26
Aeroporto Internacional de Navegantes,Aeroporto Internacional Ninoy Aquino,18273,20:18 ~ 21:29,21:29 ~ 22:50
Aeroporto Internacional de Navegantes,Aeroporto Internacional de Hong Kong,18195,20:12 ~ 21:24,21:24 ~ 22:44
Aeroporto Internacional de Navegantes,Aeroporto Internacional Indira Gandhi,14725,16:21 ~ 17:19,17:19 ~ 18:24
Aeroporto Internacional de Navegantes,Aeroporto Internacional Soekarno-Hatta (Jacarta),15494,17:12 ~ 18:13,18:13 ~ 19:22
Aeroporto Internacional de Navegantes,Aeroporto Internacional Ngurah Rai (Bali),15695,17:26 ~ 18:27,18:27 ~ 19:37
Aeroporto Internacional de Navegantes,Aeroporto Internacional de Narita (Tóquio),18710,20:47 ~ 22:00,22:00 ~ 23:23
Aeroporto Internacional de Navegantes,Aeroporto Internacional de Haneda (Tóquio),18764,20:50 ~ 22:04,22:04 ~ 23:27
Aeroporto Internacional de Navegantes,Aeroporto Internacional de Kansai (Osaka),19094,21:12 ~ 22:27,22:27 ~ 23:52
Aeroporto Internacional de Navegantes,Aeroporto Internacional de Wattay (Vientiane),16914,18:47 ~ 19:53,19:53 ~ 21:08
Aeroporto Internacional de Navegantes,Aeroporto Internacional de Kuala Lumpur (Sepang),15883,17:38 ~ 18:41,18:41 ~ 19:51
Aeroporto Internacional de Navegantes,Aeroporto Internacional de Penang (Penang),15953,17:43 ~ 18:46,18:46 ~ 19:56
Aeroporto Internacional de Navegantes,Aeroporto Internacional de Malé,13405,14:53 ~ 15:46,15:46 ~ 16:45
Aeroporto Internacional de Navegantes,Aeroporto Internacional de Changi,15954,17:43 ~ 18:46,18:46 ~ 19:56
Aeroporto Internacional de Navegantes,Aeroporto Internacional de Suvarnabhumi,16527,18:21 ~ 19:26,19:26 ~ 20:39
Aeroporto Internacional de Navegantes,Aeroporto Internacional Don Mueang,16526,18:21 ~ 19:26,19:26 ~ 20:39
Aeroporto Internacional de Navegantes,Aeroporto Internacional de Taiwan Taoyuan,18998,21:06 ~ 22:21,22:21 ~ 23:44
Aeroporto Internacional de Navegantes,Aeroporto Internacional de Tan Son Nhat,16883,18:45 ~ 19:51,19:51 ~ 21:06
Aeroporto Internacional de Navegantes,Aeroporto Internacional de Noi Bai,17364,19:17 ~ 20:25,20:25 ~ 21:42
Aeroporto Internacional de Navegantes,Aeroporto de Frankfurt,10220,11:21 ~ 12:01,12:01 ~ 12:46
Aeroporto Internacional de Navegantes,Aeroporto de Dublin,9797,10:53 ~ 11:31,11:31 ~ 12:14
Aeroporto Internacional de Navegantes,Aeroporto de Varsóvia Chopin,11057,12:17 ~ 13:00,13:00 ~ 13:49
Aeroporto Internacional de Navegantes,Aeroporto de Oslo-Gardermoen,11070,12:18 ~ 13:01,13:01 ~ 13:50
Aeroporto Internacional de Navegantes,Aeroporto de Roma-Fiumicino,9850,10:56 ~ 11:35,11:35 ~ 12:18
Aeroporto Internacional de Navegantes,Aeroporto de Milão-Malpensa,9906,11:00 ~ 11:39,11:39 ~ 12:22
Aeroporto Internacional de Navegantes,Aeroporto de Praga,10540,11:42 ~ 12:24,12:24 ~ 13:10
Aeroporto Internacional de Navegantes,Aeroporto de Heathrow (Londres),9879,10:58 ~ 11:37,11:37 ~ 12:20
Aeroporto Internacional de Navegantes,Aeroporto de Gatwick (Londres),9865,10:57 ~ 11:36,11:36 ~ 12:19
Aeroporto Internacional de Navegantes,Aeroporto Internacional de Budapeste Ferenc Liszt,10669,11:51 ~ 12:33,12:33 ~ 13:20
Aeroporto Internacional de Navegantes,Aeroporto de Schiphol (Amsterdã),10195,11:19 ~ 11:59,11:59 ~ 12:44
Aeroporto Internacional de Navegantes,Aeroporto Internacional de Boryspil (Kiev),11570,12:51 ~ 13:36,13:36 ~ 14:27
Aeroporto Internacional de Navegantes,Aeroporto de Istambul,10958,12:10 ~ 12:53,12:53 ~ 13:41
Aeroporto Internacional de Navegantes,Aeroporto de Zurique,10030,11:08 ~ 11:48,11:48 ~ 12:32
Aeroporto Internacional de Navegantes,Aeroporto de Estocolmo-Arlanda,11344,12:36 ~ 13:20,13:20 ~ 14:10
Aeroporto Internacional de Navegantes,Aeroporto Nikola Tesla (Belgrado),10576,11:45 ~ 12:26,12:26 ~ 13:13
Aeroporto Internacional de Navegantes,Aeroporto Internacional Sheremetyevo (Moscou),12208,13:33 ~ 14:21,14:21 ~ 15:15
Aeroporto Internacional de Navegantes,Aeroporto de Pulkovo (São Petersburgo),11964,13:17 ~ 14:04,14:04 ~ 14:57
Aeroporto Internacional de Navegantes,Aeroporto Internacional Henri Coand? (Bucareste),10956,12:10 ~ 12:53,12:53 ~ 13:41
Aeroporto Internacional de Navegantes,Aeroporto Humberto Delgado (Lisboa),8353,09:16 ~ 09:49,09:49 ~ 10:26
Aeroporto Internacional de Navegantes,Aeroporto Francisco Sá Carneiro (Porto),8598,09:33 ~ 10:06,10:06 ~ 10:44
Aeroporto Internacional de Navegantes,Aeroporto Internacional de Malta,9600,10:39 ~ 11:17,11:17 ~ 12:00
Aeroporto Internacional de Navegantes,Aeroporto de Luxemburgo,10063,11:10 ~ 11:50,11:50 ~ 12:34
Aeroporto Internacional de Navegantes,Aeroporto Internacional de Vilnius,11444,12:42 ~ 13:27,13:27 ~ 14:18
Aeroporto Internacional de Navegantes,Aeroporto Internacional de Riga,11493,12:46 ~ 13:31,13:31 ~ 14:21
Aeroporto Internacional de Navegantes,Aeroporto Internacional Madre Teresa (Tirana),10330,11:28 ~ 12:09,12:09 ~ 12:54
Aeroporto Internacional de Navegantes,Aeroporto de Barcelona-El Prat (Espanha),9184,10:12 ~ 10:48,10:48 ~ 11:28
Aeroporto Internacional de Navegantes,Aeroporto de Toulouse-Blagnac (França),9332,10:22 ~ 10:58,10:58 ~ 11:39
Aeroporto Internacional de Navegantes,Aeroporto Internacional de Viena,10546,11:43 ~ 12:24,12:24 ~ 13:10
Aeroporto Internacional de Navegantes,Aeroporto de Bruxelas,10072,11:11 ~ 11:50,11:50 ~ 12:35
Aeroporto Internacional de Navegantes,Aeroporto de Sófia,10662,11:50 ~ 12:32,12:32 ~ 13:19
Aeroporto Internacional de Navegantes,Aeroporto de Bratislava,10589,11:45 ~ 12:27,12:27 ~ 13:14
Aeroporto Internacional de Navegantes,Aeroporto de Ljubljana Joe Pu?nik,10292,11:26 ~ 12:06,12:06 ~ 12:51
Aeroporto Internacional de Navegantes,Aeroporto Adolfo Suárez Madrid-Barajas,8799,09:46 ~ 10:21,10:21 ~ 10:59
Aeroporto Internacional de Navegantes,Aeroporto de Barcelona-El Prat,9185,10:12 ~ 10:48,10:48 ~ 11:28
Aeroporto Internacional de Navegantes,Aeroporto de Tallinn,11667,12:57 ~ 13:43,13:43 ~ 14:35
Aeroporto Internacional de Navegantes,Aeroporto de Vágar,10532,11:42 ~ 12:23,12:23 ~ 13:09
Aeroporto Internacional de Navegantes,Aeroporto de Helsinque,11721,13:01 ~ 13:47,13:47 ~ 14:39
Aeroporto Internacional de Navegantes,Aeroporto Internacional de Brasília,1225,01:21 ~ 01:26,01:26 ~ 01:31
Aeroporto Internacional de Navegantes,Aeroporto Internacional de Várzea Grande,1484,01:38 ~ 01:44,01:44 ~ 01:51
Aeroporto Internacional de Navegantes,Aeroporto Internacional de Belém,2825,03:08 ~ 03:19,03:19 ~ 03:31
Aeroporto Internacional de Navegantes,Aeroporto Internacional de Tabatinga,3212,03:34 ~ 03:46,03:46 ~ 04:00
Aeroporto Internacional de Navegantes,Aeroporto Internacional de Manaus,2907,03:13 ~ 03:25,03:25 ~ 03:38
Aeroporto Internacional de Navegantes,Aeroporto Internacional de Macapá,2993,03:19 ~ 03:31,03:31 ~ 03:44
Aeroporto Internacional de Navegantes,Aeroporto Internacional de Fortaleza,2778,03:05 ~ 03:16,03:16 ~ 03:28
Aeroporto Internacional de Navegantes,Aeroporto Internacional de Maceió,2401,02:40 ~ 02:49,02:49 ~ 03:00
Aeroporto Internacional de Navegantes,Aeroporto Internacional de Aracaju,2145,02:23 ~ 02:31,02:31 ~ 02:40
Aeroporto Internacional de Navegantes,Aeroporto Internacional de Belo Horizonte,979,01:05 ~ 01:09,01:09 ~ 01:13
Aeroporto Internacional de Navegantes,Aeroporto Santos Dumont,710,00:47 ~ 00:50,00:50 ~ 00:53
Aeroporto Internacional de Navegantes,Aeroporto Internacional do Rio de Janeiro,712,00:47 ~ 00:50,00:50 ~ 00:53
Aeroporto Internacional de Navegantes,Aeroporto Internacional de Vitória,1128,01:15 ~ 01:19,01:19 ~ 01:24
Aeroporto Internacional de Navegantes,Aeroporto Internacional de São José dos Campos,498,00:33 ~ 00:35,00:35 ~ 00:37
Aeroporto Internacional de Navegantes,Aeroporto Internacional de Viracopos,420,00:28 ~ 00:29,00:29 ~ 00:31
Aeroporto Internacional de Navegantes,Aeroporto Internacional de Curitiba,191,00:12 ~ 00:13,00:13 ~ 00:14
Aeroporto Internacional de Navegantes,Aeroporto Internacional de Florianópolis,85,00:05 ~ 00:06,00:06 ~ 00:06
Aeroporto Internacional de Navegantes,Aeroporto Internacional de Porto Alegre,421,00:28 ~ 00:29,00:29 ~ 00:31
Aeroporto Internacional de Navegantes,Aeroporto de Copenhague,9763,10:50 ~ 11:29,11:29 ~ 12:12
Aeroporto Internacional de Navegantes,Aeroporto Internacional Hartsfield-Jackson Atlanta,7693,08:32 ~ 09:03,09:03 ~ 09:36
Aeroporto Internacional de Navegantes,Aeroporto de Teresina,2497,02:46 ~ 02:56,02:56 ~ 03:07
Aeroporto Internacional de Navegantes,Aeroporto Internacional de João Pessoa,2625,02:54 ~ 03:05,03:05 ~ 03:16
Aeroporto Internacional de Porto Alegre,Aeroporto Internacional de Guarulhos,864,00:57 ~ 01:00,01:00 ~ 01:04
Aeroporto Internacional de Porto Alegre,Aeroporto Internacional do Recife,2956,03:17 ~ 03:28,03:28 ~ 03:41
Aeroporto Internacional de Porto Alegre,Aeroporto Internacional de Salvador,2309,02:33 ~ 02:42,02:42 ~ 02:53
Aeroporto Internacional de Porto Alegre,Aeroporto Internacional de Natal,3158,03:30 ~ 03:42,03:42 ~ 03:56
Aeroporto Internacional de Porto Alegre,Aeroporto Internacional de São Luís,3120,03:28 ~ 03:40,03:40 ~ 03:53
Aeroporto Internacional de Porto Alegre,Aeroporto Internacional Pinto Martins,3193,03:32 ~ 03:45,03:45 ~ 03:59
Aeroporto Internacional de Porto Alegre,Aeroporto Internacional de Nursultan Nazarbayev,14786,16:25 ~ 17:23,17:23 ~ 18:28
Aeroporto Internacional de Porto Alegre,Aeroporto Internacional de Xangai Pudong,19342,21:29 ~ 22:45,22:45 ~ 24:10
Aeroporto Internacional de Porto Alegre,Aeroporto Internacional de Pequim Capital,18438,20:29 ~ 21:41,21:41 ~ 23:02
Aeroporto Internacional de Porto Alegre,Aeroporto Internacional de Pyongyang Sunan,18941,21:02 ~ 22:17,22:17 ~ 23:40
Aeroporto Internacional de Porto Alegre,Aeroporto Internacional de Incheon,19148,21:16 ~ 22:31,22:31 ~ 23:56
Aeroporto Internacional de Porto Alegre,Aeroporto Internacional Ninoy Aquino,18116,20:07 ~ 21:18,21:18 ~ 22:38
Aeroporto Internacional de Porto Alegre,Aeroporto Internacional de Hong Kong,18309,20:20 ~ 21:32,21:32 ~ 22:53
Aeroporto Internacional de Porto Alegre,Aeroporto Internacional Indira Gandhi,15043,16:42 ~ 17:41,17:41 ~ 18:48
Aeroporto Internacional de Porto Alegre,Aeroporto Internacional Soekarno-Hatta (Jacarta),15366,17:04 ~ 18:04,18:04 ~ 19:12
Aeroporto Internacional de Porto Alegre,Aeroporto Internacional Ngurah Rai (Bali),15478,17:11 ~ 18:12,18:12 ~ 19:20
Aeroporto Internacional de Porto Alegre,Aeroporto Internacional de Narita (Tóquio),18766,20:51 ~ 22:04,22:04 ~ 23:27
Aeroporto Internacional de Porto Alegre,Aeroporto Internacional de Haneda (Tóquio),18825,20:55 ~ 22:08,22:08 ~ 23:31
Aeroporto Internacional de Porto Alegre,Aeroporto Internacional de Kansai (Osaka),19239,21:22 ~ 22:38,22:38 ~ 24:02
Aeroporto Internacional de Porto Alegre,Aeroporto Internacional de Wattay (Vientiane),17050,18:56 ~ 20:03,20:03 ~ 21:18
Aeroporto Internacional de Porto Alegre,Aeroporto Internacional de Kuala Lumpur (Sepang),15861,17:37 ~ 18:39,18:39 ~ 19:49
Aeroporto Internacional de Porto Alegre,Aeroporto Internacional de Penang (Penang),15965,17:44 ~ 18:46,18:46 ~ 19:57
Aeroporto Internacional de Porto Alegre,Aeroporto Internacional de Malé,13564,15:04 ~ 15:57,15:57 ~ 16:57
Aeroporto Internacional de Porto Alegre,Aeroporto Internacional de Changi,15900,17:40 ~ 18:42,18:42 ~ 19:52
Aeroporto Internacional de Porto Alegre,Aeroporto Internacional de Suvarnabhumi,16622,18:28 ~ 19:33,19:33 ~ 20:46
Aeroporto Internacional de Porto Alegre,Aeroporto Internacional Don Mueang,16624,18:28 ~ 19:33,19:33 ~ 20:46
Aeroporto Internacional de Porto Alegre,Aeroporto Internacional de Taiwan Taoyuan,19093,21:12 ~ 22:27,22:27 ~ 23:51
Aeroporto Internacional de Porto Alegre,Aeroporto Internacional de Tan Son Nhat,16891,18:46 ~ 19:52,19:52 ~ 21:06
Aeroporto Internacional de Porto Alegre,Aeroporto Internacional de Noi Bai,17525,19:28 ~ 20:37,20:37 ~ 21:54
Aeroporto Internacional de Porto Alegre,Aeroporto de Frankfurt,10640,11:49 ~ 12:31,12:31 ~ 13:18
Aeroporto Internacional de Porto Alegre,Aeroporto de Dublin,10209,11:20 ~ 12:00,12:00 ~ 12:45
Aeroporto Internacional de Porto Alegre,Aeroporto de Varsóvia Chopin,11478,12:45 ~ 13:30,13:30 ~ 14:20
Aeroporto Internacional de Porto Alegre,Aeroporto de Oslo-Gardermoen,11485,12:45 ~ 13:30,13:30 ~ 14:21
Aeroporto Internacional de Porto Alegre,Aeroporto de Roma-Fiumicino,10269,11:24 ~ 12:04,12:04 ~ 12:50
Aeroporto Internacional de Porto Alegre,Aeroporto de Milão-Malpensa,10326,11:28 ~ 12:08,12:08 ~ 12:54
Aeroporto Internacional de Porto Alegre,Aeroporto de Praga,10961,12:10 ~ 12:53,12:53 ~ 13:42
Aeroporto Internacional de Porto Alegre,Aeroporto de Heathrow (Londres),10297,11:26 ~ 12:06,12:06 ~ 12:52
Aeroporto Internacional de Porto Alegre,Aeroporto de Gatwick (Londres),10282,11:25 ~ 12:05,12:05 ~ 12:51
Aeroporto Internacional de Porto Alegre,Aeroporto Internacional de Budapeste Ferenc Liszt,11089,12:19 ~ 13:02,13:02 ~ 13:51
Aeroporto Internacional de Porto Alegre,Aeroporto de Schiphol (Amsterdã),10614,11:47 ~ 12:29,12:29 ~ 13:16
Aeroporto Internacional de Porto Alegre,Aeroporto Internacional de Boryspil (Kiev),11989,13:19 ~ 14:06,14:06 ~ 14:59
Aeroporto Internacional de Porto Alegre,Aeroporto de Istambul,11368,12:37 ~ 13:22,13:22 ~ 14:12
Aeroporto Internacional de Porto Alegre,Aeroporto de Zurique,10450,11:36 ~ 12:17,12:17 ~ 13:03
Aeroporto Internacional de Porto Alegre,Aeroporto de Estocolmo-Arlanda,11761,13:04 ~ 13:50,13:50 ~ 14:42
Aeroporto Internacional de Porto Alegre,Aeroporto Nikola Tesla (Belgrado),10994,12:12 ~ 12:56,12:56 ~ 13:44
Aeroporto Internacional de Porto Alegre,Aeroporto Internacional Sheremetyevo (Moscou),12629,14:01 ~ 14:51,14:51 ~ 15:47
Aeroporto Internacional de Porto Alegre,Aeroporto de Pulkovo (São Petersburgo),12383,13:45 ~ 14:34,14:34 ~ 15:28
Aeroporto Internacional de Porto Alegre,Aeroporto Internacional Henri Coand? (Bucareste),11371,12:38 ~ 13:22,13:22 ~ 14:12
Aeroporto Internacional de Porto Alegre,Aeroporto Humberto Delgado (Lisboa),8773,09:44 ~ 10:19,10:19 ~ 10:57
Aeroporto Internacional de Porto Alegre,Aeroporto Francisco Sá Carneiro (Porto),9017,10:01 ~ 10:36,10:36 ~ 11:16
Aeroporto Internacional de Porto Alegre,Aeroporto Internacional de Malta,10012,11:07 ~ 11:46,11:46 ~ 12:30
Aeroporto Internacional de Porto Alegre,Aeroporto de Luxemburgo,10483,11:38 ~ 12:19,12:19 ~ 13:06
Aeroporto Internacional de Porto Alegre,Aeroporto Internacional de Vilnius,11865,13:11 ~ 13:57,13:57 ~ 14:49
Aeroporto Internacional de Porto Alegre,Aeroporto Internacional de Riga,11913,13:14 ~ 14:00,14:00 ~ 14:53
Aeroporto Internacional de Porto Alegre,Aeroporto Internacional Madre Teresa (Tirana),10745,11:56 ~ 12:38,12:38 ~ 13:25
Aeroporto Internacional de Porto Alegre,Aeroporto de Barcelona-El Prat (Espanha),9605,10:40 ~ 11:18,11:18 ~ 12:00
Aeroporto Internacional de Porto Alegre,Aeroporto de Toulouse-Blagnac (França),9753,10:50 ~ 11:28,11:28 ~ 12:11
Aeroporto Internacional de Porto Alegre,Aeroporto Internacional de Viena,10966,12:11 ~ 12:54,12:54 ~ 13:42
Aeroporto Internacional de Porto Alegre,Aeroporto de Bruxelas,10492,11:39 ~ 12:20,12:20 ~ 13:06
Aeroporto Internacional de Porto Alegre,Aeroporto de Sófia,11077,12:18 ~ 13:01,13:01 ~ 13:50
Aeroporto Internacional de Porto Alegre,Aeroporto de Bratislava,11009,12:13 ~ 12:57,12:57 ~ 13:45
Aeroporto Internacional de Porto Alegre,Aeroporto de Ljubljana Joe Pu?nik,10712,11:54 ~ 12:36,12:36 ~ 13:23
Aeroporto Internacional de Porto Alegre,Aeroporto Adolfo Suárez Madrid-Barajas,9219,10:14 ~ 10:50,10:50 ~ 11:31
Aeroporto Internacional de Porto Alegre,Aeroporto de Barcelona-El Prat,9605,10:40 ~ 11:18,11:18 ~ 12:00
Aeroporto Internacional de Porto Alegre,Aeroporto de Tallinn,12086,13:25 ~ 14:13,14:13 ~ 15:06
Aeroporto Internacional de Porto Alegre,Aeroporto de Vágar,10934,12:08 ~ 12:51,12:51 ~ 13:40
Aeroporto Internacional de Porto Alegre,Aeroporto de Helsinque,12140,13:29 ~ 14:16,14:16 ~ 15:10
Aeroporto Internacional de Porto Alegre,Aeroporto Internacional de Brasília,1599,01:46 ~ 01:52,01:52 ~ 01:59
Aeroporto Internacional de Porto Alegre,Aeroporto Internacional de Várzea Grande,1678,01:51 ~ 01:58,01:58 ~ 02:05
Aeroporto Internacional de Porto Alegre,Aeroporto Internacional de Belém,3180,03:31 ~ 03:44,03:44 ~ 03:58
Aeroporto Internacional de Porto Alegre,Aeroporto Internacional de Tabatinga,3351,03:43 ~ 03:56,03:56 ~ 04:11
Aeroporto Internacional de Porto Alegre,Aeroporto Internacional de Manaus,3127,03:28 ~ 03:40,03:40 ~ 03:54
Aeroporto Internacional de Porto Alegre,Aeroporto Internacional de Macapá,3324,03:41 ~ 03:54,03:54 ~ 04:09
Aeroporto Internacional de Porto Alegre,Aeroporto Internacional de Fortaleza,3193,03:32 ~ 03:45,03:45 ~ 03:59
Aeroporto Internacional de Porto Alegre,Aeroporto Internacional de Maceió,2822,03:08 ~ 03:19,03:19 ~ 03:31
Aeroporto Internacional de Porto Alegre,Aeroporto Internacional de Aracaju,2566,02:51 ~ 03:01,03:01 ~ 03:12
Aeroporto Internacional de Porto Alegre,Aeroporto Internacional de Belo Horizonte,1400,01:33 ~ 01:38,01:38 ~ 01:45
Aeroporto Internacional de Porto Alegre,Aeroporto Santos Dumont,1119,01:14 ~ 01:18,01:18 ~ 01:23
Aeroporto Internacional de Porto Alegre,Aeroporto Internacional do Rio de Janeiro,1122,01:14 ~ 01:19,01:19 ~ 01:24
Aeroporto Internacional de Porto Alegre,Aeroporto Internacional de Vitória,1537,01:42 ~ 01:48,01:48 ~ 01:55
Aeroporto Internacional de Porto Alegre,Aeroporto Internacional de São José dos Campos,919,01:01 ~ 01:04,01:04 ~ 01:08
Aeroporto Internacional de Porto Alegre,Aeroporto Internacional de Viracopos,822,00:54 ~ 00:58,00:58 ~ 01:01
Aeroporto Internacional de Porto Alegre,Aeroporto Internacional de Curitiba,561,00:37 ~ 00:39,00:39 ~ 00:42
Aeroporto Internacional de Porto Alegre,Aeroporto Internacional de Florianópolis,363,00:24 ~ 00:25,00:25 ~ 00:27
Aeroporto Internacional de Porto Alegre,Aeroporto Internacional de Navegantes,421,00:28 ~ 00:29,00:29 ~ 00:31
Aeroporto Internacional de Porto Alegre,Aeroporto de Copenhague,10168,11:17 ~ 11:57,11:57 ~ 12:42
Aeroporto Internacional de Porto Alegre,Aeroporto Internacional Hartsfield-Jackson Atlanta,7864,08:44 ~ 09:15,09:15 ~ 09:49
Aeroporto Internacional de Porto Alegre,Aeroporto de Teresina,2896,03:13 ~ 03:24,03:24 ~ 03:37
Aeroporto Internacional de Porto Alegre,Aeroporto Internacional de João Pessoa,3045,03:23 ~ 03:34,03:34 ~ 03:48
Aeroporto de Copenhague,Aeroporto Internacional de Guarulhos,9327,10:21 ~ 10:58,10:58 ~ 11:39
Aeroporto de Copenhague,Aeroporto Internacional do Recife,7359,08:10 ~ 08:39,08:39 ~ 09:11
Aeroporto de Copenhague,Aeroporto Internacional de Salvador,7965,08:50 ~ 09:22,09:22 ~ 09:57
Aeroporto de Copenhague,Aeroporto Internacional de Natal,7116,07:54 ~ 08:22,08:22 ~ 08:53
Aeroporto de Copenhague,Aeroporto Internacional de São Luís,7065,07:50 ~ 08:18,08:18 ~ 08:49
Aeroporto de Copenhague,Aeroporto Internacional Pinto Martins,6997,07:46 ~ 08:13,08:13 ~ 08:44
Aeroporto de Copenhague,Aeroporto Internacional de Nursultan Nazarbayev,5278,05:51 ~ 06:12,06:12 ~ 06:35
Aeroporto de Copenhague,Aeroporto Internacional de Xangai Pudong,9466,10:31 ~ 11:08,11:08 ~ 11:49
Aeroporto de Copenhague,Aeroporto Internacional de Pequim Capital,8369,09:17 ~ 09:50,09:50 ~ 10:27
Aeroporto de Copenhague,Aeroporto Internacional de Pyongyang Sunan,8780,09:45 ~ 10:19,10:19 ~ 10:58
Aeroporto de Copenhague,Aeroporto Internacional de Incheon,8987,09:59 ~ 10:34,10:34 ~ 11:14
Aeroporto de Copenhague,Aeroporto Internacional Ninoy Aquino,11115,12:20 ~ 13:04,13:04 ~ 13:53
Aeroporto de Copenhague,Aeroporto Internacional de Hong Kong,10012,11:07 ~ 11:46,11:46 ~ 12:30
Aeroporto de Copenhague,Aeroporto Internacional Indira Gandhi,7425,08:15 ~ 08:44,08:44 ~ 09:16
Aeroporto de Copenhague,Aeroporto Internacional Soekarno-Hatta (Jacarta),12375,13:45 ~ 14:33,14:33 ~ 15:28
Aeroporto de Copenhague,Aeroporto Internacional Ngurah Rai (Bali),13110,14:33 ~ 15:25,15:25 ~ 16:23
Aeroporto de Copenhague,Aeroporto Internacional de Narita (Tóquio),9560,10:37 ~ 11:14,11:14 ~ 11:56
Aeroporto de Copenhague,Aeroporto Internacional de Haneda (Tóquio),9569,10:37 ~ 11:15,11:15 ~ 11:57
Aeroporto de Copenhague,Aeroporto Internacional de Kansai (Osaka),9571,10:38 ~ 11:15,11:15 ~ 11:57
Aeroporto de Copenhague,Aeroporto Internacional de Wattay (Vientiane),9857,10:57 ~ 11:35,11:35 ~ 12:19
Aeroporto de Copenhague,Aeroporto Internacional de Kuala Lumpur (Sepang),11252,12:30 ~ 13:14,13:14 ~ 14:03
Aeroporto de Copenhague,Aeroporto Internacional de Penang (Penang),10929,12:08 ~ 12:51,12:51 ~ 13:39
Aeroporto de Copenhague,Aeroporto Internacional de Malé,9385,10:25 ~ 11:02,11:02 ~ 11:43
Aeroporto de Copenhague,Aeroporto Internacional de Changi,11515,12:47 ~ 13:32,13:32 ~ 14:23
Aeroporto de Copenhague,Aeroporto Internacional de Suvarnabhumi,10163,11:17 ~ 11:57,11:57 ~ 12:42
Aeroporto de Copenhague,Aeroporto Internacional Don Mueang,10134,11:15 ~ 11:55,11:55 ~ 12:40
Aeroporto de Copenhague,Aeroporto Internacional de Taiwan Taoyuan,10057,11:10 ~ 11:49,11:49 ~ 12:34
Aeroporto de Copenhague,Aeroporto Internacional de Tan Son Nhat,10763,11:57 ~ 12:39,12:39 ~ 13:27
Aeroporto de Copenhague,Aeroporto Internacional de Noi Bai,9719,10:47 ~ 11:26,11:26 ~ 12:08
Aeroporto de Copenhague,Aeroporto de Frankfurt,1552,01:43 ~ 01:49,01:49 ~ 01:56
Aeroporto de Copenhague,Aeroporto de Dublin,482,00:32 ~ 00:34,00:34 ~ 00:36
Aeroporto de Copenhague,Aeroporto de Varsóvia Chopin,2221,02:28 ~ 02:36,02:36 ~ 02:46
Aeroporto de Copenhague,Aeroporto de Oslo-Gardermoen,1488,01:39 ~ 01:45,01:45 ~ 01:51
Aeroporto de Copenhague,Aeroporto de Roma-Fiumicino,2368,02:37 ~ 02:47,02:47 ~ 02:57
Aeroporto de Copenhague,Aeroporto de Milão-Malpensa,1864,02:04 ~ 02:11,02:11 ~ 02:19
Aeroporto de Copenhague,Aeroporto de Praga,1900,02:06 ~ 02:14,02:14 ~ 02:22
Aeroporto de Copenhague,Aeroporto de Heathrow (Londres),929,01:01 ~ 01:05,01:05 ~ 01:09
Aeroporto de Copenhague,Aeroporto de Gatwick (Londres),965,01:04 ~ 01:08,01:08 ~ 01:12
Aeroporto de Copenhague,Aeroporto Internacional de Budapeste Ferenc Liszt,2368,02:37 ~ 02:47,02:47 ~ 02:57
Aeroporto de Copenhague,Aeroporto de Schiphol (Amsterdã),1197,01:19 ~ 01:24,01:24 ~ 01:29
Aeroporto de Copenhague,Aeroporto Internacional de Boryspil (Kiev),2933,03:15 ~ 03:27,03:27 ~ 03:39
Aeroporto de Copenhague,Aeroporto de Istambul,3412,03:47 ~ 04:00,04:00 ~ 04:15
Aeroporto de Copenhague,Aeroporto de Zurique,1718,01:54 ~ 02:01,02:01 ~ 02:08
Aeroporto de Copenhague,Aeroporto de Estocolmo-Arlanda,1863,02:04 ~ 02:11,02:11 ~ 02:19
Aeroporto de Copenhague,Aeroporto Nikola Tesla (Belgrado),2606,02:53 ~ 03:03,03:03 ~ 03:15
Aeroporto de Copenhague,Aeroporto Internacional Sheremetyevo (Moscou),3071,03:24 ~ 03:36,03:36 ~ 03:50
Aeroporto de Copenhague,Aeroporto de Pulkovo (São Petersburgo),2553,02:50 ~ 03:00,03:00 ~ 03:11
Aeroporto de Copenhague,Aeroporto Internacional Henri Coand? (Bucareste),2984,03:18 ~ 03:30,03:30 ~ 03:43
Aeroporto de Copenhague,Aeroporto Humberto Delgado (Lisboa),1891,02:06 ~ 02:13,02:13 ~ 02:21
Aeroporto de Copenhague,Aeroporto Francisco Sá Carneiro (Porto),1625,01:48 ~ 01:54,01:54 ~ 02:01
Aeroporto de Copenhague,Aeroporto Internacional de Malta,3009,03:20 ~ 03:32,03:32 ~ 03:45
Aeroporto de Copenhague,Aeroporto de Luxemburgo,1435,01:35 ~ 01:41,01:41 ~ 01:47
Aeroporto de Copenhague,Aeroporto Internacional de Vilnius,2393,02:39 ~ 02:48,02:48 ~ 02:59
Aeroporto de Copenhague,Aeroporto Internacional de Riga,2247,02:29 ~ 02:38,02:38 ~ 02:48
Aeroporto de Copenhague,Aeroporto Internacional Madre Teresa (Tirana),2827,03:08 ~ 03:19,03:19 ~ 03:32
Aeroporto de Copenhague,Aeroporto de Barcelona-El Prat (Espanha),1922,02:08 ~ 02:15,02:15 ~ 02:24
Aeroporto de Copenhague,Aeroporto de Toulouse-Blagnac (França),1666,01:51 ~ 01:57,01:57 ~ 02:04
Aeroporto de Copenhague,Aeroporto Internacional de Viena,2159,02:23 ~ 02:32,02:32 ~ 02:41
Aeroporto de Copenhague,Aeroporto de Bruxelas,1254,01:23 ~ 01:28,01:28 ~ 01:34
Aeroporto de Copenhague,Aeroporto de Sófia,2950,03:16 ~ 03:28,03:28 ~ 03:41
Aeroporto de Copenhague,Aeroporto de Bratislava,2195,02:26 ~ 02:34,02:34 ~ 02:44
Aeroporto de Copenhague,Aeroporto de Ljubljana Joe Pu?nik,2155,02:23 ~ 02:32,02:32 ~ 02:41
Aeroporto de Copenhague,Aeroporto Adolfo Suárez Madrid-Barajas,1811,02:00 ~ 02:07,02:07 ~ 02:15
Aeroporto de Copenhague,Aeroporto de Barcelona-El Prat,1921,02:08 ~ 02:15,02:15 ~ 02:24
Aeroporto de Copenhague,Aeroporto de Tallinn,2253,02:30 ~ 02:39,02:39 ~ 02:48
Aeroporto de Copenhague,Aeroporto de Vágar,782,00:52 ~ 00:55,00:55 ~ 00:58
Aeroporto de Copenhague,Aeroporto de Helsinque,2253,02:30 ~ 02:39,02:39 ~ 02:48
Aeroporto de Copenhague,Aeroporto Internacional de Brasília,8585,09:32 ~ 10:05,10:05 ~ 10:43
Aeroporto de Copenhague,Aeroporto Internacional de Várzea Grande,8897,09:53 ~ 10:28,10:28 ~ 11:07
Aeroporto de Copenhague,Aeroporto Internacional de Belém,7105,07:53 ~ 08:21,08:21 ~ 08:52
Aeroporto de Copenhague,Aeroporto Internacional de Tabatinga,8146,09:03 ~ 09:35,09:35 ~ 10:10
Aeroporto de Copenhague,Aeroporto Internacional de Manaus,7798,08:39 ~ 09:10,09:10 ~ 09:44
Aeroporto de Copenhague,Aeroporto Internacional de Macapá,7071,07:51 ~ 08:19,08:19 ~ 08:50
Aeroporto de Copenhague,Aeroporto Internacional de Fortaleza,6997,07:46 ~ 08:13,08:13 ~ 08:44
Aeroporto de Copenhague,Aeroporto Internacional de Maceió,7479,08:18 ~ 08:47,08:47 ~ 09:20
Aeroporto de Copenhague,Aeroporto Internacional de Aracaju,7719,08:34 ~ 09:04,09:04 ~ 09:38
Aeroporto de Copenhague,Aeroporto Internacional de Belo Horizonte,8823,09:48 ~ 10:22,10:22 ~ 11:01
Aeroporto de Copenhague,Aeroporto Santos Dumont,9169,10:11 ~ 10:47,10:47 ~ 11:27
Aeroporto de Copenhague,Aeroporto Internacional do Rio de Janeiro,9160,10:10 ~ 10:46,10:46 ~ 11:26
Aeroporto de Copenhague,Aeroporto Internacional de Vitória,8804,09:46 ~ 10:21,10:21 ~ 11:00
Aeroporto de Copenhague,Aeroporto Internacional de São José dos Campos,9283,10:18 ~ 10:55,10:55 ~ 11:36
Aeroporto de Copenhague,Aeroporto Internacional de Viracopos,9348,10:23 ~ 10:59,10:59 ~ 11:41
Aeroporto de Copenhague,Aeroporto Internacional de Curitiba,9607,10:40 ~ 11:18,11:18 ~ 12:00
Aeroporto de Copenhague,Aeroporto Internacional de Florianópolis,9839,10:55 ~ 11:34,11:34 ~ 12:17
Aeroporto de Copenhague,Aeroporto Internacional de Navegantes,9763,10:50 ~ 11:29,11:29 ~ 12:12
Aeroporto de Copenhague,Aeroporto Internacional de Porto Alegre,10168,11:17 ~ 11:57,11:57 ~ 12:42
Aeroporto de Copenhague,Aeroporto Internacional Hartsfield-Jackson Atlanta,5886,06:32 ~ 06:55,06:55 ~ 07:21
Aeroporto de Copenhague,Aeroporto de Teresina,7273,08:04 ~ 08:33,08:33 ~ 09:05
Aeroporto de Copenhague,Aeroporto Internacional de João Pessoa,7255,08:03 ~ 08:32,08:32 ~ 09:04
Aeroporto Internacional Hartsfield-Jackson Atlanta,Aeroporto Internacional de Guarulhos,7487,08:19 ~ 08:48,08:48 ~ 09:21
Aeroporto Internacional Hartsfield-Jackson Atlanta,Aeroporto Internacional do Recife,6975,07:45 ~ 08:12,08:12 ~ 08:43
Aeroporto Internacional Hartsfield-Jackson Atlanta,Aeroporto Internacional de Salvador,7099,07:53 ~ 08:21,08:21 ~ 08:52
Aeroporto Internacional Hartsfield-Jackson Atlanta,Aeroporto Internacional de Natal,6768,07:31 ~ 07:57,07:57 ~ 08:27
Aeroporto Internacional Hartsfield-Jackson Atlanta,Aeroporto Internacional de São Luís,5818,06:27 ~ 06:50,06:50 ~ 07:16
Aeroporto Internacional Hartsfield-Jackson Atlanta,Aeroporto Internacional Pinto Martins,6353,07:03 ~ 07:28,07:28 ~ 07:56
Aeroporto Internacional Hartsfield-Jackson Atlanta,Aeroporto Internacional de Nursultan Nazarbayev,10333,11:28 ~ 12:09,12:09 ~ 12:54
Aeroporto Internacional Hartsfield-Jackson Atlanta,Aeroporto Internacional de Xangai Pudong,12326,13:41 ~ 14:30,14:30 ~ 15:24
Aeroporto Internacional Hartsfield-Jackson Atlanta,Aeroporto Internacional de Pequim Capital,11563,12:50 ~ 13:36,13:36 ~ 14:27
Aeroporto Internacional Hartsfield-Jackson Atlanta,Aeroporto Internacional de Pyongyang Sunan,11364,12:37 ~ 13:22,13:22 ~ 14:12
Aeroporto Internacional Hartsfield-Jackson Atlanta,Aeroporto Internacional de Incheon,11511,12:47 ~ 13:32,13:32 ~ 14:23
Aeroporto Internacional Hartsfield-Jackson Atlanta,Aeroporto Internacional Ninoy Aquino,14037,15:35 ~ 16:30,16:30 ~ 17:32
Aeroporto Internacional Hartsfield-Jackson Atlanta,Aeroporto Internacional de Hong Kong,13517,15:01 ~ 15:54,15:54 ~ 16:53
Aeroporto Internacional Hartsfield-Jackson Atlanta,Aeroporto Internacional Indira Gandhi,12852,14:16 ~ 15:07,15:07 ~ 16:03
Aeroporto Internacional Hartsfield-Jackson Atlanta,Aeroporto Internacional Soekarno-Hatta (Jacarta),16753,18:36 ~ 19:42,19:42 ~ 20:56
Aeroporto Internacional Hartsfield-Jackson Atlanta,Aeroporto Internacional Ngurah Rai (Bali),16603,18:26 ~ 19:31,19:31 ~ 20:45
Aeroporto Internacional Hartsfield-Jackson Atlanta,Aeroporto Internacional de Narita (Tóquio),11025,12:15 ~ 12:58,12:58 ~ 13:46
Aeroporto Internacional Hartsfield-Jackson Atlanta,Aeroporto Internacional de Haneda (Tóquio),11076,12:18 ~ 13:01,13:01 ~ 13:50
Aeroporto Internacional Hartsfield-Jackson Atlanta,Aeroporto Internacional de Kansai (Osaka),11413,12:40 ~ 13:25,13:25 ~ 14:15
Aeroporto Internacional Hartsfield-Jackson Atlanta,Aeroporto Internacional de Wattay (Vientiane),14245,15:49 ~ 16:45,16:45 ~ 17:48
Aeroporto Internacional Hartsfield-Jackson Atlanta,Aeroporto Internacional de Kuala Lumpur (Sepang),15927,17:41 ~ 18:44,18:44 ~ 19:54
Aeroporto Internacional Hartsfield-Jackson Atlanta,Aeroporto Internacional de Penang (Penang),15667,17:24 ~ 18:25,18:25 ~ 19:35
Aeroporto Internacional Hartsfield-Jackson Atlanta,Aeroporto Internacional de Malé,15223,16:54 ~ 17:54,17:54 ~ 19:01
Aeroporto Internacional Hartsfield-Jackson Atlanta,Aeroporto Internacional de Changi,16032,17:48 ~ 18:51,18:51 ~ 20:02
Aeroporto Internacional Hartsfield-Jackson Atlanta,Aeroporto Internacional de Suvarnabhumi,14738,16:22 ~ 17:20,17:20 ~ 18:25
Aeroporto Internacional Hartsfield-Jackson Atlanta,Aeroporto Internacional Don Mueang,14715,16:21 ~ 17:18,17:18 ~ 18:23
Aeroporto Internacional Hartsfield-Jackson Atlanta,Aeroporto Internacional de Taiwan Taoyuan,12966,14:24 ~ 15:15,15:15 ~ 16:12
Aeroporto Internacional Hartsfield-Jackson Atlanta,Aeroporto Internacional de Tan Son Nhat,14947,16:36 ~ 17:35,17:35 ~ 18:41
Aeroporto Internacional Hartsfield-Jackson Atlanta,Aeroporto Internacional de Noi Bai,13837,15:22 ~ 16:16,16:16 ~ 17:17
Aeroporto Internacional Hartsfield-Jackson Atlanta,Aeroporto de Frankfurt,7426,08:15 ~ 08:44,08:44 ~ 09:16
Aeroporto Internacional Hartsfield-Jackson Atlanta,Aeroporto de Dublin,6338,07:02 ~ 07:27,07:27 ~ 07:55
Aeroporto Internacional Hartsfield-Jackson Atlanta,Aeroporto de Varsóvia Chopin,8072,08:58 ~ 09:29,09:29 ~ 10:05
Aeroporto Internacional Hartsfield-Jackson Atlanta,Aeroporto de Oslo-Gardermoen,7114,07:54 ~ 08:22,08:22 ~ 08:53
Aeroporto Internacional Hartsfield-Jackson Atlanta,Aeroporto de Roma-Fiumicino,8103,09:00 ~ 09:31,09:31 ~ 10:07
Aeroporto Internacional Hartsfield-Jackson Atlanta,Aeroporto de Milão-Malpensa,7651,08:30 ~ 09:00,09:00 ~ 09:33
Aeroporto Internacional Hartsfield-Jackson Atlanta,Aeroporto de Praga,7786,08:39 ~ 09:09,09:09 ~ 09:43
Aeroporto Internacional Hartsfield-Jackson Atlanta,Aeroporto de Heathrow (Londres),6775,07:31 ~ 07:58,07:58 ~ 08:28
Aeroporto Internacional Hartsfield-Jackson Atlanta,Aeroporto de Gatwick (Londres),6805,07:33 ~ 08:00,08:00 ~ 08:30
Aeroporto Internacional Hartsfield-Jackson Atlanta,Aeroporto Internacional de Budapeste Ferenc Liszt,8252,09:10 ~ 09:42,09:42 ~ 10:18
Aeroporto Internacional Hartsfield-Jackson Atlanta,Aeroporto de Schiphol (Amsterdã),7081,07:52 ~ 08:19,08:19 ~ 08:51
Aeroporto Internacional Hartsfield-Jackson Atlanta,Aeroporto Internacional de Boryspil (Kiev),8750,09:43 ~ 10:17,10:17 ~ 10:56
Aeroporto Internacional Hartsfield-Jackson Atlanta,Aeroporto de Istambul,9292,10:19 ~ 10:55,10:55 ~ 11:36
Aeroporto Internacional Hartsfield-Jackson Atlanta,Aeroporto de Zurique,7549,08:23 ~ 08:52,08:52 ~ 09:26
Aeroporto Internacional Hartsfield-Jackson Atlanta,Aeroporto de Estocolmo-Arlanda,7485,08:18 ~ 08:48,08:48 ~ 09:21
Aeroporto Internacional Hartsfield-Jackson Atlanta,Aeroporto Nikola Tesla (Belgrado),8479,09:25 ~ 09:58,09:58 ~ 10:35
Aeroporto Internacional Hartsfield-Jackson Atlanta,Aeroporto Internacional Sheremetyevo (Moscou),8658,09:37 ~ 10:11,10:11 ~ 10:49
Aeroporto Internacional Hartsfield-Jackson Atlanta,Aeroporto de Pulkovo (São Petersburgo),8059,08:57 ~ 09:28,09:28 ~ 10:04
Aeroporto Internacional Hartsfield-Jackson Atlanta,Aeroporto Internacional Henri Coand? (Bucareste),8870,09:51 ~ 10:26,10:26 ~ 11:05
Aeroporto Internacional Hartsfield-Jackson Atlanta,Aeroporto Humberto Delgado (Lisboa),6599,07:19 ~ 07:45,07:45 ~ 08:14
Aeroporto Internacional Hartsfield-Jackson Atlanta,Aeroporto Francisco Sá Carneiro (Porto),6544,07:16 ~ 07:41,07:41 ~ 08:10
Aeroporto Internacional Hartsfield-Jackson Atlanta,Aeroporto Internacional de Malta,8612,09:34 ~ 10:07,10:07 ~ 10:45
Aeroporto Internacional Hartsfield-Jackson Atlanta,Aeroporto de Luxemburgo,7290,08:05 ~ 08:34,08:34 ~ 09:06
Aeroporto Internacional Hartsfield-Jackson Atlanta,Aeroporto Internacional de Vilnius,8157,09:03 ~ 09:35,09:35 ~ 10:11
Aeroporto Internacional Hartsfield-Jackson Atlanta,Aeroporto Internacional de Riga,7945,08:49 ~ 09:20,09:20 ~ 09:55
Aeroporto Internacional Hartsfield-Jackson Atlanta,Aeroporto Internacional Madre Teresa (Tirana),8654,09:36 ~ 10:10,10:10 ~ 10:49
Aeroporto Internacional Hartsfield-Jackson Atlanta,Aeroporto de Barcelona-El Prat (Espanha),7376,08:11 ~ 08:40,08:40 ~ 09:13
Aeroporto Internacional Hartsfield-Jackson Atlanta,Aeroporto de Toulouse-Blagnac (França),7216,08:01 ~ 08:29,08:29 ~ 09:01
Aeroporto Internacional Hartsfield-Jackson Atlanta,Aeroporto Internacional de Viena,8042,08:56 ~ 09:27,09:27 ~ 10:03
Aeroporto Internacional Hartsfield-Jackson Atlanta,Aeroporto de Bruxelas,7122,07:54 ~ 08:22,08:22 ~ 08:54
Aeroporto Internacional Hartsfield-Jackson Atlanta,Aeroporto de Sófia,8820,09:48 ~ 10:22,10:22 ~ 11:01
Aeroporto Internacional Hartsfield-Jackson Atlanta,Aeroporto de Bratislava,8079,08:58 ~ 09:30,09:30 ~ 10:05
Aeroporto Internacional Hartsfield-Jackson Atlanta,Aeroporto de Ljubljana Joe Pu?nik,8011,08:54 ~ 09:25,09:25 ~ 10:00
Aeroporto Internacional Hartsfield-Jackson Atlanta,Aeroporto Adolfo Suárez Madrid-Barajas,6977,07:45 ~ 08:12,08:12 ~ 08:43
Aeroporto Internacional Hartsfield-Jackson Atlanta,Aeroporto de Barcelona-El Prat,7376,08:11 ~ 08:40,08:40 ~ 09:13
Aeroporto Internacional Hartsfield-Jackson Atlanta,Aeroporto de Tallinn,7834,08:42 ~ 09:12,09:12 ~ 09:47
Aeroporto Internacional Hartsfield-Jackson Atlanta,Aeroporto de Vágar,6108,06:47 ~ 07:11,07:11 ~ 07:38
Aeroporto Internacional Hartsfield-Jackson Atlanta,Aeroporto de Helsinque,7784,08:38 ~ 09:09,09:09 ~ 09:43
Aeroporto Internacional Hartsfield-Jackson Atlanta,Aeroporto Internacional de Brasília,6709,07:27 ~ 07:53,07:53 ~ 08:23
Aeroporto Internacional Hartsfield-Jackson Atlanta,Aeroporto Internacional de Várzea Grande,6211,06:54 ~ 07:18,07:18 ~ 07:45
Aeroporto Internacional Hartsfield-Jackson Atlanta,Aeroporto Internacional de Belém,5402,06:00 ~ 06:21,06:21 ~ 06:45
Aeroporto Internacional Hartsfield-Jackson Atlanta,Aeroporto Internacional de Tabatinga,4517,05:01 ~ 05:18,05:18 ~ 05:38
Aeroporto Internacional Hartsfield-Jackson Atlanta,Aeroporto Internacional de Manaus,4800,05:19 ~ 05:38,05:38 ~ 06:00
Aeroporto Internacional Hartsfield-Jackson Atlanta,Aeroporto Internacional de Macapá,5096,05:39 ~ 05:59,05:59 ~ 06:22
Aeroporto Internacional Hartsfield-Jackson Atlanta,Aeroporto Internacional de Fortaleza,6353,07:03 ~ 07:28,07:28 ~ 07:56
Aeroporto Internacional Hartsfield-Jackson Atlanta,Aeroporto Internacional de Maceió,6983,07:45 ~ 08:12,08:12 ~ 08:43
Aeroporto Internacional Hartsfield-Jackson Atlanta,Aeroporto Internacional de Aracaju,7032,07:48 ~ 08:16,08:16 ~ 08:47
Aeroporto Internacional Hartsfield-Jackson Atlanta,Aeroporto Internacional de Belo Horizonte,7337,08:09 ~ 08:37,08:37 ~ 09:10
Aeroporto Internacional Hartsfield-Jackson Atlanta,Aeroporto Santos Dumont,7635,08:28 ~ 08:58,08:58 ~ 09:32
Aeroporto Internacional Hartsfield-Jackson Atlanta,Aeroporto Internacional do Rio de Janeiro,7621,08:28 ~ 08:57,08:57 ~ 09:31
Aeroporto Internacional Hartsfield-Jackson Atlanta,Aeroporto Internacional de Vitória,7583,08:25 ~ 08:55,08:55 ~ 09:28
Aeroporto Internacional Hartsfield-Jackson Atlanta,Aeroporto Internacional de São José dos Campos,7498,08:19 ~ 08:49,08:49 ~ 09:22
Aeroporto Internacional Hartsfield-Jackson Atlanta,Aeroporto Internacional de Viracopos,7385,08:12 ~ 08:41,08:41 ~ 09:13
Aeroporto Internacional Hartsfield-Jackson Atlanta,Aeroporto Internacional de Curitiba,7510,08:20 ~ 08:50,08:50 ~ 09:23
Aeroporto Internacional Hartsfield-Jackson Atlanta,Aeroporto Internacional de Florianópolis,7771,08:38 ~ 09:08,09:08 ~ 09:42
Aeroporto Internacional Hartsfield-Jackson Atlanta,Aeroporto Internacional de Navegantes,7693,08:32 ~ 09:03,09:03 ~ 09:36
Aeroporto Internacional Hartsfield-Jackson Atlanta,Aeroporto Internacional de Porto Alegre,7864,08:44 ~ 09:15,09:15 ~ 09:49
Aeroporto Internacional Hartsfield-Jackson Atlanta,Aeroporto de Copenhague,5886,06:32 ~ 06:55,06:55 ~ 07:21
Aeroporto Internacional Hartsfield-Jackson Atlanta,Aeroporto de Teresina,6124,06:48 ~ 07:12,07:12 ~ 07:39
Aeroporto Internacional Hartsfield-Jackson Atlanta,Aeroporto Internacional de João Pessoa,6897,07:39 ~ 08:06,08:06 ~ 08:37
Aeroporto de Teresina,Aeroporto Internacional de Guarulhos,2070,02:17 ~ 02:26,02:26 ~ 02:35
Aeroporto de Teresina,Aeroporto Internacional do Recife,937,01:02 ~ 01:06,01:06 ~ 01:10
Aeroporto de Teresina,Aeroporto Internacional de Salvador,999,01:06 ~ 01:10,01:10 ~ 01:14
Aeroporto de Teresina,Aeroporto Internacional de Natal,843,00:56 ~ 00:59,00:59 ~ 01:03
Aeroporto de Teresina,Aeroporto Internacional de São Luís,314,00:20 ~ 00:22,00:22 ~ 00:23
Aeroporto de Teresina,Aeroporto Internacional Pinto Martins,498,00:33 ~ 00:35,00:35 ~ 00:37
Aeroporto de Teresina,Aeroporto Internacional de Nursultan Nazarbayev,12128,13:28 ~ 14:16,14:16 ~ 15:09
Aeroporto de Teresina,Aeroporto Internacional de Xangai Pudong,16706,18:33 ~ 19:39,19:39 ~ 20:52
Aeroporto de Teresina,Aeroporto Internacional de Pequim Capital,15617,17:21 ~ 18:22,18:22 ~ 19:31
Aeroporto de Teresina,Aeroporto Internacional de Pyongyang Sunan,16048,17:49 ~ 18:52,18:52 ~ 20:03
Aeroporto de Teresina,Aeroporto Internacional de Incheon,16256,18:03 ~ 19:07,19:07 ~ 20:19
Aeroporto de Teresina,Aeroporto Internacional Ninoy Aquino,17972,19:58 ~ 21:08,21:08 ~ 22:27
Aeroporto de Teresina,Aeroporto Internacional de Hong Kong,16875,18:45 ~ 19:51,19:51 ~ 21:05
Aeroporto de Teresina,Aeroporto Internacional Indira Gandhi,13198,14:39 ~ 15:31,15:31 ~ 16:29
Aeroporto de Teresina,Aeroporto Internacional Soekarno-Hatta (Jacarta),16423,18:14 ~ 19:19,19:19 ~ 20:31
Aeroporto de Teresina,Aeroporto Internacional Ngurah Rai (Bali),17147,19:03 ~ 20:10,20:10 ~ 21:26
Aeroporto de Teresina,Aeroporto Internacional de Narita (Tóquio),16588,18:25 ~ 19:30,19:30 ~ 20:44
Aeroporto de Teresina,Aeroporto Internacional de Haneda (Tóquio),16617,18:27 ~ 19:32,19:32 ~ 20:46
Aeroporto de Teresina,Aeroporto Internacional de Kansai (Osaka),16745,18:36 ~ 19:41,19:41 ~ 20:55
Aeroporto de Teresina,Aeroporto Internacional de Wattay (Vientiane),16005,17:47 ~ 18:49,18:49 ~ 20:00
Aeroporto de Teresina,Aeroporto Internacional de Kuala Lumpur (Sepang),16090,17:52 ~ 18:55,18:55 ~ 20:06
Aeroporto de Teresina,Aeroporto Internacional de Penang (Penang),15947,17:43 ~ 18:45,18:45 ~ 19:56
Aeroporto de Teresina,Aeroporto Internacional de Malé,12977,14:25 ~ 15:16,15:16 ~ 16:13
Aeroporto de Teresina,Aeroporto Internacional de Changi,16327,18:08 ~ 19:12,19:12 ~ 20:24
Aeroporto de Teresina,Aeroporto Internacional de Suvarnabhumi,15927,17:41 ~ 18:44,18:44 ~ 19:54
Aeroporto de Teresina,Aeroporto Internacional Don Mueang,15907,17:40 ~ 18:42,18:42 ~ 19:53
Aeroporto de Teresina,Aeroporto Internacional de Taiwan Taoyuan,17221,19:08 ~ 20:15,20:15 ~ 21:31
Aeroporto de Teresina,Aeroporto Internacional de Tan Son Nhat,16613,18:27 ~ 19:32,19:32 ~ 20:45
Aeroporto de Teresina,Aeroporto Internacional de Noi Bai,16200,18:00 ~ 19:03,19:03 ~ 20:15
Aeroporto de Teresina,Aeroporto de Frankfurt,7842,08:42 ~ 09:13,09:13 ~ 09:48
Aeroporto de Teresina,Aeroporto de Dublin,7329,08:08 ~ 08:37,08:37 ~ 09:09
Aeroporto de Teresina,Aeroporto de Varsóvia Chopin,8715,09:41 ~ 10:15,10:15 ~ 10:53
Aeroporto de Teresina,Aeroporto de Oslo-Gardermoen,8615,09:34 ~ 10:08,10:08 ~ 10:46
Aeroporto de Teresina,Aeroporto de Roma-Fiumicino,7609,08:27 ~ 08:57,08:57 ~ 09:30
Aeroporto de Teresina,Aeroporto de Milão-Malpensa,7581,08:25 ~ 08:55,08:55 ~ 09:28
Aeroporto de Teresina,Aeroporto de Praga,8192,09:06 ~ 09:38,09:38 ~ 10:14
Aeroporto de Teresina,Aeroporto de Heathrow (Londres),7444,08:16 ~ 08:45,08:45 ~ 09:18
Aeroporto de Teresina,Aeroporto de Gatwick (Londres),7433,08:15 ~ 08:44,08:44 ~ 09:17
Aeroporto de Teresina,Aeroporto Internacional de Budapeste Ferenc Liszt,8386,09:19 ~ 09:51,09:51 ~ 10:28
Aeroporto de Teresina,Aeroporto de Schiphol (Amsterdã),7777,08:38 ~ 09:08,09:08 ~ 09:43
Aeroporto de Teresina,Aeroporto Internacional de Boryspil (Kiev),9298,10:19 ~ 10:56,10:56 ~ 11:37
Aeroporto de Teresina,Aeroporto de Istambul,8857,09:50 ~ 10:25,10:25 ~ 11:04
Aeroporto de Teresina,Aeroporto de Zurique,7681,08:32 ~ 09:02,09:02 ~ 09:36
Aeroporto de Teresina,Aeroporto de Estocolmo-Arlanda,8909,09:53 ~ 10:28,10:28 ~ 11:08
Aeroporto de Teresina,Aeroporto Nikola Tesla (Belgrado),8342,09:16 ~ 09:48,09:48 ~ 10:25
Aeroporto de Teresina,Aeroporto Internacional Sheremetyevo (Moscou),9865,10:57 ~ 11:36,11:36 ~ 12:19
Aeroporto de Teresina,Aeroporto de Pulkovo (São Petersburgo),9556,10:37 ~ 11:14,11:14 ~ 11:56
Aeroporto de Teresina,Aeroporto Internacional Henri Coand? (Bucareste),8764,09:44 ~ 10:18,10:18 ~ 10:57
Aeroporto de Teresina,Aeroporto Humberto Delgado (Lisboa),5965,06:37 ~ 07:01,07:01 ~ 07:27
Aeroporto de Teresina,Aeroporto Francisco Sá Carneiro (Porto),6192,06:52 ~ 07:17,07:17 ~ 07:44
Aeroporto de Teresina,Aeroporto Internacional de Malta,7488,08:19 ~ 08:48,08:48 ~ 09:21
Aeroporto de Teresina,Aeroporto de Luxemburgo,7677,08:31 ~ 09:01,09:01 ~ 09:35
Aeroporto de Teresina,Aeroporto Internacional de Vilnius,9085,10:05 ~ 10:41,10:41 ~ 11:21
Aeroporto de Teresina,Aeroporto Internacional de Riga,9102,10:06 ~ 10:42,10:42 ~ 11:22
Aeroporto de Teresina,Aeroporto Internacional Madre Teresa (Tirana),8154,09:03 ~ 09:35,09:35 ~ 10:11
Aeroporto de Teresina,Aeroporto de Barcelona-El Prat (Espanha),6865,07:37 ~ 08:04,08:04 ~ 08:34
Aeroporto de Teresina,Aeroporto de Toulouse-Blagnac (França),6979,07:45 ~ 08:12,08:12 ~ 08:43
Aeroporto de Teresina,Aeroporto Internacional de Viena,8237,09:09 ~ 09:41,09:41 ~ 10:17
Aeroporto de Teresina,Aeroporto de Bruxelas,7665,08:31 ~ 09:01,09:01 ~ 09:34
Aeroporto de Teresina,Aeroporto de Sófia,8489,09:25 ~ 09:59,09:59 ~ 10:36
Aeroporto de Teresina,Aeroporto de Bratislava,8283,09:12 ~ 09:44,09:44 ~ 10:21
Aeroporto de Teresina,Aeroporto de Ljubljana Joe Pu?nik,7998,08:53 ~ 09:24,09:24 ~ 09:59
Aeroporto de Teresina,Aeroporto Adolfo Suárez Madrid-Barajas,6441,07:09 ~ 07:34,07:34 ~ 08:03
Aeroporto de Teresina,Aeroporto de Barcelona-El Prat,6865,07:37 ~ 08:04,08:04 ~ 08:34
Aeroporto de Teresina,Aeroporto de Tallinn,9251,10:16 ~ 10:53,10:53 ~ 11:33
Aeroporto de Teresina,Aeroporto de Vágar,8038,08:55 ~ 09:27,09:27 ~ 10:02
Aeroporto de Teresina,Aeroporto de Helsinque,9297,10:19 ~ 10:56,10:56 ~ 11:37
Aeroporto de Teresina,Aeroporto Internacional de Brasília,1320,01:27 ~ 01:33,01:33 ~ 01:38
Aeroporto de Teresina,Aeroporto Internacional de Várzea Grande,1893,02:06 ~ 02:13,02:13 ~ 02:21
Aeroporto de Teresina,Aeroporto Internacional de Belém,749,00:49 ~ 00:52,00:52 ~ 00:56
Aeroporto de Teresina,Aeroporto Internacional de Tabatinga,2609,02:53 ~ 03:04,03:04 ~ 03:15
Aeroporto de Teresina,Aeroporto Internacional de Manaus,1925,02:08 ~ 02:15,02:15 ~ 02:24
Aeroporto de Teresina,Aeroporto Internacional de Macapá,1076,01:11 ~ 01:15,01:15 ~ 01:20
Aeroporto de Teresina,Aeroporto Internacional de Fortaleza,497,00:33 ~ 00:35,00:35 ~ 00:37
Aeroporto de Teresina,Aeroporto Internacional de Maceió,898,00:59 ~ 01:03,01:03 ~ 01:07
Aeroporto de Teresina,Aeroporto Internacional de Aracaju,909,01:00 ~ 01:04,01:04 ~ 01:08
Aeroporto de Teresina,Aeroporto Internacional de Belo Horizonte,1612,01:47 ~ 01:53,01:53 ~ 02:00
Aeroporto de Teresina,Aeroporto Santos Dumont,1976,02:11 ~ 02:19,02:19 ~ 02:28
Aeroporto de Teresina,Aeroporto Internacional do Rio de Janeiro,1964,02:10 ~ 02:18,02:18 ~ 02:27
Aeroporto de Teresina,Aeroporto Internacional de Vitória,1704,01:53 ~ 02:00,02:00 ~ 02:07
Aeroporto de Teresina,Aeroporto Internacional de São José dos Campos,2033,02:15 ~ 02:23,02:23 ~ 02:32
Aeroporto de Teresina,Aeroporto Internacional de Viracopos,2078,02:18 ~ 02:26,02:26 ~ 02:35
Aeroporto de Teresina,Aeroporto Internacional de Curitiba,2335,02:35 ~ 02:44,02:44 ~ 02:55
Aeroporto de Teresina,Aeroporto Internacional de Florianópolis,2575,02:51 ~ 03:01,03:01 ~ 03:13
Aeroporto de Teresina,Aeroporto Internacional de Navegantes,2497,02:46 ~ 02:56,02:56 ~ 03:07
Aeroporto de Teresina,Aeroporto Internacional de Porto Alegre,2896,03:13 ~ 03:24,03:24 ~ 03:37
Aeroporto de Teresina,Aeroporto de Copenhague,7273,08:04 ~ 08:33,08:33 ~ 09:05
Aeroporto de Teresina,Aeroporto Internacional Hartsfield-Jackson Atlanta,6124,06:48 ~ 07:12,07:12 ~ 07:39
Aeroporto de Teresina,Aeroporto Internacional de João Pessoa,902,01:00 ~ 01:03,01:03 ~ 01:07
Aeroporto Internacional de João Pessoa,Aeroporto Internacional de Guarulhos,2183,02:25 ~ 02:34,02:34 ~ 02:43
Aeroporto Internacional de João Pessoa,Aeroporto Internacional do Recife,108,00:07 ~ 00:07,00:07 ~ 00:08
Aeroporto Internacional de João Pessoa,Aeroporto Internacional de Salvador,737,00:49 ~ 00:52,00:52 ~ 00:55
Aeroporto Internacional de João Pessoa,Aeroporto Internacional de Natal,155,00:10 ~ 00:10,00:10 ~ 00:11
Aeroporto Internacional de João Pessoa,Aeroporto Internacional de São Luís,1145,01:16 ~ 01:20,01:20 ~ 01:25
Aeroporto Internacional de João Pessoa,Aeroporto Internacional Pinto Martins,544,00:36 ~ 00:38,00:38 ~ 00:40
Aeroporto Internacional de João Pessoa,Aeroporto Internacional de Nursultan Nazarbayev,11770,13:04 ~ 13:50,13:50 ~ 14:42
Aeroporto Internacional de João Pessoa,Aeroporto Internacional de Xangai Pudong,16424,18:14 ~ 19:19,19:19 ~ 20:31
Aeroporto Internacional de João Pessoa,Aeroporto Internacional de Pequim Capital,15395,17:06 ~ 18:06,18:06 ~ 19:14
Aeroporto Internacional de João Pessoa,Aeroporto Internacional de Pyongyang Sunan,15961,17:44 ~ 18:46,18:46 ~ 19:57
Aeroporto Internacional de João Pessoa,Aeroporto Internacional de Incheon,16162,17:57 ~ 19:00,19:00 ~ 20:12
Aeroporto Internacional de João Pessoa,Aeroporto Internacional Ninoy Aquino,17285,19:12 ~ 20:20,20:20 ~ 21:36
Aeroporto Internacional de João Pessoa,Aeroporto Internacional de Hong Kong,16293,18:06 ~ 19:10,19:10 ~ 20:21
Aeroporto Internacional de João Pessoa,Aeroporto Internacional Indira Gandhi,12546,13:56 ~ 14:45,14:45 ~ 15:40
Aeroporto Internacional de João Pessoa,Aeroporto Internacional Soekarno-Hatta (Jacarta),15524,17:14 ~ 18:15,18:15 ~ 19:24
Aeroporto Internacional de João Pessoa,Aeroporto Internacional Ngurah Rai (Bali),16277,18:05 ~ 19:08,19:08 ~ 20:20
Aeroporto Internacional de João Pessoa,Aeroporto Internacional de Narita (Tóquio),16800,18:40 ~ 19:45,19:45 ~ 21:00
Aeroporto Internacional de João Pessoa,Aeroporto Internacional de Haneda (Tóquio),16813,18:40 ~ 19:46,19:46 ~ 21:00
Aeroporto Internacional de João Pessoa,Aeroporto Internacional de Kansai (Osaka),16821,18:41 ~ 19:47,19:47 ~ 21:01
Aeroporto Internacional de João Pessoa,Aeroporto Internacional de Wattay (Vientiane),15276,16:58 ~ 17:58,17:58 ~ 19:05
Aeroporto Internacional de João Pessoa,Aeroporto Internacional de Kuala Lumpur (Sepang),15207,16:53 ~ 17:53,17:53 ~ 19:00
Aeroporto Internacional de João Pessoa,Aeroporto Internacional de Penang (Penang),15080,16:45 ~ 17:44,17:44 ~ 18:51
Aeroporto Internacional de João Pessoa,Aeroporto Internacional de Malé,12114,13:27 ~ 14:15,14:15 ~ 15:08
Aeroporto Internacional de João Pessoa,Aeroporto Internacional de Changi,15436,17:09 ~ 18:09,18:09 ~ 19:17
Aeroporto Internacional de João Pessoa,Aeroporto Internacional de Suvarnabhumi,15138,16:49 ~ 17:48,17:48 ~ 18:55
Aeroporto Internacional de João Pessoa,Aeroporto Internacional Don Mueang,15121,16:48 ~ 17:47,17:47 ~ 18:54
Aeroporto Internacional de João Pessoa,Aeroporto Internacional de Taiwan Taoyuan,16804,18:40 ~ 19:46,19:46 ~ 21:00
Aeroporto Internacional de João Pessoa,Aeroporto Internacional de Tan Son Nhat,15797,17:33 ~ 18:35,18:35 ~ 19:44
Aeroporto Internacional de João Pessoa,Aeroporto Internacional de Noi Bai,15535,17:15 ~ 18:16,18:16 ~ 19:25
Aeroporto Internacional de João Pessoa,Aeroporto de Frankfurt,7599,08:26 ~ 08:56,08:56 ~ 09:29
Aeroporto Internacional de João Pessoa,Aeroporto de Dublin,7236,08:02 ~ 08:30,08:30 ~ 09:02
Aeroporto Internacional de João Pessoa,Aeroporto de Varsóvia Chopin,8433,09:22 ~ 09:55,09:55 ~ 10:32
Aeroporto Internacional de João Pessoa,Aeroporto de Oslo-Gardermoen,8486,09:25 ~ 09:59,09:59 ~ 10:36
Aeroporto Internacional de João Pessoa,Aeroporto de Roma-Fiumicino,7236,08:02 ~ 08:30,08:30 ~ 09:02
Aeroporto Internacional de João Pessoa,Aeroporto de Milão-Malpensa,7281,08:05 ~ 08:33,08:33 ~ 09:06
Aeroporto Internacional de João Pessoa,Aeroporto de Praga,7916,08:47 ~ 09:18,09:18 ~ 09:53
Aeroporto Internacional de João Pessoa,Aeroporto de Heathrow (Londres),7284,08:05 ~ 08:34,08:34 ~ 09:06
Aeroporto Internacional de João Pessoa,Aeroporto de Gatwick (Londres),7267,08:04 ~ 08:32,08:32 ~ 09:05
Aeroporto Internacional de João Pessoa,Aeroporto Internacional de Budapeste Ferenc Liszt,8049,08:56 ~ 09:28,09:28 ~ 10:03
Aeroporto Internacional de João Pessoa,Aeroporto de Schiphol (Amsterdã),7588,08:25 ~ 08:55,08:55 ~ 09:29
Aeroporto Internacional de João Pessoa,Aeroporto Internacional de Boryspil (Kiev),8953,09:56 ~ 10:31,10:31 ~ 11:11
Aeroporto Internacional de João Pessoa,Aeroporto de Istambul,8394,09:19 ~ 09:52,09:52 ~ 10:29
Aeroporto Internacional de João Pessoa,Aeroporto de Zurique,7406,08:13 ~ 08:42,08:42 ~ 09:15
Aeroporto Internacional de João Pessoa,Aeroporto de Estocolmo-Arlanda,8741,09:42 ~ 10:17,10:17 ~ 10:55
Aeroporto Internacional de João Pessoa,Aeroporto Nikola Tesla (Belgrado),7965,08:50 ~ 09:22,09:22 ~ 09:57
Aeroporto Internacional de João Pessoa,Aeroporto Internacional Sheremetyevo (Moscou),9584,10:38 ~ 11:16,11:16 ~ 11:58
Aeroporto Internacional de João Pessoa,Aeroporto de Pulkovo (São Petersburgo),9347,10:23 ~ 10:59,10:59 ~ 11:41
Aeroporto Internacional de João Pessoa,Aeroporto Internacional Henri Coand? (Bucareste),8358,09:17 ~ 09:49,09:49 ~ 10:26
Aeroporto Internacional de João Pessoa,Aeroporto Humberto Delgado (Lisboa),5741,06:22 ~ 06:45,06:45 ~ 07:10
Aeroporto Internacional de João Pessoa,Aeroporto Francisco Sá Carneiro (Porto),5992,06:39 ~ 07:02,07:02 ~ 07:29
Aeroporto Internacional de João Pessoa,Aeroporto Internacional de Malta,7024,07:48 ~ 08:15,08:15 ~ 08:46
Aeroporto Internacional de João Pessoa,Aeroporto de Luxemburgo,7445,08:16 ~ 08:45,08:45 ~ 09:18
Aeroporto Internacional de João Pessoa,Aeroporto Internacional de Vilnius,8820,09:48 ~ 10:22,10:22 ~ 11:01
Aeroporto Internacional de João Pessoa,Aeroporto Internacional de Riga,8873,09:51 ~ 10:26,10:26 ~ 11:05
Aeroporto Internacional de João Pessoa,Aeroporto Internacional Madre Teresa (Tirana),7734,08:35 ~ 09:05,09:05 ~ 09:40
Aeroporto Internacional de João Pessoa,Aeroporto de Barcelona-El Prat (Espanha),6560,07:17 ~ 07:43,07:43 ~ 08:11
Aeroporto Internacional de João Pessoa,Aeroporto de Toulouse-Blagnac (França),6710,07:27 ~ 07:53,07:53 ~ 08:23
Aeroporto Internacional de João Pessoa,Aeroporto Internacional de Viena,7922,08:48 ~ 09:19,09:19 ~ 09:54
Aeroporto Internacional de João Pessoa,Aeroporto de Bruxelas,7461,08:17 ~ 08:46,08:46 ~ 09:19
Aeroporto Internacional de João Pessoa,Aeroporto de Sófia,8069,08:57 ~ 09:29,09:29 ~ 10:05
Aeroporto Internacional de João Pessoa,Aeroporto de Bratislava,7966,08:51 ~ 09:22,09:22 ~ 09:57
Aeroporto Internacional de João Pessoa,Aeroporto de Ljubljana Joe Pu?nik,7670,08:31 ~ 09:01,09:01 ~ 09:35
Aeroporto Internacional de João Pessoa,Aeroporto Adolfo Suárez Madrid-Barajas,6177,06:51 ~ 07:16,07:16 ~ 07:43
Aeroporto Internacional de João Pessoa,Aeroporto de Barcelona-El Prat,6560,07:17 ~ 07:43,07:43 ~ 08:11
Aeroporto Internacional de João Pessoa,Aeroporto de Tallinn,9054,10:03 ~ 10:39,10:39 ~ 11:19
Aeroporto Internacional de João Pessoa,Aeroporto de Vágar,8036,08:55 ~ 09:27,09:27 ~ 10:02
Aeroporto Internacional de João Pessoa,Aeroporto de Helsinque,9112,10:07 ~ 10:43,10:43 ~ 11:23
Aeroporto Internacional de João Pessoa,Aeroporto Internacional de Brasília,1712,01:54 ~ 02:00,02:00 ~ 02:08
Aeroporto Internacional de João Pessoa,Aeroporto Internacional de Várzea Grande,2523,02:48 ~ 02:58,02:58 ~ 03:09
Aeroporto Internacional de João Pessoa,Aeroporto Internacional de Belém,1631,01:48 ~ 01:55,01:55 ~ 02:02
Aeroporto Internacional de João Pessoa,Aeroporto Internacional de Tabatinga,3495,03:53 ~ 04:06,04:06 ~ 04:22
Aeroporto Internacional de João Pessoa,Aeroporto Internacional de Manaus,2819,03:07 ~ 03:18,03:18 ~ 03:31
Aeroporto Internacional de João Pessoa,Aeroporto Internacional de Macapá,1958,02:10 ~ 02:18,02:18 ~ 02:26
Aeroporto Internacional de João Pessoa,Aeroporto Internacional de Fortaleza,545,00:36 ~ 00:38,00:38 ~ 00:40
Aeroporto Internacional de João Pessoa,Aeroporto Internacional de Maceió,227,00:15 ~ 00:16,00:16 ~ 00:17
Aeroporto Internacional de João Pessoa,Aeroporto Internacional de Aracaju,480,00:32 ~ 00:33,00:33 ~ 00:36
Aeroporto Internacional de João Pessoa,Aeroporto Internacional de Belo Horizonte,1646,01:49 ~ 01:56,01:56 ~ 02:03
Aeroporto Internacional de João Pessoa,Aeroporto Santos Dumont,1954,02:10 ~ 02:17,02:17 ~ 02:26
Aeroporto Internacional de João Pessoa,Aeroporto Internacional do Rio de Janeiro,1947,02:09 ~ 02:17,02:17 ~ 02:26
Aeroporto Internacional de João Pessoa,Aeroporto Internacional de Vitória,1561,01:44 ~ 01:50,01:50 ~ 01:57
Aeroporto Internacional de João Pessoa,Aeroporto Internacional de São José dos Campos,2127,02:21 ~ 02:30,02:30 ~ 02:39
Aeroporto Internacional de João Pessoa,Aeroporto Internacional de Viracopos,2251,02:30 ~ 02:38,02:38 ~ 02:48
Aeroporto Internacional de João Pessoa,Aeroporto Internacional de Curitiba,2511,02:47 ~ 02:57,02:57 ~ 03:08
Aeroporto Internacional de João Pessoa,Aeroporto Internacional de Florianópolis,2687,02:59 ~ 03:09,03:09 ~ 03:21
Aeroporto Internacional de João Pessoa,Aeroporto Internacional de Navegantes,2625,02:54 ~ 03:05,03:05 ~ 03:16
Aeroporto Internacional de João Pessoa,Aeroporto Internacional de Porto Alegre,3045,03:23 ~ 03:34,03:34 ~ 03:48
Aeroporto Internacional de João Pessoa,Aeroporto de Copenhague,7255,08:03 ~ 08:32,08:32 ~ 09:04
Aeroporto Internacional de João Pessoa,Aeroporto Internacional Hartsfield-Jackson Atlanta,6897,07:39 ~ 08:06,08:06 ~ 08:37
Aeroporto Internacional de João Pessoa,Aeroporto de Teresina,902,01:00 ~ 01:03,01:03 ~ 01:07
